-- --------------------------------------------------------
-- 主机:                           10.2.20.10
-- 服务器版本:                        5.1.73 - Source distribution
-- 服务器操作系统:                      redhat-linux-gnu
-- HeidiSQL 版本:                  8.3.0.4795
-- --------------------------------------------------------

/*!40101 SET @OLD_CHARACTER_SET_CLIENT=@@CHARACTER_SET_CLIENT */;
/*!40101 SET NAMES utf8 */;
/*!40014 SET @OLD_FOREIGN_KEY_CHECKS=@@FOREIGN_KEY_CHECKS, FOREIGN_KEY_CHECKS=0 */;
/*!40101 SET @OLD_SQL_MODE=@@SQL_MODE, SQL_MODE='NO_AUTO_VALUE_ON_ZERO' */;

-- 导出 hadoopadminweb_db 的数据库结构
CREATE DATABASE IF NOT EXISTS `hadoopadminweb_db` /*!40100 DEFAULT CHARACTER SET utf8 */;
USE `hadoopadminweb_db`;


-- 导出  表 hadoopadminweb_db.cluster_data_transfer 结构
CREATE TABLE IF NOT EXISTS `cluster_data_transfer` (
  `id` int(11) NOT NULL AUTO_INCREMENT,
  `source_cluster_type` int(11) NOT NULL COMMENT '源集群',
  `target_cluster_type` int(11) NOT NULL COMMENT '目标集群',
  `hadoopuser` varchar(50) NOT NULL COMMENT '用户',
  `source_hdfs` varchar(50) NOT NULL COMMENT '源hdfs',
  `target_hdfs_folder_name` varchar(50) NOT NULL COMMENT '目标hdfs路径',
  `run_start_time` timestamp NULL DEFAULT NULL COMMENT '开始时间',
  `run_end_time` timestamp NULL DEFAULT NULL COMMENT '结束时间',
  `run_time` timestamp NULL DEFAULT NULL COMMENT '运行时间',
  `run_cycle` int(11) DEFAULT NULL COMMENT '运行周期(月)',
  `status` int(11) NOT NULL COMMENT '0启动 1暂停',
  PRIMARY KEY (`id`)
) ENGINE=InnoDB AUTO_INCREMENT=3 DEFAULT CHARSET=utf8;

-- 正在导出表  hadoopadminweb_db.cluster_data_transfer 的数据：~1 rows (大约)
/*!40000 ALTER TABLE `cluster_data_transfer` DISABLE KEYS */;
INSERT INTO `cluster_data_transfer` (`id`, `source_cluster_type`, `target_cluster_type`, `hadoopuser`, `source_hdfs`, `target_hdfs_folder_name`, `run_start_time`, `run_end_time`, `run_time`, `run_cycle`, `status`) VALUES
	(2, 1, 2, '8a82948a51995da901521bd76b310003', '12163', '/user/delos/public/test_a', NULL, NULL, '2015-12-27 00:00:00', NULL, 0);
/*!40000 ALTER TABLE `cluster_data_transfer` ENABLE KEYS */;


-- 导出  表 hadoopadminweb_db.cluster_machine 结构
CREATE TABLE IF NOT EXISTS `cluster_machine` (
  `id` int(100) NOT NULL AUTO_INCREMENT,
  `machine_cluster_type` int(100) DEFAULT NULL,
  `cluster_name` varchar(50) DEFAULT NULL,
  PRIMARY KEY (`id`)
) ENGINE=InnoDB AUTO_INCREMENT=3 DEFAULT CHARSET=utf8;

-- 正在导出表  hadoopadminweb_db.cluster_machine 的数据：~2 rows (大约)
/*!40000 ALTER TABLE `cluster_machine` DISABLE KEYS */;
INSERT INTO `cluster_machine` (`id`, `machine_cluster_type`, `cluster_name`) VALUES
	(1, 1, 'XX大数据平台'),
	(2, 2, 'YY大数据平台');
/*!40000 ALTER TABLE `cluster_machine` ENABLE KEYS */;


-- 导出  表 hadoopadminweb_db.event_info 结构
CREATE TABLE IF NOT EXISTS `event_info` (
  `id` int(11) NOT NULL AUTO_INCREMENT,
  `commit_user_id` int(10) DEFAULT NULL,
  `event_type` int(11) DEFAULT NULL,
  `event_info` varchar(100) DEFAULT NULL,
  `isresolve` int(11) DEFAULT NULL,
  `create_time` timestamp NULL DEFAULT NULL,
  `resolve_time` timestamp NULL DEFAULT NULL,
  `resolve_user_id` int(50) DEFAULT NULL,
  PRIMARY KEY (`id`)
) ENGINE=InnoDB AUTO_INCREMENT=35 DEFAULT CHARSET=utf8;

-- 正在导出表  hadoopadminweb_db.event_info 的数据：~2 rows (大约)
/*!40000 ALTER TABLE `event_info` DISABLE KEYS */;
INSERT INTO `event_info` (`id`, `commit_user_id`, `event_type`, `event_info`, `isresolve`, `create_time`, `resolve_time`, `resolve_user_id`) VALUES
	(33, 1, 52, '180.190.12.1xiuli  ', 2, '2015-12-16 15:25:58', '2015-12-16 20:58:56', 1),
	(34, 1, 52, '77777777', 2, '2016-04-15 16:20:29', '2016-04-15 16:20:40', 1);
/*!40000 ALTER TABLE `event_info` ENABLE KEYS */;


-- 导出  表 hadoopadminweb_db.fair_scheduler_allocation 结构
CREATE TABLE IF NOT EXISTS `fair_scheduler_allocation` (
  `id` bigint(20) NOT NULL AUTO_INCREMENT,
  `username` varchar(128) DEFAULT NULL,
  `min_memory` int(11) DEFAULT NULL,
  `max_memory` int(11) DEFAULT NULL,
  `max_apps` int(11) DEFAULT NULL,
  `weight` float DEFAULT NULL,
  `update_time` datetime DEFAULT NULL,
  `acl` varchar(256) DEFAULT NULL,
  `queue` varchar(128) DEFAULT NULL,
  `min_cpu` int(11) DEFAULT NULL,
  `max_cpu` int(11) DEFAULT NULL,
  PRIMARY KEY (`id`),
  KEY `username` (`username`)
) ENGINE=InnoDB AUTO_INCREMENT=156 DEFAULT CHARSET=utf8;

-- 正在导出表  hadoopadminweb_db.fair_scheduler_allocation 的数据：~5 rows (大约)
/*!40000 ALTER TABLE `fair_scheduler_allocation` DISABLE KEYS */;
INSERT INTO `fair_scheduler_allocation` (`id`, `username`, `min_memory`, `max_memory`, `max_apps`, `weight`, `update_time`, `acl`, `queue`, `min_cpu`, `max_cpu`) VALUES
	(144, '8a82948a517c90d201517cf711a00001', 102400, 409600, 50, 1, '2015-12-13 11:44:51', 'gdpi', 'gdpi2', 25, 100),
	(147, '8a82948a51995da90151a957ee680001', 102400, 409600, 50, 1, '2015-12-16 13:51:30', '*', 'sample1', 25, 100),
	(150, '8a82948a51995da901521bd76b310003', 102400, 409600, 50, 1, '2016-01-07 19:27:28', '*', 'delos', 25, 100),
	(154, '8a82948a53e631eb0153ea5b09f00001', 102400, 409600, 50, 1, '2016-04-06 14:55:48', '*', 'u_lx_build', 25, 100),
	(155, '8a82948a53e631eb0154190d6e060002', 1, 4, 50, 1, '2016-04-17 14:56:12', '*', 'yuj', 25, 100);
/*!40000 ALTER TABLE `fair_scheduler_allocation` ENABLE KEYS */;


-- 导出  表 hadoopadminweb_db.fair_scheduler_user 结构
CREATE TABLE IF NOT EXISTS `fair_scheduler_user` (
  `id` bigint(20) NOT NULL AUTO_INCREMENT,
  `username` varchar(128) NOT NULL,
  `max_apps` int(11) NOT NULL,
  PRIMARY KEY (`id`)
) ENGINE=InnoDB DEFAULT CHARSET=utf8;

-- 正在导出表  hadoopadminweb_db.fair_scheduler_user 的数据：~0 rows (大约)
/*!40000 ALTER TABLE `fair_scheduler_user` DISABLE KEYS */;
/*!40000 ALTER TABLE `fair_scheduler_user` ENABLE KEYS */;


-- 导出  表 hadoopadminweb_db.hadoopuser 结构
CREATE TABLE IF NOT EXISTS `hadoopuser` (
  `hp_user_id` varchar(50) NOT NULL DEFAULT '',
  `hp_user_name` varchar(50) NOT NULL,
  `hp_user_pw` varchar(50) NOT NULL,
  `hp_user_syspw` varchar(50) NOT NULL COMMENT '系统自动生成的密码',
  `hp_company_id` int(11) DEFAULT NULL,
  `hp_contacts` varchar(50) DEFAULT NULL,
  `hp_phone` varchar(50) DEFAULT NULL,
  `hp_email` varchar(50) DEFAULT NULL,
  `hp_remarks` varchar(100) DEFAULT NULL,
  `hp_user_type` int(2) DEFAULT NULL COMMENT '1厂商|2内部用户',
  `hp_user_status` int(2) DEFAULT NULL COMMENT '用户状态',
  `hp_createtime` datetime DEFAULT NULL,
  `hp_culster` int(2) DEFAULT NULL,
  PRIMARY KEY (`hp_user_id`)
) ENGINE=InnoDB DEFAULT CHARSET=utf8;

-- 正在导出表  hadoopadminweb_db.hadoopuser 的数据：~5 rows (大约)
/*!40000 ALTER TABLE `hadoopuser` DISABLE KEYS */;
INSERT INTO `hadoopuser` (`hp_user_id`, `hp_user_name`, `hp_user_pw`, `hp_user_syspw`, `hp_company_id`, `hp_contacts`, `hp_phone`, `hp_email`, `hp_remarks`, `hp_user_type`, `hp_user_status`, `hp_createtime`, `hp_culster`) VALUES
	('8a82948a517c90d201517cf711a00001', 'gdpi', 'qwss!@!@#$%$2332', 'LNHlnh04%@', 61, '张修成', '18916888726', '18916888726@189.cn', '', 1, 1, '2015-12-07 23:01:54', 1),
	('8a82948a51995da90151a957ee680001', 'sample1', 'ideal123#123', 'VUYvuy01@!', 61, 'cc', '13391235436', '123@123.com', '', 1, 1, '2015-12-16 13:50:56', 1),
	('8a82948a51995da901521bd76b310003', 'delos', 'delos#123', 'AYRayr19!!', 61, 'cc', '13391235436', '123@123.com', '', 1, 1, '2016-01-07 19:26:55', 1),
	('8a82948a53e631eb0153ea5b09f00001', 'u_lx_build', 'qwe#123', 'RNFrnf20!@', 61, 'wanghuiren', '18910000000', '18910000000@189.cn', '', 2, 1, '2016-04-06 14:55:18', 1),
	('8a82948a53e631eb0154190d6e060002', 'yuj', '!1qaz2wsx', 'TAZtaz09%%', 61, '余江', '15021633637', 'yu@163.com', '', 1, 1, '2016-04-15 16:32:39', 1);
/*!40000 ALTER TABLE `hadoopuser` ENABLE KEYS */;


-- 导出  表 hadoopadminweb_db.hadoopuser_hdfs 结构
CREATE TABLE IF NOT EXISTS `hadoopuser_hdfs` (
  `id` int(50) NOT NULL AUTO_INCREMENT,
  `username` varchar(255) DEFAULT NULL,
  `quota_space` int(50) DEFAULT NULL,
  `file_count` int(50) DEFAULT NULL,
  `unit` varchar(1) DEFAULT NULL,
  `path` varchar(50) DEFAULT NULL,
  PRIMARY KEY (`id`)
) ENGINE=InnoDB AUTO_INCREMENT=22 DEFAULT CHARSET=utf8;

-- 正在导出表  hadoopadminweb_db.hadoopuser_hdfs 的数据：~1 rows (大约)
/*!40000 ALTER TABLE `hadoopuser_hdfs` DISABLE KEYS */;
INSERT INTO `hadoopuser_hdfs` (`id`, `username`, `quota_space`, `file_count`, `unit`, `path`) VALUES
	(21, '8a82948a53e631eb0154190d6e060002', 100, 100, 'M', '/user/yuj');
/*!40000 ALTER TABLE `hadoopuser_hdfs` ENABLE KEYS */;


-- 导出  表 hadoopadminweb_db.hdfs_info 结构
CREATE TABLE IF NOT EXISTS `hdfs_info` (
  `id` int(11) NOT NULL AUTO_INCREMENT,
  `hp_user_id` varchar(50) DEFAULT NULL,
  `hp_pub_pri` int(11) DEFAULT NULL COMMENT '1 - 公有； 2 - 私有',
  `hp_folder_name` varchar(100) DEFAULT NULL,
  `hp_folder_auth` varchar(50) DEFAULT NULL,
  `hp_folder_owner` varchar(50) DEFAULT NULL COMMENT '目录owner',
  `hp_folder_group` varchar(50) DEFAULT NULL COMMENT '目录所属组',
  `hp_hive_role` varchar(128) DEFAULT NULL COMMENT '目录所属的sentry角色',
  `hp_hdfs_tag` varchar(50) DEFAULT NULL,
  `hp_hdfs_type` varchar(50) DEFAULT NULL,
  `hp_createtime` datetime DEFAULT NULL,
  `hp_create_user` int(11) DEFAULT NULL,
  `hp_remarks` varchar(500) DEFAULT NULL,
  `modify_date` datetime DEFAULT NULL,
  PRIMARY KEY (`id`)
) ENGINE=InnoDB AUTO_INCREMENT=12170 DEFAULT CHARSET=utf8;

-- 正在导出表  hadoopadminweb_db.hdfs_info 的数据：~27 rows (大约)
/*!40000 ALTER TABLE `hdfs_info` DISABLE KEYS */;
INSERT INTO `hdfs_info` (`id`, `hp_user_id`, `hp_pub_pri`, `hp_folder_name`, `hp_folder_auth`, `hp_folder_owner`, `hp_folder_group`, `hp_hive_role`, `hp_hdfs_tag`, `hp_hdfs_type`, `hp_createtime`, `hp_create_user`, `hp_remarks`, `modify_date`) VALUES
	(12126, '8a82948a517c90d201517cf711a00001', 1, '/user/gdpi/public/sada_gdpi_adcookie', 'drwxr-x---', 'gdpi', 'gdpi_sada_gdpi_adcookie', 'role_tb_select_gdpi_sada_gdpi_adcookie', 'adcookie数据', '固网数据', '2015-12-07 23:14:36', 1, '', '2015-12-07 23:14:36'),
	(12127, '8a82948a517c90d201517cf711a00001', 1, '/user/gdpi/public/sada_gdpi_click', 'drwxr-x---', 'gdpi', 'gdpi_sada_gdpi_click', 'role_tb_select_gdpi_sada_gdpi_click', 'click数据', '固网数据', '2015-12-07 23:15:19', 1, '', '2015-12-07 23:15:19'),
	(12138, '8a82948a51995da90151a957ee680001', 1, '/user/sample1/public/test', 'drwxr-x---', 'sample1', 'sample1_test', 'role_tb_select_sample1_test', 'test', 'test', '2015-12-16 14:14:24', 1, '', '2015-12-16 14:14:24'),
	(12139, '8a82948a51995da90151a957ee680001', 1, '/user/sample1/public/sample_data_one', 'drwxr-x---', 'sample1', 'sample1_sample_data_one', 'role_tb_select_sample1_sample_data_one', 'sample_data_one', 'sample_data_one', '2015-12-16 14:26:15', 1, '', '2015-12-16 14:26:15'),
	(12141, '8a82948a51995da901521bd76b310003', 2, '/user/delos/private/cmcc', 'drwxr-xr-x', 'delos', 'delos', NULL, NULL, NULL, '2016-04-05 20:40:34', 1, NULL, NULL),
	(12142, '8a82948a51995da901521bd76b310003', 2, '/user/delos/private/mdn_ana', 'drwx------', 'delos', 'delos', NULL, NULL, NULL, '2016-04-05 20:40:34', 1, NULL, NULL),
	(12143, '8a82948a51995da901521bd76b310003', 2, '/user/delos/private/mdnclick', 'drwxr-xr-x', 'delos', 'delos', NULL, NULL, NULL, '2016-04-05 20:40:34', 1, NULL, NULL),
	(12144, '8a82948a51995da901521bd76b310003', 2, '/user/delos/private/res', 'drwxr-xr-x', 'delos', 'delos', NULL, NULL, NULL, '2016-04-05 20:40:34', 1, NULL, NULL),
	(12145, '8a82948a51995da901521bd76b310003', 2, '/user/delos/private/zxc', 'drwxr-xr-x', 'delos', 'delos', NULL, NULL, NULL, '2016-04-05 20:40:34', 1, NULL, NULL),
	(12146, '8a82948a517c90d201517cf711a00001', 2, '/user/gdpi/private/sgc', 'drwxr-xr-x', 'gdpi', 'gdpi', NULL, NULL, NULL, '2016-04-05 20:40:34', 1, NULL, NULL),
	(12147, '8a82948a51995da90151a957ee680001', 2, '/user/sample1/.Trash/Current', 'drwx------', 'sample1', 'sample1', NULL, NULL, NULL, '2016-04-05 20:40:34', 1, NULL, NULL),
	(12148, '8a82948a51995da90151a957ee680001', 2, '/user/sample1/private/hive_table_test1', 'drwx------', 'sample1', 'sample1', NULL, NULL, NULL, '2016-04-05 20:40:34', 1, NULL, NULL),
	(12149, '8a82948a51995da90151a957ee680001', 2, '/user/sample1/private/res', 'drwxr-xr-x', 'sample1', 'sample1', NULL, NULL, NULL, '2016-04-05 20:40:34', 1, NULL, NULL),
	(12150, '8a82948a51995da90151a957ee680001', 2, '/user/sample1/private/test', 'drwxr-xr-x', 'sample1', 'sample1', NULL, NULL, NULL, '2016-04-05 20:40:34', 1, NULL, NULL),
	(12151, '8a82948a51995da90151a957ee680001', 2, '/user/sample1/private/url_ua', 'drwx------', 'sample1', 'sample1', NULL, NULL, NULL, '2016-04-05 20:40:34', 1, NULL, NULL),
	(12155, '8a82948a51995da90151a957ee680001', 2, '/user/sample1/private/test_b', 'drwx------', 'sample1', 'sample1', NULL, NULL, NULL, '2016-04-05 23:38:05', 1, NULL, NULL),
	(12159, '8a82948a51995da90151a957ee680001', 1, '/user/sample1/public/test_a', 'drwxr-x---', 'sample1', 'sample1_test_a', 'role_tb_select_sample1_test_a', NULL, NULL, '2016-04-06 02:03:49', 1, 'test', '2016-04-06 02:03:49'),
	(12160, '8a82948a53e631eb0153ea5b09f00001', 1, '/user/u_lx_build/public/test_b', 'drwxr-x---', 'u_lx_build', 'u_lx_build_test_b', 'role_tb_select_u_lx_build_test_b', NULL, NULL, '2016-04-08 15:27:47', 1, 'test_b', '2016-04-08 15:27:47'),
	(12161, '8a82948a53e631eb0153ea5b09f00001', 1, '/user/u_lx_build/public/test', 'drwxr-x---', 'u_lx_build', 'u_lx_build_test', 'role_tb_select_u_lx_build_test', NULL, NULL, '2016-04-08 16:59:02', 1, '测试目录', '2016-04-08 16:59:02'),
	(12162, '8a82948a53e631eb0153ea5b09f00001', 1, '/user/u_lx_build/public/test_public', 'drwxr-x---', 'u_lx_build', 'u_lx_build_test_public', 'role_tb_select_u_lx_build_test_public', NULL, NULL, '2016-04-13 11:53:44', 1, '', '2016-04-13 11:53:44'),
	(12163, '8a82948a51995da901521bd76b310003', 1, '/user/delos/public/test_a', 'drwxr-x---', 'delos', 'delos_test_a', NULL, NULL, NULL, '2016-04-06 00:33:55', 1, 'test', '2016-04-06 00:34:29'),
	(12164, '8a82948a51995da901521bd76b310003', 2, '/user/delos/private/test_1', 'drwx------', 'delos', 'delos', NULL, NULL, NULL, '2016-04-19 14:51:41', 1, NULL, NULL),
	(12165, '8a82948a53e631eb0153ea5b09f00001', 2, '/user/u_lx_build/private/test_a', 'drwx------', 'u_lx_build', 'u_lx_build', NULL, NULL, NULL, '2016-04-19 14:51:41', 1, NULL, NULL),
	(12166, '8a82948a53e631eb0154190d6e060002', 2, '/user/yuj/.Trash/Current', 'drwx------', 'yuj', 'yuj', NULL, NULL, NULL, '2016-04-19 14:51:41', 1, NULL, NULL),
	(12167, '8a82948a53e631eb0154190d6e060002', 2, '/user/yuj/private/yuj01', 'drwx------', 'yuj', 'yuj', NULL, NULL, NULL, '2016-04-19 14:51:41', 1, NULL, NULL),
	(12168, '8a82948a53e631eb0154190d6e060002', 2, '/user/yuj/private/yuj_test', 'drwx------', 'yuj', 'yuj', NULL, NULL, NULL, '2016-04-19 14:51:41', 1, NULL, NULL),
	(12169, '8a82948a53e631eb0154190d6e060002', 1, '/user/yuj/public/yj_table_test', 'drwxr-x---', 'yuj', 'yuj_yj_table_test', 'role_tb_select_yuj_yj_table_test', NULL, NULL, '2016-04-19 14:54:50', 1, '', '2016-04-19 14:54:50');
/*!40000 ALTER TABLE `hdfs_info` ENABLE KEYS */;


-- 导出  表 hadoopadminweb_db.hdfs_info_bak 结构
CREATE TABLE IF NOT EXISTS `hdfs_info_bak` (
  `id` int(11) NOT NULL AUTO_INCREMENT,
  `insert_time` datetime DEFAULT NULL,
  `hp_user_id` varchar(50) DEFAULT NULL,
  `hp_pub_pri` int(11) DEFAULT NULL COMMENT '1 - 公有； 2 - 私有',
  `hp_folder_name` varchar(100) DEFAULT NULL,
  `hp_folder_auth` varchar(50) DEFAULT NULL,
  `hp_folder_owner` varchar(50) DEFAULT NULL COMMENT '目录owner',
  `hp_folder_group` varchar(50) DEFAULT NULL COMMENT '目录所属组',
  `hp_hdfs_tag` varchar(50) DEFAULT NULL,
  `hp_hdfs_type` varchar(50) DEFAULT NULL,
  `hp_createtime` datetime DEFAULT NULL,
  `hp_create_user` varchar(50) DEFAULT NULL,
  `hp_remarks` varchar(500) DEFAULT NULL,
  `modify_date` datetime DEFAULT NULL,
  PRIMARY KEY (`id`)
) ENGINE=InnoDB AUTO_INCREMENT=5201 DEFAULT CHARSET=utf8;

-- 正在导出表  hadoopadminweb_db.hdfs_info_bak 的数据：~75 rows (大约)
/*!40000 ALTER TABLE `hdfs_info_bak` DISABLE KEYS */;
INSERT INTO `hdfs_info_bak` (`id`, `insert_time`, `hp_user_id`, `hp_pub_pri`, `hp_folder_name`, `hp_folder_auth`, `hp_folder_owner`, `hp_folder_group`, `hp_hdfs_tag`, `hp_hdfs_type`, `hp_createtime`, `hp_create_user`, `hp_remarks`, `modify_date`) VALUES
	(5115, NULL, '8a82948a517c90d201517cf711a00001', 1, '/user/gdpi/public/rrr', 'drwxr-x---', 'gdpi', 'gdpi_rrr', NULL, NULL, '2015-12-17 14:10:11', '1', NULL, NULL),
	(5116, NULL, '8a82948a517c90d201517cf711a00001', 1, '/user/gdpi/public/sada_gdpi_adcookie', 'drwxr-x---', 'gdpi', 'gdpi_sada_gdpi_adcookie', NULL, NULL, '2015-12-17 14:10:11', '1', NULL, NULL),
	(5117, NULL, '8a82948a517c90d201517cf711a00001', 1, '/user/gdpi/public/sada_gdpi_click', 'drwxr-x---', 'gdpi', 'gdpi_sada_gdpi_click', NULL, NULL, '2015-12-17 14:10:11', '1', NULL, NULL),
	(5119, NULL, '8a82948a51995da90151a957ee680001', 1, '/user/sample1/public/sample_data_one', 'drwxr-x---', 'sample1', 'sample1_sample_data_one', NULL, NULL, '2015-12-17 14:10:11', '1', NULL, NULL),
	(5120, NULL, '8a82948a51995da90151a957ee680001', 1, '/user/sample1/public/test', 'drwxr-x---', 'sample1', 'sample1_test', NULL, NULL, '2015-12-17 14:10:11', '1', NULL, NULL),
	(5124, NULL, '8a82948a517c90d201517cf711a00001', 1, '/user/gdpi/public/rrr', 'drwxr-x---', 'gdpi', 'gdpi_rrr', NULL, NULL, '2015-12-17 14:10:43', '1', NULL, NULL),
	(5125, NULL, '8a82948a517c90d201517cf711a00001', 1, '/user/gdpi/public/sada_gdpi_adcookie', 'drwxr-x---', 'gdpi', 'gdpi_sada_gdpi_adcookie', NULL, NULL, '2015-12-17 14:10:43', '1', NULL, NULL),
	(5126, NULL, '8a82948a517c90d201517cf711a00001', 1, '/user/gdpi/public/sada_gdpi_click', 'drwxr-x---', 'gdpi', 'gdpi_sada_gdpi_click', NULL, NULL, '2015-12-17 14:10:43', '1', NULL, NULL),
	(5128, NULL, '8a82948a51995da90151a957ee680001', 1, '/user/sample1/public/sample_data_one', 'drwxr-x---', 'sample1', 'sample1_sample_data_one', NULL, NULL, '2015-12-17 14:10:43', '1', NULL, NULL),
	(5129, NULL, '8a82948a51995da90151a957ee680001', 1, '/user/sample1/public/test', 'drwxr-x---', 'sample1', 'sample1_test', NULL, NULL, '2015-12-17 14:10:43', '1', NULL, NULL),
	(5133, NULL, '8a82948a517c90d201517cf711a00001', 1, '/user/gdpi/public/rrr', 'drwxr-x---', 'gdpi', 'gdpi_rrr', NULL, NULL, '2016-04-05 20:40:34', '1', NULL, NULL),
	(5134, NULL, '8a82948a517c90d201517cf711a00001', 1, '/user/gdpi/public/sada_gdpi_adcookie', 'drwxr-x---', 'gdpi', 'gdpi_sada_gdpi_adcookie', NULL, NULL, '2016-04-05 20:40:34', '1', NULL, NULL),
	(5135, NULL, '8a82948a517c90d201517cf711a00001', 1, '/user/gdpi/public/sada_gdpi_click', 'drwxr-x---', 'gdpi', 'gdpi_sada_gdpi_click', NULL, NULL, '2016-04-05 20:40:34', '1', NULL, NULL),
	(5137, NULL, '8a82948a51995da90151a957ee680001', 1, '/user/sample1/public/sample_data_one', 'drwxr-x---', 'sample1', 'sample1_sample_data_one', NULL, NULL, '2016-04-05 20:40:34', '1', NULL, NULL),
	(5138, NULL, '8a82948a51995da90151a957ee680001', 1, '/user/sample1/public/test', 'drwxr-x---', 'sample1', 'sample1_test', NULL, NULL, '2016-04-05 20:40:34', '1', NULL, NULL),
	(5141, NULL, '8a82948a517c90d201517cf711a00001', 1, '/user/gdpi/public/sada_gdpi_adcookie', 'drwxr-x---', 'gdpi', 'gdpi_sada_gdpi_adcookie', NULL, NULL, '2016-04-05 21:22:10', '1', NULL, NULL),
	(5142, NULL, '8a82948a517c90d201517cf711a00001', 1, '/user/gdpi/public/sada_gdpi_click', 'drwxr-x---', 'gdpi', 'gdpi_sada_gdpi_click', NULL, NULL, '2016-04-05 21:22:10', '1', NULL, NULL),
	(5143, NULL, '8a82948a51995da90151a957ee680001', 1, '/user/sample1/public/sample_data_one', 'drwxr-x---', 'sample1', 'sample1_sample_data_one', NULL, NULL, '2016-04-05 21:22:10', '1', NULL, NULL),
	(5144, NULL, '8a82948a51995da90151a957ee680001', 1, '/user/sample1/public/test', 'drwxr-x---', 'sample1', 'sample1_test', NULL, NULL, '2016-04-05 21:22:10', '1', NULL, NULL),
	(5145, NULL, '8a82948a517c90d201517cf711a00001', 1, '/user/gdpi/public/sada_gdpi_adcookie', 'drwxr-x---', 'gdpi', 'gdpi_sada_gdpi_adcookie', NULL, NULL, '2016-04-05 21:24:47', '1', NULL, NULL),
	(5146, NULL, '8a82948a517c90d201517cf711a00001', 1, '/user/gdpi/public/sada_gdpi_click', 'drwxr-x---', 'gdpi', 'gdpi_sada_gdpi_click', NULL, NULL, '2016-04-05 21:24:47', '1', NULL, NULL),
	(5147, NULL, '8a82948a51995da90151a957ee680001', 1, '/user/sample1/public/sample_data_one', 'drwxr-x---', 'sample1', 'sample1_sample_data_one', NULL, NULL, '2016-04-05 21:24:47', '1', NULL, NULL),
	(5148, NULL, '8a82948a51995da90151a957ee680001', 1, '/user/sample1/public/test', 'drwxr-x---', 'sample1', 'sample1_test', NULL, NULL, '2016-04-05 21:24:47', '1', NULL, NULL),
	(5149, NULL, '8a82948a517c90d201517cf711a00001', 1, '/user/gdpi/public/sada_gdpi_adcookie', 'drwxr-x---', 'gdpi', 'gdpi_sada_gdpi_adcookie', NULL, NULL, '2016-04-05 21:37:13', '1', NULL, NULL),
	(5150, NULL, '8a82948a517c90d201517cf711a00001', 1, '/user/gdpi/public/sada_gdpi_click', 'drwxr-x---', 'gdpi', 'gdpi_sada_gdpi_click', NULL, NULL, '2016-04-05 21:37:13', '1', NULL, NULL),
	(5151, NULL, '8a82948a51995da90151a957ee680001', 1, '/user/sample1/public/sample_data_one', 'drwxr-x---', 'sample1', 'sample1_sample_data_one', NULL, NULL, '2016-04-05 21:37:13', '1', NULL, NULL),
	(5152, NULL, '8a82948a51995da90151a957ee680001', 1, '/user/sample1/public/test', 'drwxr-x---', 'sample1', 'sample1_test', NULL, NULL, '2016-04-05 21:37:13', '1', NULL, NULL),
	(5153, NULL, '8a82948a517c90d201517cf711a00001', 1, '/user/gdpi/public/sada_gdpi_adcookie', 'drwxr-x---', 'gdpi', 'gdpi_sada_gdpi_adcookie', NULL, NULL, '2016-04-05 22:11:53', '1', NULL, NULL),
	(5154, NULL, '8a82948a517c90d201517cf711a00001', 1, '/user/gdpi/public/sada_gdpi_click', 'drwxr-x---', 'gdpi', 'gdpi_sada_gdpi_click', NULL, NULL, '2016-04-05 22:11:53', '1', NULL, NULL),
	(5155, NULL, '8a82948a51995da90151a957ee680001', 1, '/user/sample1/public/sample_data_one', 'drwxr-x---', 'sample1', 'sample1_sample_data_one', NULL, NULL, '2016-04-05 22:11:53', '1', NULL, NULL),
	(5156, NULL, '8a82948a51995da90151a957ee680001', 1, '/user/sample1/public/test', 'drwxr-x---', 'sample1', 'sample1_test', NULL, NULL, '2016-04-05 22:11:53', '1', NULL, NULL),
	(5157, '2016-04-05 23:33:52', '8a82948a51995da90151a957ee680001', 1, '/user/sample1/public//user/sample1/public/test_a', 'drwxr-x---', 'sample1', 'sample1_/user/sample1/public/test_a', 'aa', 'aa', '2016-04-05 22:11:53', '1', 'test', '2016-04-05 23:33:28'),
	(5158, '2016-04-05 23:36:57', '8a82948a51995da90151a957ee680001', 1, '/user/sample1/public/test_a', 'drwxr-x---', 'sample1', 'sample1_test_a', 'aa', 'aa', '2016-04-05 22:11:53', '1', 'test', '2016-04-05 23:36:38'),
	(5159, NULL, '8a82948a517c90d201517cf711a00001', 1, '/user/gdpi/public/sada_gdpi_adcookie', 'drwxr-x---', 'gdpi', 'gdpi_sada_gdpi_adcookie', NULL, NULL, '2016-04-05 23:38:05', '1', NULL, NULL),
	(5160, NULL, '8a82948a517c90d201517cf711a00001', 1, '/user/gdpi/public/sada_gdpi_click', 'drwxr-x---', 'gdpi', 'gdpi_sada_gdpi_click', NULL, NULL, '2016-04-05 23:38:05', '1', NULL, NULL),
	(5161, NULL, '8a82948a51995da90151a957ee680001', 1, '/user/sample1/public/sample_data_one', 'drwxr-x---', 'sample1', 'sample1_sample_data_one', NULL, NULL, '2016-04-05 23:38:05', '1', NULL, NULL),
	(5162, NULL, '8a82948a51995da90151a957ee680001', 1, '/user/sample1/public/test', 'drwxr-x---', 'sample1', 'sample1_test', NULL, NULL, '2016-04-05 23:38:05', '1', NULL, NULL),
	(5163, NULL, '8a82948a51995da90151a957ee680001', 1, '/user/sample1/public/test_a', 'drwxr-x---', 'sample1', 'sample1_test_a', NULL, NULL, '2016-04-05 23:38:05', '1', NULL, NULL),
	(5164, '2016-04-06 00:02:14', '8a82948a51995da90151a957ee680001', 1, '/user/sample1/public/test_b', 'drwxr-x---', 'sample1', 'sample1_test_b', NULL, NULL, '2016-04-05 23:38:05', '1', 'test', '2016-04-06 00:01:55'),
	(5165, '2016-04-06 00:11:23', '8a82948a51995da901521bd76b310003', 1, '/user/delos/public/test_a', 'drwxr-x---', 'delos', 'delos_test_a', NULL, NULL, '2016-04-05 23:38:05', '1', 'test', '2016-04-06 00:11:04'),
	(5166, NULL, '8a82948a517c90d201517cf711a00001', 1, '/user/gdpi/public/sada_gdpi_adcookie', 'drwxr-x---', 'gdpi', 'gdpi_sada_gdpi_adcookie', NULL, NULL, '2016-04-06 00:32:50', '1', NULL, NULL),
	(5167, NULL, '8a82948a517c90d201517cf711a00001', 1, '/user/gdpi/public/sada_gdpi_click', 'drwxr-x---', 'gdpi', 'gdpi_sada_gdpi_click', NULL, NULL, '2016-04-06 00:32:50', '1', NULL, NULL),
	(5168, NULL, '8a82948a51995da90151a957ee680001', 1, '/user/sample1/public/sample_data_one', 'drwxr-x---', 'sample1', 'sample1_sample_data_one', NULL, NULL, '2016-04-06 00:32:50', '1', NULL, NULL),
	(5169, NULL, '8a82948a51995da90151a957ee680001', 1, '/user/sample1/public/test', 'drwxr-x---', 'sample1', 'sample1_test', NULL, NULL, '2016-04-06 00:32:50', '1', NULL, NULL),
	(5170, NULL, '8a82948a517c90d201517cf711a00001', 1, '/user/gdpi/public/sada_gdpi_adcookie', 'drwxr-x---', 'gdpi', 'gdpi_sada_gdpi_adcookie', NULL, NULL, '2016-04-06 00:33:43', '1', NULL, NULL),
	(5171, NULL, '8a82948a517c90d201517cf711a00001', 1, '/user/gdpi/public/sada_gdpi_click', 'drwxr-x---', 'gdpi', 'gdpi_sada_gdpi_click', NULL, NULL, '2016-04-06 00:33:43', '1', NULL, NULL),
	(5172, NULL, '8a82948a51995da90151a957ee680001', 1, '/user/sample1/public/sample_data_one', 'drwxr-x---', 'sample1', 'sample1_sample_data_one', NULL, NULL, '2016-04-06 00:33:43', '1', NULL, NULL),
	(5173, NULL, '8a82948a51995da90151a957ee680001', 1, '/user/sample1/public/test', 'drwxr-x---', 'sample1', 'sample1_test', NULL, NULL, '2016-04-06 00:33:43', '1', NULL, NULL),
	(5174, NULL, '8a82948a517c90d201517cf711a00001', 1, '/user/gdpi/public/sada_gdpi_adcookie', 'drwxr-x---', 'gdpi', 'gdpi_sada_gdpi_adcookie', NULL, NULL, '2016-04-06 00:33:55', '1', NULL, NULL),
	(5175, NULL, '8a82948a517c90d201517cf711a00001', 1, '/user/gdpi/public/sada_gdpi_click', 'drwxr-x---', 'gdpi', 'gdpi_sada_gdpi_click', NULL, NULL, '2016-04-06 00:33:55', '1', NULL, NULL),
	(5176, NULL, '8a82948a51995da90151a957ee680001', 1, '/user/sample1/public/sample_data_one', 'drwxr-x---', 'sample1', 'sample1_sample_data_one', NULL, NULL, '2016-04-06 00:33:55', '1', NULL, NULL),
	(5177, NULL, '8a82948a51995da90151a957ee680001', 1, '/user/sample1/public/test', 'drwxr-x---', 'sample1', 'sample1_test', NULL, NULL, '2016-04-06 00:33:55', '1', NULL, NULL),
	(5178, '2016-04-06 00:34:48', '8a82948a51995da901521bd76b310003', 1, '/user/delos/public/test_a', 'drwxr-x---', 'delos', 'delos_test_a', NULL, NULL, '2016-04-06 00:33:55', '1', 'test', '2016-04-06 00:34:29'),
	(5179, '2016-04-06 02:04:08', '8a82948a51995da90151a957ee680001', 1, '/user/sample1/public/test_a', 'drwxr-x---', 'sample1', 'sample1_test_a', NULL, NULL, '2016-04-06 00:33:55', '1', 'test', '2016-04-06 02:03:49'),
	(5180, '2016-04-08 15:28:06', '8a82948a53e631eb0153ea5b09f00001', 1, '/user/u_lx_build/public/test_b', 'drwxr-x---', 'u_lx_build', 'u_lx_build_test_b', NULL, NULL, '2016-04-06 00:33:55', '1', 'test_b', '2016-04-08 15:27:47'),
	(5181, '2016-04-08 16:59:23', '8a82948a53e631eb0153ea5b09f00001', 1, '/user/u_lx_build/public/test', 'drwxr-x---', 'u_lx_build', 'u_lx_build_test', NULL, NULL, '2016-04-06 00:33:55', '1', '测试目录', '2016-04-08 16:59:02'),
	(5182, '2016-04-13 11:54:03', '8a82948a53e631eb0153ea5b09f00001', 1, '/user/u_lx_build/public/test_public', 'drwxr-x---', 'u_lx_build', 'u_lx_build_test_public', NULL, NULL, '2016-04-06 00:33:55', '1', '', '2016-04-13 11:53:44'),
	(5183, NULL, '8a82948a517c90d201517cf711a00001', 1, '/user/gdpi/public/sada_gdpi_adcookie', 'drwxr-x---', 'gdpi', 'gdpi_sada_gdpi_adcookie', NULL, NULL, '2016-04-19 14:51:41', '1', NULL, NULL),
	(5184, NULL, '8a82948a517c90d201517cf711a00001', 1, '/user/gdpi/public/sada_gdpi_click', 'drwxr-x---', 'gdpi', 'gdpi_sada_gdpi_click', NULL, NULL, '2016-04-19 14:51:41', '1', NULL, NULL),
	(5185, NULL, '8a82948a51995da90151a957ee680001', 1, '/user/sample1/public/sample_data_one', 'drwxr-x---', 'sample1', 'sample1_sample_data_one', NULL, NULL, '2016-04-19 14:51:41', '1', NULL, NULL),
	(5186, NULL, '8a82948a51995da90151a957ee680001', 1, '/user/sample1/public/test', 'drwxr-x---', 'sample1', 'sample1_test', NULL, NULL, '2016-04-19 14:51:41', '1', NULL, NULL),
	(5187, NULL, '8a82948a51995da90151a957ee680001', 1, '/user/sample1/public/test_a', 'drwxr-x---', 'sample1', 'sample1_test_a', NULL, NULL, '2016-04-19 14:51:41', '1', NULL, NULL),
	(5188, NULL, '8a82948a53e631eb0153ea5b09f00001', 1, '/user/u_lx_build/public/test', 'drwxr-x---', 'u_lx_build', 'u_lx_build_test', NULL, NULL, '2016-04-19 14:51:41', '1', NULL, NULL),
	(5189, NULL, '8a82948a53e631eb0153ea5b09f00001', 1, '/user/u_lx_build/public/test_b', 'drwxr-x---', 'u_lx_build', 'u_lx_build_test_b', NULL, NULL, '2016-04-19 14:51:41', '1', NULL, NULL),
	(5190, NULL, '8a82948a53e631eb0153ea5b09f00001', 1, '/user/u_lx_build/public/test_public', 'drwxr-x---', 'u_lx_build', 'u_lx_build_test_public', NULL, NULL, '2016-04-19 14:51:41', '1', NULL, NULL),
	(5191, '2016-04-19 14:55:10', '8a82948a53e631eb0154190d6e060002', 1, '/user/yuj/public/yj_table_test', 'drwxr-x---', 'yuj', 'yuj_yj_table_test', NULL, NULL, '2016-04-19 14:51:41', '1', '', '2016-04-19 14:54:50'),
	(5192, NULL, '8a82948a517c90d201517cf711a00001', 1, '/user/gdpi/public/sada_gdpi_adcookie', 'drwxr-x---', 'gdpi', 'gdpi_sada_gdpi_adcookie', NULL, NULL, '2016-04-19 15:03:14', '1', NULL, NULL),
	(5193, NULL, '8a82948a517c90d201517cf711a00001', 1, '/user/gdpi/public/sada_gdpi_click', 'drwxr-x---', 'gdpi', 'gdpi_sada_gdpi_click', NULL, NULL, '2016-04-19 15:03:14', '1', NULL, NULL),
	(5194, NULL, '8a82948a51995da90151a957ee680001', 1, '/user/sample1/public/sample_data_one', 'drwxr-x---', 'sample1', 'sample1_sample_data_one', NULL, NULL, '2016-04-19 15:03:14', '1', NULL, NULL),
	(5195, NULL, '8a82948a51995da90151a957ee680001', 1, '/user/sample1/public/test', 'drwxr-x---', 'sample1', 'sample1_test', NULL, NULL, '2016-04-19 15:03:14', '1', NULL, NULL),
	(5196, NULL, '8a82948a51995da90151a957ee680001', 1, '/user/sample1/public/test_a', 'drwxr-x---', 'sample1', 'sample1_test_a', NULL, NULL, '2016-04-19 15:03:14', '1', NULL, NULL),
	(5197, NULL, '8a82948a53e631eb0153ea5b09f00001', 1, '/user/u_lx_build/public/test', 'drwxr-x---', 'u_lx_build', 'u_lx_build_test', NULL, NULL, '2016-04-19 15:03:14', '1', NULL, NULL),
	(5198, NULL, '8a82948a53e631eb0153ea5b09f00001', 1, '/user/u_lx_build/public/test_b', 'drwxr-x---', 'u_lx_build', 'u_lx_build_test_b', NULL, NULL, '2016-04-19 15:03:14', '1', NULL, NULL),
	(5199, NULL, '8a82948a53e631eb0153ea5b09f00001', 1, '/user/u_lx_build/public/test_public', 'drwxr-x---', 'u_lx_build', 'u_lx_build_test_public', NULL, NULL, '2016-04-19 15:03:14', '1', NULL, NULL),
	(5200, NULL, '8a82948a53e631eb0154190d6e060002', 1, '/user/yuj/public/yj_table_test', 'drwxr-x---', 'yuj', 'yuj_yj_table_test', NULL, NULL, '2016-04-19 15:03:14', '1', NULL, NULL);
/*!40000 ALTER TABLE `hdfs_info_bak` ENABLE KEYS */;


-- 导出  表 hadoopadminweb_db.hdfs_visiters 结构
CREATE TABLE IF NOT EXISTS `hdfs_visiters` (
  `id` int(11) NOT NULL AUTO_INCREMENT,
  `hp_user_id` varchar(50) DEFAULT NULL,
  `folder_name` varchar(512) DEFAULT NULL,
  `modify_time` datetime DEFAULT NULL,
  `hdfs_visit_user` varchar(1024) DEFAULT NULL,
  PRIMARY KEY (`id`)
) ENGINE=InnoDB AUTO_INCREMENT=7976 DEFAULT CHARSET=utf8;

-- 正在导出表  hadoopadminweb_db.hdfs_visiters 的数据：~10 rows (大约)
/*!40000 ALTER TABLE `hdfs_visiters` DISABLE KEYS */;
INSERT INTO `hdfs_visiters` (`id`, `hp_user_id`, `folder_name`, `modify_time`, `hdfs_visit_user`) VALUES
	(7952, '8a82948a517c90d201517cf711a00001', '/user/gdpi/public/sada_gdpi_click', '2015-12-07 23:18:39', '8a82948a517c90d201517cf711a00001'),
	(7953, '8a82948a517c90d201517cf711a00001', '/user/gdpi/public/sada_gdpi_adcookie', '2015-12-07 23:18:18', '8a82948a517c90d201517cf711a00001'),
	(7956, '8a82948a517c90d201517cf711a00001', '/user/gdpi/public/test', '2015-12-08 17:35:56', '8a82948a517c90d201517cf711a00001'),
	(7962, '8a82948a517c90d201517cf711a00001', '/user/gdpi/public/rrr', '2015-12-10 19:48:04', '8a82948a517c90d201517cf711a00001'),
	(7964, '8a82948a517c90d201517cf711a00001', '/user/gdpi/public/rrr', '2015-12-10 19:48:14', '8a82948a517cfbcf01517d01c4ef0000'),
	(7971, '8a82948a51995da90151a957ee680001', '/user/sample1/public/sample_data_one', '2016-04-05 12:02:58', '8a82948a51995da90151a957ee680001'),
	(7972, '8a82948a53e631eb0153ea5b09f00001', '/user/u_lx_build/public/test_b', '2016-04-08 16:32:55', '8a82948a53e631eb0153ea5b09f00001'),
	(7973, '8a82948a53e631eb0153ea5b09f00001', '/user/u_lx_build/public/test', '2016-04-08 17:32:41', '8a82948a53e631eb0153ea5b09f00001'),
	(7974, '8a82948a517c90d201517cf711a00001', '/user/gdpi/public/sada_gdpi_adcookie', '2016-04-17 14:22:24', '8a82948a53e631eb01541917a6d90003'),
	(7975, '8a82948a53e631eb0154190d6e060002', '/user/yuj/public/yj_table_test', '2016-04-19 14:55:24', '8a82948a53e631eb0154190d6e060002');
/*!40000 ALTER TABLE `hdfs_visiters` ENABLE KEYS */;


-- 导出  表 hadoopadminweb_db.hive_info 结构
CREATE TABLE IF NOT EXISTS `hive_info` (
  `id` int(11) NOT NULL AUTO_INCREMENT,
  `hadoop_user_id` varchar(50) DEFAULT NULL,
  `hp_db_name` varchar(50) DEFAULT NULL,
  `hp_tb_name` varchar(50) DEFAULT NULL,
  `hp_hdfs_loc` varchar(500) DEFAULT NULL,
  `hp_pub_pri` int(11) DEFAULT NULL COMMENT '1 - 公有；2 - 私有',
  `hp_busi_tag` varchar(50) DEFAULT NULL,
  `hp_busi_type` varchar(50) DEFAULT NULL,
  `hp_hive_role` varchar(128) DEFAULT NULL COMMENT 'hive目录角色',
  `hp_createtime` datetime DEFAULT NULL,
  `hp_tb_sql` varchar(3072) DEFAULT NULL,
  `hp_remark` varchar(50) DEFAULT NULL,
  `modify_date` datetime DEFAULT NULL,
  PRIMARY KEY (`id`)
) ENGINE=InnoDB AUTO_INCREMENT=3589 DEFAULT CHARSET=utf8;

-- 正在导出表  hadoopadminweb_db.hive_info 的数据：~19 rows (大约)
/*!40000 ALTER TABLE `hive_info` DISABLE KEYS */;
INSERT INTO `hive_info` (`id`, `hadoop_user_id`, `hp_db_name`, `hp_tb_name`, `hp_hdfs_loc`, `hp_pub_pri`, `hp_busi_tag`, `hp_busi_type`, `hp_hive_role`, `hp_createtime`, `hp_tb_sql`, `hp_remark`, `modify_date`) VALUES
	(3563, '8a82948a517c90d201517cf711a00001', 'gdpi', 'sada_gdpi_adcookie', '/user/gdpi/public/sada_gdpi_adcookie', 1, NULL, NULL, 'role_tb_select_gdpi_sada_gdpi_adcookie', '2015-12-08 00:19:36', 'CREATE EXTERNAL TABLE \'sada_gdpi_adcookie\' (\'imsi\' string,\'mdn\' string,\'meid\' string,\'nai\' string,\'destinationip\' string,\'destinationport\' string,\'sub_app_id\' string,\'sub_app_name\' string,\'app_id\' string,\'app_name\' string,\'starttime\' string,\'datevalue\' string,\'hourzone\' string,\'endtime\' string,\'download_bytes\' bigint,\'upload_bytes\' bigint,\'destinationurl\' string,\'url_type\' string,\'host\' string,\'site\' string,\'protocolid\' string,\'service_option\' string,\'bsid\' string)\nPARTITIONED BY (\'datelabel\' string,\'loadstamp\' string)\nROW FORMAT DELIMITED\nFIELDS TERMINATED BY \'	\'\nLINES TERMINATED BY \'\n\'\nSERIALIZATION TERMINATED BY \'	\'\nSTORED AS INPUTFORMAT org.apache.hadoop.mapred.TextInputFormat\nOUTPUTFORMAT org.apache.hadoop.hive.ql.io.HiveIgnoreKeyTextOutputFormat\nLOCATION hdfs://ns1/user/gdpi/public/sada_gdpi_adcookie\nTBLPROPERTIES (\'EXTERNAL\' \'TRUE\',\n\'transient_lastDdlTime\' \'1449501451\')', NULL, NULL),
	(3565, '8a82948a517c90d201517cf711a00001', 'gdpi', 'sada_gdpi_click', '/user/gdpi/public/sada_gdpi_click', 1, NULL, NULL, 'role_tb_select_gdpi_sada_gdpi_click', '2015-12-08 00:32:24', 'CREATE TABLE \'sada_gdpi_click\' (\'imsi\' string,\'mdn\' string,\'meid\' string,\'nai\' string,\'destinationip\' string,\'destinationport\' string,\'sub_app_id\' string,\'sub_app_name\' string,\'app_id\' string,\'app_name\' string,\'starttime\' string,\'datevalue\' string,\'hourzone\' string,\'endtime\' string,\'download_bytes\' bigint,\'upload_bytes\' bigint,\'destinationurl\' string,\'url_type\' string,\'host\' string,\'site\' string,\'protocolid\' string,\'service_option\' string,\'bsid\' string)\nSTORED AS INPUTFORMAT org.apache.hadoop.mapred.TextInputFormat\nOUTPUTFORMAT org.apache.hadoop.hive.ql.io.HiveIgnoreKeyTextOutputFormat\nLOCATION hdfs://ns1/user/gdpi/public/sada_gdpi_click\n', NULL, NULL),
	(3570, '8a82948a51995da901521bd76b310003', 'delos', 'sada_gdpi_click', '/user/delos/private/zxc', 2, NULL, NULL, 'role_tb_select_delos_zxc', '2016-04-05 19:23:32', 'CREATE EXTERNAL TABLE \'sada_gdpi_click\' (\'srcip\' string,\'ad\' string,\'ts\' bigint,\'url\' string,\'ref\' string,\'ua\' string,\'dstip\' string,\'cookie\' string)\nROW FORMAT DELIMITED\nFIELDS TERMINATED BY \'	\'\nLINES TERMINATED BY \'\n\'\nSERIALIZATION TERMINATED BY \'	\'\nSTORED AS INPUTFORMAT org.apache.hadoop.mapred.TextInputFormat\nOUTPUTFORMAT org.apache.hadoop.hive.ql.io.HiveIgnoreKeyTextOutputFormat\nLOCATION hdfs://ns1/user/delos/private/zxc\nTBLPROPERTIES (\'EXTERNAL\' \'TRUE\',\n\'transient_lastDdlTime\' \'1457534797\')', NULL, NULL),
	(3571, '8a82948a51995da901521bd76b310003', 'delos', 'mdn_click', '/user/delos/private/mdnclick', 2, NULL, NULL, 'role_tb_select_delos_mdnclick', '2016-04-05 19:23:32', 'CREATE EXTERNAL TABLE \'mdn_click\' (\'ad\' string,\'ua\' string,\'a\' string,\'feature_url\' string,\'target_url\' string,\'feature_cookie\' string,\'target_cookie\' string,\'url\' string,\'host\' string,\'cookie\' string,\'referer\' string)\nROW FORMAT DELIMITED\nFIELDS TERMINATED BY \'	\'\nLINES TERMINATED BY \'\n\'\nSERIALIZATION TERMINATED BY \'	\'\nSTORED AS INPUTFORMAT org.apache.hadoop.mapred.TextInputFormat\nOUTPUTFORMAT org.apache.hadoop.hive.ql.io.HiveIgnoreKeyTextOutputFormat\nLOCATION hdfs://ns1/user/delos/private/mdnclick\nTBLPROPERTIES (\'EXTERNAL\' \'TRUE\',\n\'transient_lastDdlTime\' \'1457951040\')', NULL, NULL),
	(3572, '8a82948a51995da901521bd76b310003', 'delos', 'mdn_ana', '/user/delos/private/mdn_ana', 2, NULL, NULL, 'role_tb_select_delos_mdn_ana', '2016-04-05 19:23:32', 'CREATE TABLE \'mdn_ana\' (\'ad\' string,\'target\' string,\'hostc\' string,\'count\' string,\'type\' string)\nROW FORMAT DELIMITED\nFIELDS TERMINATED BY \'	\'\nLINES TERMINATED BY \'\n\'\nSERIALIZATION TERMINATED BY \'	\'\nSTORED AS INPUTFORMAT org.apache.hadoop.mapred.TextInputFormat\nOUTPUTFORMAT org.apache.hadoop.hive.ql.io.HiveIgnoreKeyTextOutputFormat\nLOCATION hdfs://ns1/user/delos/private/mdn_ana\nTBLPROPERTIES (\'transient_lastDdlTime\' \'1457973718\')', NULL, NULL),
	(3573, '8a82948a517c90d201517cf711a00001', 'gdpi', 'sgc', '/user/gdpi/private/sgc', 2, NULL, NULL, 'role_tb_select_gdpi_sgc', '2016-04-05 19:23:32', 'CREATE EXTERNAL TABLE \'sgc\' (\'srcip\' string,\'ad\' string,\'ts\' bigint,\'url\' string,\'ref\' string,\'ua\' string,\'dstip\' string,\'cookie\' string)\nPARTITIONED BY (\'datelabel\' string,\'loadstamp\' string)\nROW FORMAT DELIMITED\nFIELDS TERMINATED BY \'	\'\nLINES TERMINATED BY \'\n\'\nSERIALIZATION TERMINATED BY \'	\'\nSTORED AS INPUTFORMAT org.apache.hadoop.mapred.TextInputFormat\nOUTPUTFORMAT org.apache.hadoop.hive.ql.io.HiveIgnoreKeyTextOutputFormat\nLOCATION hdfs://ns1/user/gdpi/private/sgc\nTBLPROPERTIES (\'EXTERNAL\' \'TRUE\',\n\'transient_lastDdlTime\' \'1450616691\')', NULL, NULL),
	(3574, '8a82948a51995da90151a957ee680001', 'sample1', 'cmcc', '/user/sample1/private/res/cmcc', 2, NULL, NULL, 'role_tb_select_sample1_res', '2016-04-05 19:23:32', 'CREATE EXTERNAL TABLE \'cmcc\' (\'city\' string,\'imsi\' string,\'imei\' string,\'msisdn\' string,\'cell_id\' string,\'procedure_start_time\' string,\'procedure_end_time\' string,\'protocol_type\' string,\'apptype\' string,\'appsub_type\' string,\'user_ipv4\' string,\'user_ipv6\' string,\'userport\' string,\'app_server_ip_ipv4\' string,\'app_server_ip_ipv6\' string,\'app_server_port\' string,\'ul_flow_bytes\' string,\'dl_flow_bytes\' string,\'host\' string,\'uri\' string,\'user_agent\' string,\'http_content_type\' string,\'refer_uri\' string,\'cookie\' string,\'title\' string,\'keyword\' string)\nPARTITIONED BY (\'date\' string)\nROW FORMAT DELIMITED\nFIELDS TERMINATED BY \'	\'\nLINES TERMINATED BY \'\n\'\nSERIALIZATION TERMINATED BY \'	\'\nSTORED AS INPUTFORMAT org.apache.hadoop.mapred.TextInputFormat\nOUTPUTFORMAT org.apache.hadoop.hive.ql.io.HiveIgnoreKeyTextOutputFormat\nLOCATION hdfs://ns1/user/sample1/private/res/cmcc\nTBLPROPERTIES (\'EXTERNAL\' \'TRUE\',\n\'transient_lastDdlTime\' \'1455625052\')', NULL, NULL),
	(3575, '8a82948a51995da90151a957ee680001', 'sample1', 'url_ua_click', '/user/sample1/private/url_ua', 2, NULL, NULL, 'role_tb_select_sample1_url_ua', '2016-04-05 19:23:32', 'CREATE EXTERNAL TABLE \'url_ua_click\' (\'url\' string,\'ua\' string)\nROW FORMAT DELIMITED\nFIELDS TERMINATED BY \'	\'\nLINES TERMINATED BY \'\n\'\nSERIALIZATION TERMINATED BY \'	\'\nSTORED AS INPUTFORMAT org.apache.hadoop.mapred.TextInputFormat\nOUTPUTFORMAT org.apache.hadoop.hive.ql.io.HiveIgnoreKeyTextOutputFormat\nLOCATION hdfs://ns1/user/sample1/private/url_ua\nTBLPROPERTIES (\'EXTERNAL\' \'TRUE\',\n\'transient_lastDdlTime\' \'1458808027\')', NULL, NULL),
	(3576, '8a82948a51995da90151a957ee680001', 'sample1', 'test', '/user/sample1/private', 2, NULL, NULL, '', '2016-04-05 19:23:32', 'CREATE TABLE \'test\' (\'id\' bigint,\'name\' string)\nROW FORMAT DELIMITED\nFIELDS TERMINATED BY \'	\'\nLINES TERMINATED BY \'\n\'\nSERIALIZATION TERMINATED BY \'	\'\nSTORED AS INPUTFORMAT org.apache.hadoop.mapred.TextInputFormat\nOUTPUTFORMAT org.apache.hadoop.hive.ql.io.HiveIgnoreKeyTextOutputFormat\nLOCATION hdfs://ns1/user/sample1/private\nTBLPROPERTIES (\'transient_lastDdlTime\' \'1459587954\')', NULL, NULL),
	(3577, '8a82948a51995da90151a957ee680001', 'sample1', 'test1', '/user/sample1/private/hive_table_test1', 2, NULL, NULL, 'role_tb_select_sample1_hive_table_test1', '2016-04-05 19:23:32', 'CREATE TABLE \'test1\' (\'id\' bigint,\'name\' string)\nROW FORMAT DELIMITED\nSERIALIZATION TERMINATED BY \'1\'\nSTORED AS INPUTFORMAT org.apache.hadoop.mapred.TextInputFormat\nOUTPUTFORMAT org.apache.hadoop.hive.ql.io.HiveIgnoreKeyTextOutputFormat\nLOCATION hdfs://ns1/user/sample1/private/hive_table_test1\nTBLPROPERTIES (\'numFiles\' \'1\',\n\'numPartitions\' \'0\',\n\'numRows\' \'0\',\n\'rawDataSize\' \'0\',\n\'totalSize\' \'16\',\n\'transient_lastDdlTime\' \'1459824567\')', NULL, NULL),
	(3580, '8a82948a51995da901521bd76b310003', 'delos', 'test_a', '/user/delos/public/test_a', 1, NULL, NULL, 'role_tb_select_delos_test_a', '2016-04-06 02:07:10', 'CREATE TABLE \'test_a\' (\'id\' tinyint,\'name\' string)\nROW FORMAT DELIMITED\nFIELDS TERMINATED BY \'	\'\nLINES TERMINATED BY \'\n\'\nSERIALIZATION TERMINATED BY \'	\'\nSTORED AS INPUTFORMAT org.apache.hadoop.mapred.TextInputFormat\nOUTPUTFORMAT org.apache.hadoop.hive.ql.io.HiveIgnoreKeyTextOutputFormat\nLOCATION hdfs://ns1/user/delos/public/test_a\nTBLPROPERTIES (\'numFiles\' \'1\',\n\'numPartitions\' \'0\',\n\'numRows\' \'0\',\n\'rawDataSize\' \'0\',\n\'totalSize\' \'16\',\n\'transient_lastDdlTime\' \'1459878934\')', NULL, NULL),
	(3581, '8a82948a51995da901521bd76b310003', 'delos', 'test_b', '/user/delos/public/test_a', 1, '', '', 'role_tb_select_delos_test_a', '2016-04-06 02:07:10', 'CREATE EXTERNAL TABLE \'test_b\' (\'id\' tinyint,\'name\' string)\nROW FORMAT DELIMITED\nFIELDS TERMINATED BY \'	\'\nLINES TERMINATED BY \'\n\'\nSERIALIZATION TERMINATED BY \'	\'\nSTORED AS INPUTFORMAT org.apache.hadoop.mapred.TextInputFormat\nOUTPUTFORMAT org.apache.hadoop.hive.ql.io.HiveIgnoreKeyTextOutputFormat\nLOCATION hdfs://ns1/user/delos/public/test_a\nTBLPROPERTIES (\'EXTERNAL\' \'TRUE\',\n\'numFiles\' \'1\',\n\'numPartitions\' \'0\',\n\'numRows\' \'0\',\n\'rawDataSize\' \'0\',\n\'totalSize\' \'16\',\n\'transient_lastDdlTime\' \'1459877198\')', '', '2016-04-17 14:15:11'),
	(3582, '8a82948a51995da90151a957ee680001', 'sample1', 'test_a', '/user/sample1/public/test_a', 1, '', '', 'role_tb_select_sample1_test_a', '2016-04-06 02:07:10', 'CREATE TABLE \'test_a\' (\'id\' tinyint,\'name\' string)\nSTORED AS INPUTFORMAT org.apache.hadoop.mapred.TextInputFormat\nOUTPUTFORMAT org.apache.hadoop.hive.ql.io.HiveIgnoreKeyTextOutputFormat\nLOCATION hdfs://ns1/user/sample1/public/test_a\n', '', '2016-04-06 12:59:12'),
	(3583, '8a82948a51995da901521bd76b310003', 'delos', 'test_1', '/user/delos/private/test_1', 2, NULL, NULL, 'role_tb_select_delos_test_1', '2016-04-19 14:18:25', 'CREATE TABLE \'test_1\' (\'id\' bigint,\'name\' string)\nROW FORMAT DELIMITED\nFIELDS TERMINATED BY \'	\'\nLINES TERMINATED BY \'\n\'\nSERIALIZATION TERMINATED BY \'	\'\nSTORED AS INPUTFORMAT org.apache.hadoop.mapred.TextInputFormat\nOUTPUTFORMAT org.apache.hadoop.hive.ql.io.HiveIgnoreKeyTextOutputFormat\nLOCATION hdfs://ns1/user/delos/private/test_1\nTBLPROPERTIES (\'numFiles\' \'1\',\n\'numPartitions\' \'0\',\n\'numRows\' \'0\',\n\'rawDataSize\' \'0\',\n\'totalSize\' \'37\',\n\'transient_lastDdlTime\' \'1460012548\')', NULL, NULL),
	(3584, '8a82948a53e631eb0153ea5b09f00001', 'u_lx_build', 'test_a', '/user/u_lx_build/private/test_a', 2, NULL, NULL, 'role_tb_select_u_lx_build_test_a', '2016-04-19 14:18:25', 'CREATE TABLE \'test_a\' (\'id\' tinyint,\'name\' string)\nROW FORMAT DELIMITED\nFIELDS TERMINATED BY \'	\'\nLINES TERMINATED BY \'\n\'\nSERIALIZATION TERMINATED BY \'	\'\nSTORED AS INPUTFORMAT org.apache.hadoop.mapred.TextInputFormat\nOUTPUTFORMAT org.apache.hadoop.hive.ql.io.HiveIgnoreKeyTextOutputFormat\nLOCATION hdfs://ns1/user/u_lx_build/private/test_a\nTBLPROPERTIES (\'transient_lastDdlTime\' \'1459926494\')', NULL, NULL),
	(3585, '8a82948a53e631eb0153ea5b09f00001', 'u_lx_build', 'test', '/user/u_lx_build/public/test', 1, NULL, NULL, 'role_tb_select_u_lx_build_test', '2016-04-19 14:18:25', 'CREATE TABLE \'test\' (\'id\' bigint,\'name\' string)\nROW FORMAT DELIMITED\nFIELDS TERMINATED BY \'	\'\nLINES TERMINATED BY \'\n\'\nSERIALIZATION TERMINATED BY \'	\'\nSTORED AS INPUTFORMAT org.apache.hadoop.mapred.TextInputFormat\nOUTPUTFORMAT org.apache.hadoop.hive.ql.io.HiveIgnoreKeyTextOutputFormat\nLOCATION hdfs://ns1/user/u_lx_build/public/test\nTBLPROPERTIES (\'numFiles\' \'1\',\n\'numPartitions\' \'0\',\n\'numRows\' \'0\',\n\'rawDataSize\' \'0\',\n\'totalSize\' \'37\',\n\'transient_lastDdlTime\' \'1460107701\')', NULL, NULL),
	(3586, '8a82948a53e631eb0153ea5b09f00001', 'u_lx_build', 'test_public', '/user/u_lx_build/public/test_public', 1, NULL, NULL, 'role_tb_select_u_lx_build_test_public', '2016-04-19 14:18:25', 'CREATE TABLE \'test_public\' (\'id\' bigint,\'name\' string)\nROW FORMAT DELIMITED\nFIELDS TERMINATED BY \'	\'\nLINES TERMINATED BY \'\n\'\nSERIALIZATION TERMINATED BY \'	\'\nSTORED AS INPUTFORMAT org.apache.hadoop.mapred.TextInputFormat\nOUTPUTFORMAT org.apache.hadoop.hive.ql.io.HiveIgnoreKeyTextOutputFormat\nLOCATION hdfs://ns1/user/u_lx_build/public/test_public\nTBLPROPERTIES (\'numFiles\' \'1\',\n\'numPartitions\' \'0\',\n\'numRows\' \'0\',\n\'rawDataSize\' \'0\',\n\'totalSize\' \'37\',\n\'transient_lastDdlTime\' \'1460520074\')', NULL, NULL),
	(3587, '8a82948a53e631eb0154190d6e060002', 'yuj', 'yuj_test', '/user/yuj/private/yuj_test', 2, NULL, NULL, 'role_tb_select_yuj_yuj_test', '2016-04-19 14:18:25', 'CREATE TABLE \'yuj_test\' (\'filed_a\' int,\'filed_b\' string,\'filed_c\' string)\nSTORED AS INPUTFORMAT org.apache.hadoop.mapred.SequenceFileInputFormat\nOUTPUTFORMAT org.apache.hadoop.hive.ql.io.HiveSequenceFileOutputFormat\nLOCATION hdfs://ns1/user/yuj/private/yuj_test\n', NULL, NULL),
	(3588, '8a82948a53e631eb0154190d6e060002', 'yuj', 'yuj01', '/user/yuj/private/yuj01', 2, NULL, NULL, 'role_tb_select_yuj_yuj01', '2016-04-19 14:39:06', 'CREATE TABLE \'yuj01\' (\'aa\' string,\'bb\' string,\'cc\' string)\nSTORED AS INPUTFORMAT org.apache.hadoop.mapred.TextInputFormat\nOUTPUTFORMAT org.apache.hadoop.hive.ql.io.HiveIgnoreKeyTextOutputFormat\nLOCATION hdfs://ns1/user/yuj/private/yuj01\n', NULL, NULL);
/*!40000 ALTER TABLE `hive_info` ENABLE KEYS */;


-- 导出  表 hadoopadminweb_db.hive_visiters 结构
CREATE TABLE IF NOT EXISTS `hive_visiters` (
  `id` int(11) NOT NULL AUTO_INCREMENT,
  `hp_user_id` varchar(50) DEFAULT NULL,
  `modify_time` datetime DEFAULT NULL,
  `hp_tab_name` varchar(128) DEFAULT NULL,
  `hive_visit_user` varchar(1024) DEFAULT NULL,
  PRIMARY KEY (`id`)
) ENGINE=InnoDB AUTO_INCREMENT=3872 DEFAULT CHARSET=utf8;

-- 正在导出表  hadoopadminweb_db.hive_visiters 的数据：~5 rows (大约)
/*!40000 ALTER TABLE `hive_visiters` DISABLE KEYS */;
INSERT INTO `hive_visiters` (`id`, `hp_user_id`, `modify_time`, `hp_tab_name`, `hive_visit_user`) VALUES
	(3864, '8a82948a517c90d201517cf711a00001', '2015-12-07 23:18:11', 'sada_gdpi_adcookie', '8a82948a517c90d201517cf711a00001'),
	(3865, '8a82948a517c90d201517cf711a00001', '2015-12-07 23:18:32', 'sada_gdpi_click', '8a82948a517c90d201517cf711a00001'),
	(3868, '8a82948a51995da90151a957ee680001', '2015-12-16 15:16:25', 'sample_data_one', '8a82948a51995da90151a957ee680001'),
	(3870, '8a82948a51995da901521bd76b310003', '2016-04-08 16:23:41', 'test_a', '8a82948a51995da901521bd76b310003'),
	(3871, '8a82948a51995da90151a957ee680001', '2016-04-19 14:00:49', 'test_a', '8a82948a51995da90151a957ee680001');
/*!40000 ALTER TABLE `hive_visiters` ENABLE KEYS */;


-- 导出  表 hadoopadminweb_db.info_sync 结构
CREATE TABLE IF NOT EXISTS `info_sync` (
  `id` int(11) NOT NULL AUTO_INCREMENT,
  `user_info` varchar(200) DEFAULT NULL,
  `mc_info` varchar(200) DEFAULT NULL,
  `create_info` timestamp NULL DEFAULT NULL,
  `status` int(2) DEFAULT NULL,
  `execute_time` timestamp NULL DEFAULT NULL,
  `error_mess` varchar(200) DEFAULT NULL,
  `path` varchar(200) DEFAULT NULL,
  PRIMARY KEY (`id`)
) ENGINE=InnoDB AUTO_INCREMENT=254 DEFAULT CHARSET=utf8;

-- 正在导出表  hadoopadminweb_db.info_sync 的数据：~1 rows (大约)
/*!40000 ALTER TABLE `info_sync` DISABLE KEYS */;
INSERT INTO `info_sync` (`id`, `user_info`, `mc_info`, `create_info`, `status`, `execute_time`, `error_mess`, `path`) VALUES
	(253, '8a82948a53e631eb0153ea5b09f00001', '192.2.20.12', '2016-04-15 16:26:16', 0, NULL, NULL, 'home');
/*!40000 ALTER TABLE `info_sync` ENABLE KEYS */;


-- 导出  表 hadoopadminweb_db.kdc_auth 结构
CREATE TABLE IF NOT EXISTS `kdc_auth` (
  `id` int(11) NOT NULL AUTO_INCREMENT,
  `mc_ip` varchar(50) DEFAULT NULL,
  `hp_user_id` varchar(50) DEFAULT NULL,
  `ker_start_time` varchar(50) DEFAULT NULL,
  `ker_end_time` varchar(50) DEFAULT NULL,
  `ker_princ` varchar(50) DEFAULT NULL,
  `ticket_cahce_path` varchar(50) DEFAULT NULL,
  `ker_status` int(2) DEFAULT '1' COMMENT '0成功 1失败',
  `create_time` timestamp NULL DEFAULT CURRENT_TIMESTAMP,
  PRIMARY KEY (`id`)
) ENGINE=InnoDB AUTO_INCREMENT=6591 DEFAULT CHARSET=utf8;

-- 正在导出表  hadoopadminweb_db.kdc_auth 的数据：~10 rows (大约)
/*!40000 ALTER TABLE `kdc_auth` DISABLE KEYS */;
INSERT INTO `kdc_auth` (`id`, `mc_ip`, `hp_user_id`, `ker_start_time`, `ker_end_time`, `ker_princ`, `ticket_cahce_path`, `ker_status`, `create_time`) VALUES
	(6581, '10.2.20.10', '8a82948a517c90d201517cf711a00001', '04/28/16 08:20:12', '05/01/16 08:20:12', 'gdpi@EXAMPLE.COM', '/tmp/krb5cc_504', 0, '2016-04-28 08:22:37'),
	(6582, '10.2.19.12', '8a82948a517c90d201517cf711a00001', '04/28/16 08:20:33', '05/01/16 08:20:33', 'gdpi@EXAMPLE.COM', '/tmp/krb5cc_504', 0, '2016-04-28 08:22:37'),
	(6583, '10.2.20.10', '8a82948a51995da90151a957ee680001', '04/28/16 08:20:43', '05/01/16 08:20:43', 'sample1@EXAMPLE.COM', '/tmp/krb5cc_510', 0, '2016-04-28 08:22:37'),
	(6584, '10.2.19.12', '8a82948a51995da90151a957ee680001', '04/28/16 08:21:04', '05/01/16 08:21:04', 'sample1@EXAMPLE.COM', '/tmp/krb5cc_510', 0, '2016-04-28 08:22:37'),
	(6585, '10.2.20.10', '8a82948a51995da901521bd76b310003', '04/28/16 08:21:14', '05/01/16 08:21:14', 'delos@EXAMPLE.COM', '/tmp/krb5cc_512', 0, '2016-04-28 08:22:37'),
	(6586, '10.2.19.12', '8a82948a51995da901521bd76b310003', '04/28/16 08:21:35', '05/01/16 08:21:35', 'delos@EXAMPLE.COM', '/tmp/krb5cc_512', 0, '2016-04-28 08:22:37'),
	(6587, '10.2.20.10', '8a82948a53e631eb0153ea5b09f00001', '04/28/16 08:21:45', '05/01/16 08:21:45', 'u_lx_build@EXAMPLE.COM', '/tmp/krb5cc_513', 0, '2016-04-28 08:22:37'),
	(6588, '10.2.19.12', '8a82948a53e631eb0153ea5b09f00001', '04/28/16 08:22:06', '05/01/16 08:22:06', 'u_lx_build@EXAMPLE.COM', '/tmp/krb5cc_516', 0, '2016-04-28 08:22:37'),
	(6589, '10.2.19.12', '8a82948a53e631eb0154190d6e060002', '04/28/16 08:22:06', '05/01/16 08:22:06', 'yuj@EXAMPLE.COM', '/tmp/krb5cc_517', 0, '2016-04-28 08:22:37'),
	(6590, '10.2.20.10', '8a82948a53e631eb0154190d6e060002', '04/28/16 08:22:16', '05/01/16 08:22:16', 'yuj@EXAMPLE.COM', '/tmp/krb5cc_514', 0, '2016-04-28 08:22:37');
/*!40000 ALTER TABLE `kdc_auth` ENABLE KEYS */;


-- 导出  表 hadoopadminweb_db.kdc_config 结构
CREATE TABLE IF NOT EXISTS `kdc_config` (
  `id` int(11) NOT NULL AUTO_INCREMENT,
  `hp_user_id` varchar(50) DEFAULT NULL,
  `schedule_id` int(11) DEFAULT NULL COMMENT '调度表id',
  `valid_day` int(5) NOT NULL DEFAULT '0' COMMENT '有效期',
  `mc_ip` varchar(128) DEFAULT NULL,
  `create_time` timestamp NULL DEFAULT CURRENT_TIMESTAMP,
  `status` int(1) DEFAULT '0' COMMENT '1-开启',
  `start_time` timestamp NULL DEFAULT NULL COMMENT '有效期开始时间',
  `end_time` timestamp NULL DEFAULT NULL COMMENT '有限期结束时间',
  PRIMARY KEY (`id`)
) ENGINE=InnoDB AUTO_INCREMENT=726 DEFAULT CHARSET=utf8;

-- 正在导出表  hadoopadminweb_db.kdc_config 的数据：~5 rows (大约)
/*!40000 ALTER TABLE `kdc_config` DISABLE KEYS */;
INSERT INTO `kdc_config` (`id`, `hp_user_id`, `schedule_id`, `valid_day`, `mc_ip`, `create_time`, `status`, `start_time`, `end_time`) VALUES
	(716, '8a82948a517c90d201517cf711a00001', NULL, 0, '10.2.20.10,10.2.19.12', '2015-12-09 09:42:44', 1, '2015-12-20 20:57:31', '2015-12-20 20:57:27'),
	(720, '8a82948a51995da90151a957ee680001', NULL, 0, '10.2.20.10,10.2.19.12', '2015-12-16 21:36:27', 1, '2015-12-20 17:40:51', '2015-12-20 17:40:46'),
	(721, '8a82948a51995da901521bd76b310003', NULL, 0, '10.2.20.10,10.2.19.12', '2016-01-14 09:29:46', 1, '2016-04-05 11:37:35', '2016-04-05 11:35:56'),
	(724, '8a82948a53e631eb0153ea5b09f00001', 1281, 1, '10.2.20.10,10.2.19.12', '2016-04-06 15:03:01', 1, '2016-04-07 17:32:08', '2016-04-08 17:32:08'),
	(725, '8a82948a53e631eb0154190d6e060002', NULL, 0, '10.2.19.12', '2016-04-15 16:34:46', 1, '2016-04-18 15:53:46', '2016-04-18 15:52:59');
/*!40000 ALTER TABLE `kdc_config` ENABLE KEYS */;


-- 导出  表 hadoopadminweb_db.machine_info 结构
CREATE TABLE IF NOT EXISTS `machine_info` (
  `id` int(11) NOT NULL AUTO_INCREMENT,
  `mc_ip` varchar(50) DEFAULT NULL,
  `mc_user` varchar(50) DEFAULT NULL,
  `mc_pw` varchar(50) DEFAULT NULL,
  `cluster_type` int(2) DEFAULT NULL,
  `mc_type` int(2) DEFAULT NULL,
  `mc_status` int(2) DEFAULT NULL,
  `mc_remarks` varchar(100) DEFAULT NULL,
  `add_user` int(1) DEFAULT '0' COMMENT '0:不添加；1添加',
  PRIMARY KEY (`id`)
) ENGINE=InnoDB AUTO_INCREMENT=127 DEFAULT CHARSET=utf8;

-- 正在导出表  hadoopadminweb_db.machine_info 的数据：~10 rows (大约)
/*!40000 ALTER TABLE `machine_info` DISABLE KEYS */;
INSERT INTO `machine_info` (`id`, `mc_ip`, `mc_user`, `mc_pw`, `cluster_type`, `mc_type`, `mc_status`, `mc_remarks`, `add_user`) VALUES
	(117, '10.2.20.13', 'hadoop', 'ShDW6,.hd', 1, 1, 1, 'nn', 0),
	(118, '10.2.20.14', 'hadoop', 'ShDW6,.hd', 1, 1, 0, 'nn', 0),
	(119, '0.0.0.0', 'hadoop', 'ShDW6,.hd', 1, 2, 1, 'dn', 0),
	(120, '10.2.20.10', 'hadoop', 'ShDW6,.hd', 1, 3, 1, 'client', 1),
	(121, '10.2.20.13', 'hadoop', 'ShDW6,.hd', 1, 4, 1, 'kdc', 0),
	(122, '10.2.19.12', 'hadoop', 'ShDW6,.hd', 1, 5, 1, 'hive', 0),
	(123, '10.2.20.10', 'hadoop', 'ShDW6,.hd', 1, 6, 1, 'clustshell', 0),
	(124, '10.2.20.14', 'hadoop', 'ShDW6,.hd', 1, 7, 1, 'rm', 0),
	(125, '10.2.20.10', 'hadoop', 'ShDW6,.hd', 1, 9, 1, 'rm', 0),
	(126, '10.2.19.12', 'hadoop', 'ShDW6,.hd', 1, 3, 1, 'client', 1);
/*!40000 ALTER TABLE `machine_info` ENABLE KEYS */;


-- 导出  表 hadoopadminweb_db.mc_type_name 结构
CREATE TABLE IF NOT EXISTS `mc_type_name` (
  `id` int(100) NOT NULL,
  `mc_type` int(100) DEFAULT NULL,
  `mc_type_name` varchar(50) DEFAULT NULL,
  PRIMARY KEY (`id`)
) ENGINE=InnoDB DEFAULT CHARSET=utf8;

-- 正在导出表  hadoopadminweb_db.mc_type_name 的数据：~8 rows (大约)
/*!40000 ALTER TABLE `mc_type_name` DISABLE KEYS */;
INSERT INTO `mc_type_name` (`id`, `mc_type`, `mc_type_name`) VALUES
	(1, 1, 'NN'),
	(2, 2, 'DN'),
	(3, 3, 'Client'),
	(4, 4, 'KDC'),
	(5, 5, 'Hive'),
	(6, 6, 'Clushell'),
	(7, 7, 'RM'),
	(9, 9, 'WebApp');
/*!40000 ALTER TABLE `mc_type_name` ENABLE KEYS */;


-- 导出  表 hadoopadminweb_db.scheduler_yarn_configuration 结构
CREATE TABLE IF NOT EXISTS `scheduler_yarn_configuration` (
  `id` int(11) NOT NULL AUTO_INCREMENT,
  `key` varchar(512) DEFAULT NULL,
  `value` varchar(512) DEFAULT NULL,
  `description` varchar(2048) DEFAULT NULL,
  PRIMARY KEY (`id`),
  UNIQUE KEY `key` (`key`(255)) USING BTREE
) ENGINE=InnoDB DEFAULT CHARSET=utf8;

-- 正在导出表  hadoopadminweb_db.scheduler_yarn_configuration 的数据：~0 rows (大约)
/*!40000 ALTER TABLE `scheduler_yarn_configuration` DISABLE KEYS */;
/*!40000 ALTER TABLE `scheduler_yarn_configuration` ENABLE KEYS */;


-- 导出  表 hadoopadminweb_db.t_customer 结构
CREATE TABLE IF NOT EXISTS `t_customer` (
  `id` int(11) NOT NULL AUTO_INCREMENT COMMENT '主键id',
  `NAME` varchar(64) DEFAULT NULL COMMENT '客户名',
  `MANAGER_ID` int(11) DEFAULT NULL COMMENT '客户经理id',
  `COMPANY_TYPE` int(11) DEFAULT NULL COMMENT '公司类型',
  `COMPANY_TELEPHONE` varchar(64) DEFAULT NULL COMMENT '公司电话',
  `CONTACT_NAME` varchar(32) DEFAULT NULL COMMENT '联系人',
  `CONTACT_MOBILE` varchar(64) DEFAULT NULL COMMENT '联系人手机',
  `EMAIL` varchar(64) DEFAULT NULL COMMENT '邮件',
  `ADDRESS` varchar(128) DEFAULT NULL COMMENT '地址',
  `LEGAL_PERSON` varchar(32) DEFAULT NULL COMMENT '法人',
  `BUSINESS_NUMBER` varchar(64) DEFAULT NULL COMMENT '工商号',
  `REMARK` varchar(64) DEFAULT NULL COMMENT '备注',
  `STATUS` int(11) DEFAULT NULL COMMENT '状态：0-生效，1-失效',
  `CREATE_DATE` datetime DEFAULT NULL COMMENT '创建日期',
  `CREATE_USER` int(11) DEFAULT NULL COMMENT '创建人',
  `DATE_LAST_UPDATED` datetime DEFAULT NULL COMMENT '最后更新日期',
  `PERSON_LAST_UPDATED` int(11) DEFAULT NULL COMMENT '最后更新人',
  `DEL_FLAG` int(11) DEFAULT NULL COMMENT '删除状态：0-正常，1-删除',
  `HADOOP_USER_MAX` int(11) DEFAULT NULL COMMENT '最大用户数',
  `QUEUE_RESOURCE_MAX` int(11) DEFAULT NULL COMMENT '队列最大资源数',
  `QUEUE_CPU_MAX` int(11) DEFAULT NULL COMMENT '队列最大cpu数',
  `HDFS_FILE_COUNT` int(11) DEFAULT NULL COMMENT 'hdfs文件数配额',
  `HDFS_SPACE` int(11) DEFAULT NULL COMMENT 'hdfs目录配额空间',
  PRIMARY KEY (`id`)
) ENGINE=MyISAM AUTO_INCREMENT=201 DEFAULT CHARSET=utf8;

-- 正在导出表  hadoopadminweb_db.t_customer 的数据：3 rows
/*!40000 ALTER TABLE `t_customer` DISABLE KEYS */;
INSERT INTO `t_customer` (`id`, `NAME`, `MANAGER_ID`, `COMPANY_TYPE`, `COMPANY_TELEPHONE`, `CONTACT_NAME`, `CONTACT_MOBILE`, `EMAIL`, `ADDRESS`, `LEGAL_PERSON`, `BUSINESS_NUMBER`, `REMARK`, `STATUS`, `CREATE_DATE`, `CREATE_USER`, `DATE_LAST_UPDATED`, `PERSON_LAST_UPDATED`, `DEL_FLAG`, `HADOOP_USER_MAX`, `QUEUE_RESOURCE_MAX`, `QUEUE_CPU_MAX`, `HDFS_FILE_COUNT`, `HDFS_SPACE`) VALUES
	(61, '上海理想信息产业（集团）有限公司', 1, 0, '0', '张弛', '18918726543', 'zhangchi@shtel.com.cn', '0', '0', '0', '0', 0, NULL, 1, '2016-04-05 22:01:49', 1, 0, 10, 1024000, 100, 9999, 100),
	(199, '东方国信', NULL, NULL, '02153427746', '王林', '18917263546', '', '', '', '', '', 0, '2016-04-05 11:44:35', 1, '2016-04-05 19:34:05', 1, 0, 100, 1024000, 100, 999999, 999),
	(200, '信息中心', NULL, NULL, '18910000000', 'wanghuiren', '18910000000', '', '', '', '', '测试', 0, '2016-04-06 14:54:19', 1, '2016-04-06 14:54:19', 1, 0, 10, 102400, 100, 50, 100);
/*!40000 ALTER TABLE `t_customer` ENABLE KEYS */;


-- 导出  表 hadoopadminweb_db.t_menu 结构
CREATE TABLE IF NOT EXISTS `t_menu` (
  `ID` int(11) NOT NULL AUTO_INCREMENT COMMENT '主键id',
  `TITLE` varchar(256) NOT NULL COMMENT '菜单名',
  `URL` varchar(256) DEFAULT NULL COMMENT '菜单URl',
  `PARENT_ID` int(11) DEFAULT NULL COMMENT '父菜单ID',
  `CSS_CLASS` varchar(256) DEFAULT NULL COMMENT '菜单样式',
  `TYPE` int(11) DEFAULT NULL COMMENT '类型:1 - 菜单;2 - 按钮',
  `CODE` varchar(255) DEFAULT NULL COMMENT 'permission(require_log_add,require_log_update..........)',
  `CREATE_DATE` date DEFAULT NULL COMMENT '创建时间',
  `CREATE_USER` int(11) DEFAULT NULL COMMENT '创建人',
  `LAST_UPDATE_DATE` date DEFAULT NULL COMMENT '最后修改时间',
  `LAST_UPDATE_USER` int(11) DEFAULT NULL COMMENT '最后修改人',
  `DEL_FLAG` int(11) DEFAULT NULL COMMENT '删除状态：0- 正常；1 - 删除',
  `SORT` int(11) DEFAULT NULL COMMENT '排序',
  `STATUS` int(11) DEFAULT NULL COMMENT '预留字段  状态',
  PRIMARY KEY (`ID`)
) ENGINE=InnoDB AUTO_INCREMENT=325 DEFAULT CHARSET=utf8;

-- 正在导出表  hadoopadminweb_db.t_menu 的数据：~59 rows (大约)
/*!40000 ALTER TABLE `t_menu` DISABLE KEYS */;
INSERT INTO `t_menu` (`ID`, `TITLE`, `URL`, `PARENT_ID`, `CSS_CLASS`, `TYPE`, `CODE`, `CREATE_DATE`, `CREATE_USER`, `LAST_UPDATE_DATE`, `LAST_UPDATE_USER`, `DEL_FLAG`, `SORT`, `STATUS`) VALUES
	(1, '系统管理', NULL, NULL, 'icon-cogs', 1, NULL, NULL, NULL, NULL, NULL, 0, 0, NULL),
	(7, '账户管理', '/system/user_manage.do', 1, NULL, 1, NULL, NULL, NULL, '2015-04-24', 1, 0, 2, NULL),
	(16, '用户菜单', NULL, NULL, ' icon-user', 1, NULL, NULL, NULL, NULL, NULL, 0, 3, NULL),
	(17, '角色管理', '/system/role_manage.do', 1, NULL, 1, NULL, NULL, NULL, NULL, NULL, 0, 4, NULL),
	(20, '参数管理', '/system/parameter.do', 1, NULL, 1, NULL, NULL, NULL, NULL, NULL, 0, 5, NULL),
	(42, '修改密码', '/user/modify_user_password.do', 16, NULL, 1, NULL, NULL, NULL, NULL, NULL, 0, 6, NULL),
	(43, '账户管理新建按钮', NULL, 7, NULL, 2, 'user_add', NULL, NULL, NULL, NULL, 0, 7, NULL),
	(44, '账户管理修改按钮', NULL, 7, NULL, 2, 'user_modify', NULL, NULL, NULL, NULL, 0, 8, NULL),
	(45, '账户管理删除按钮', NULL, 7, NULL, 2, 'user_delete', NULL, NULL, NULL, NULL, 0, 9, NULL),
	(46, '账户管理审核按钮', NULL, 7, NULL, 2, 'user_audit', NULL, NULL, NULL, NULL, 0, 10, NULL),
	(47, '角色管理新建按钮', NULL, 17, NULL, 2, 'role_add', NULL, NULL, NULL, NULL, 0, 11, NULL),
	(48, '角色管理修改按钮', NULL, 17, NULL, 2, 'role_modify', NULL, NULL, NULL, NULL, 0, 12, NULL),
	(49, '角色管理删除按钮', NULL, 17, NULL, 2, 'role_delete', NULL, NULL, NULL, NULL, 0, 13, NULL),
	(50, '角色管理授权按钮', NULL, 17, NULL, 2, 'role_authority', NULL, NULL, NULL, NULL, 0, 14, NULL),
	(57, '参数管理新建按钮', NULL, 20, NULL, 2, 'parameter_add', NULL, NULL, NULL, NULL, 0, 15, NULL),
	(58, '参数管理修改按钮', NULL, 20, NULL, 2, 'parameter_modify', NULL, NULL, NULL, NULL, 0, 16, NULL),
	(59, '参数管理删除按钮', NULL, 20, NULL, 2, 'parameter_delete', NULL, NULL, NULL, NULL, 0, 17, NULL),
	(60, '参数管理子项新建按钮', NULL, 20, NULL, 2, 'parameter_child_add', NULL, NULL, NULL, NULL, 0, 18, NULL),
	(61, '参数管理子项修改按钮', NULL, 20, NULL, 2, 'parameter_child_modify', NULL, NULL, NULL, NULL, 0, 19, NULL),
	(62, '参数管理子项删除按钮', NULL, 20, NULL, 2, 'parameter_child_delete', NULL, NULL, NULL, NULL, 0, 20, NULL),
	(81, '参数管理新建子项按钮', NULL, 20, NULL, 2, 'parameter_child_add_child', NULL, NULL, NULL, NULL, 0, 21, NULL),
	(121, '账户管理重置密码按钮', NULL, 7, NULL, 2, 'user_resetPassword', NULL, NULL, '2015-09-15', NULL, 0, 22, NULL),
	(208, '菜单管理', '/system/menu_manage.do', 1, NULL, 1, NULL, '2015-04-24', 1, '2015-04-27', 1, 0, 23, NULL),
	(209, '菜单管理新增按钮', NULL, 208, NULL, 2, 'menu_add', '2015-04-24', 1, '2015-04-27', 1, 0, 24, NULL),
	(223, '菜单管理删除按钮', NULL, 208, NULL, 2, 'menu_delete', '2015-04-27', 1, '2015-04-27', 1, 0, 25, NULL),
	(224, '菜单管理修改按钮', NULL, 208, NULL, 2, 'menu_modify', '2015-04-27', 1, '2015-04-27', 1, 0, 26, NULL),
	(226, '菜单管理查看子菜单按钮', NULL, 208, NULL, 2, 'load_childMenu', '2015-04-28', 1, '2015-04-28', 1, 0, 27, NULL),
	(284, '元数据管理', '', NULL, 'icon-text-width', 1, '', '2015-09-14', 1, '2015-09-14', 1, 0, 31, NULL),
	(286, 'hive元数据管理', '/metadata/hive_list.do', 284, '', 1, '', '2015-09-14', 1, '2015-09-14', 1, 0, 32, NULL),
	(287, '机器管理', '/system/machine_list.do', 1, NULL, 1, NULL, NULL, NULL, NULL, NULL, 0, 33, NULL),
	(288, 'kerberos管理', NULL, NULL, 'icon-text-width', 1, NULL, NULL, NULL, NULL, NULL, 0, 34, NULL),
	(289, 'kerberos配置', '/kerberos/kerberos_list.do', 288, NULL, 1, NULL, NULL, NULL, NULL, NULL, 0, 35, NULL),
	(290, 'hdfs元数据管理', '/metadata/hdfs_list.do', 284, NULL, 1, NULL, '2015-09-18', 1, '2015-09-18', 1, 0, 36, NULL),
	(291, '信息同步', '/system/synchron_list.do', 1, NULL, 1, NULL, NULL, NULL, NULL, NULL, NULL, 37, NULL),
	(292, '事件信息', '/system/eventInfo_list.do', 1, NULL, 1, NULL, NULL, 1, NULL, NULL, 0, 38, NULL),
	(293, 'kerberos刷新列表', '/kerberos/kdcAuth_list.do', 288, NULL, 1, NULL, NULL, NULL, NULL, NULL, 0, 39, NULL),
	(294, 'HDFS和队列配置', '/system/hdfs_mr_list.do', 319, NULL, 1, NULL, NULL, NULL, NULL, NULL, 0, 40, NULL),
	(300, '日志管理', NULL, NULL, 'icon-list-alt', 1, NULL, '2015-10-10', 1, '2015-10-10', 1, 0, 41, NULL),
	(301, '查看日志', '/daily/view_daily.do', 300, NULL, 1, NULL, '2015-10-10', 1, '2015-10-10', 1, 0, 42, NULL),
	(302, '报表管理', NULL, NULL, 'icon-bar-chart', 1, NULL, NULL, 1, NULL, 1, 0, 43, NULL),
	(303, '队列资源报表', '/report/queue_list.do', 302, NULL, 1, NULL, NULL, 1, NULL, 1, 0, 44, NULL),
	(304, '用户认证信息报表', '/report/userApprove_list.do', 302, NULL, 1, NULL, NULL, 1, NULL, 1, 0, 45, NULL),
	(305, 'HDFS HIVE权限报表(目录和库主导)', '/report/jurisdiction_list.do', 302, NULL, 1, NULL, NULL, 1, NULL, 1, 0, 46, NULL),
	(306, 'HDFS HIVE权限报表(用户主导)', '/report/dataPur_list.do', 302, NULL, 1, NULL, NULL, 1, NULL, 1, 0, 47, NULL),
	(307, 'HDFS配置报表', '/report/HDFS_list.do', 302, NULL, 1, NULL, NULL, 1, NULL, 1, 0, 48, NULL),
	(309, '权限管理', '', NULL, ' icon-lock', 1, '', '2015-10-22', 1, '2015-10-22', 1, 0, 1, NULL),
	(310, 'HDFS管理', '/hdfs/query_dir_list.do', 309, '', 1, '', '2015-10-22', 1, '2015-10-22', 1, 0, 1, NULL),
	(311, 'HIVE管理', '/hive/query_table_list.do', 309, '', 1, '', '2015-10-22', 1, '2015-10-22', 1, 0, 2, NULL),
	(312, '租户管理', '/system/customer_manage.do', 316, '', 1, '', '2015-10-22', 1, '2015-10-22', 1, 0, NULL, NULL),
	(313, '客户管理新建按钮', '', 312, '', 2, 'customer_add', '2015-09-15', 1, '2015-09-15', 1, 0, 0, NULL),
	(314, '客户管理修改按钮', '', 312, '', 2, 'customer_modify', '2015-09-15', 1, '2015-09-15', 1, 0, 0, NULL),
	(315, '客户管理删除按钮', '', 312, '', 2, 'customer_delete', '2015-09-15', 1, '2015-09-15', 1, 0, 0, NULL),
	(316, '租户管理', '', NULL, ' icon-group', 1, '', '2015-10-22', 1, '2015-10-22', 1, 0, NULL, NULL),
	(317, '用户管理', '/hadoopUser/query_hadoopuser_list.do', 316, '', 1, '', '2015-10-22', 1, '2015-10-22', 1, 0, 1, NULL),
	(319, '队列资源管理', NULL, NULL, 'icon-tasks', 1, NULL, NULL, 1, NULL, 1, 0, 1, NULL),
	(320, 'vewve', 'evcewrfq3wf', NULL, 'rwfe', 2, 'vwevcdsc', '2015-11-02', 1, '2015-11-02', 1, 1, 100, NULL),
	(321, 'a', 'vrwgvergvre', 1, 'g335re', 1, 'fdbevfdc', '2015-11-04', 1, '2015-11-04', 1, 1, 3, NULL),
	(322, 'HDFS对比', '/hdfs/compareHdfs.do', 309, NULL, 1, NULL, NULL, NULL, NULL, NULL, NULL, NULL, NULL),
	(324, 'HDFS集群数据迁移', '/hdfs/transition_cluster.do', 309, '', 1, '', '2016-03-29', 1, '2016-03-29', 1, 0, NULL, NULL);
/*!40000 ALTER TABLE `t_menu` ENABLE KEYS */;


-- 导出  表 hadoopadminweb_db.t_operations 结构
CREATE TABLE IF NOT EXISTS `t_operations` (
  `operation_name` varchar(100) DEFAULT NULL,
  `url` varchar(100) NOT NULL,
  `id` int(11) NOT NULL AUTO_INCREMENT,
  PRIMARY KEY (`id`),
  UNIQUE KEY `controller` (`url`)
) ENGINE=InnoDB AUTO_INCREMENT=129 DEFAULT CHARSET=utf8;

-- 正在导出表  hadoopadminweb_db.t_operations 的数据：~128 rows (大约)
/*!40000 ALTER TABLE `t_operations` DISABLE KEYS */;
INSERT INTO `t_operations` (`operation_name`, `url`, `id`) VALUES
	(NULL, '/system/user_manage.do', 1),
	(NULL, '/main/home_page.do', 2),
	('hive元数据管理', '/metadata/hive_list.do', 3),
	(NULL, '/hadoopUser/query_hadoopuser_list.do', 4),
	('搜索hive元数据', '/metadata/select_hpUn.do', 5),
	('hdfs元数据管理', '/metadata/hdfs_list.do', 6),
	('搜索hdfs元数据', '/metadata/select_hpUv.do', 7),
	(NULL, '/hdfs/query_dir_list.do', 8),
	(NULL, '/hdfs/query_dir_pop.do', 9),
	('HDFS HIVE报表(用户和库主导)', '/report/jurisdiction_list.do', 10),
	(NULL, '/system/parameter.do', 11),
	(NULL, '/system/menu_manage.do', 12),
	('机器列表', '/system/machine_list.do', 13),
	('查看日志', '/daily/view_daily.do', 14),
	(NULL, '/hdfs/add_dir_pop.do', 15),
	('修改hdfs元数据', '/metadata/edit_hdfs_pop.do', 16),
	('保存hdfs元数据', '/metadata/save_hdfsInfo.do', 17),
	('查看hdfs元数据', '/metadata/view_hdfs_pop.do', 18),
	(NULL, '/hive/query_table_list.do', 19),
	('添加机器', '/system/add_machine_pop.do', 20),
	(NULL, '/hadoopUser/reset_password_pop.do', 21),
	('kerberos配置', '/kerberos/kerberos_list.do', 22),
	('刷新机器列表', '/kerberos/kdcAuth_list.do', 23),
	(NULL, '/hadoopUser/edit_hadoopuser_pop.do', 24),
	(NULL, '/hive/query_groupuser_pop.do', 25),
	(NULL, '/hive/query_otheruser_pop.do', 26),
	(NULL, '/hdfs/query_groupuser_pop.do', 27),
	(NULL, '/hdfs/query_otheruser_pop.do', 28),
	(NULL, '/hadoopUser/pause_user.do', 29),
	(NULL, '/hadoopUser/delete_hadoopuser.do', 30),
	('配置HDFS和MR', '/system/hdfs_mr_list.do', 31),
	('查找用户名', '/system/find_username.do', 32),
	('添加HDFS', '/system/add_hdfs_pop.do', 33),
	('保存HDFS', '/system/save_hdfs.do', 34),
	('添加MR', '/system/add_mr_pop.do', 35),
	('检查队列名是否重复', '/system/check_queue.do', 36),
	('保存MR', '/system/save_mr.do', 37),
	(NULL, '/system/add_parameterNew_pop.do', 38),
	(NULL, '/system/check_key.do', 39),
	('子参数列表', '/system/parameter_child_pop.do', 40),
	(NULL, '/system/save_parameterNew.do', 41),
	('父参数列表', '/system/parameter_parent_pop.do', 42),
	(NULL, '/system/delete_parent.do', 43),
	('队列报表', '/report/queue_list.do', 44),
	('查找队列', '/report/find_queue.do', 45),
	(NULL, '/hdfs/save_hdfsInfo.do', 46),
	(NULL, '/hdfs/add_pri_pop.do', 47),
	(NULL, '/hdfs/del_pri_pop.do', 48),
	(NULL, '/hive/query_table_pop.do', 49),
	('用户认证信息报表', '/report/userApprove_list.do', 50),
	('HDFS HIVE权限报表(用户主导)', '/report/dataPur_list.do', 51),
	('同步列表', '/system/synchron_list.do', 52),
	(NULL, '/system/edit_synchron.do', 53),
	('下载用户认证信息报表', '/report/down_app.do', 54),
	('修改hive元数据', '/metadata/edit_hive_pop.do', 55),
	(NULL, '/hadoopUser/save_hadoopuser.do', 56),
	(NULL, '/system/eventInfo_list.do', 57),
	(NULL, '/report/down_hdfs_hive.do', 58),
	('添加kerberos', '/kerberos/add_config_pop.do', 59),
	('保存添加的kerberos', '/kerberos/save_config.do', 60),
	('配置机器ip', '/kerberos/mc_edit_pop.do', 61),
	('配置机器ip', '/kerberos/kdc_edit.do', 62),
	('开启kerberos认证', '/kerberos/open_att.do', 63),
	('关闭kerberos认证', '/kerberos/close_att.do', 64),
	(NULL, '/system/load_childMenu_pop.do', 65),
	(NULL, '/system/delete_menu.do', 66),
	(NULL, '/system/role_manage.do', 67),
	(NULL, '/system/edit_menu_pop.do', 68),
	(NULL, '/system/save_menu.do', 69),
	(NULL, '/system/edit_user_pop.do', 70),
	(NULL, '/report/HDFS_list.do', 71),
	(NULL, '/system/edit_machine_pop.do', 72),
	(NULL, '/system/flush.do', 73),
	(NULL, '/system/customer_manage.do', 74),
	(NULL, '/system/edit_customer_pop.do', 75),
	(NULL, '/system/add_synchron_pop.do', 76),
	(NULL, '/hadoopUser/open_user.do', 77),
	(NULL, '/hdfs/delete_hdfs.do', 78),
	(NULL, '/system/check_name_ip.do', 79),
	(NULL, '/system/save_machine.do', 80),
	(NULL, '/system/delete_machine.do', 81),
	(NULL, '/metadata/load_hiveInfo_pop.do', 82),
	(NULL, '/hive/add_pri_pop.do', 83),
	(NULL, '/system/edit_event.do', 84),
	(NULL, '/system/add_event_pop.do', 85),
	(NULL, '/hive/del_pri_pop.do', 86),
	(NULL, '/user/modify_user_password.do', 87),
	(NULL, '/hive/flush_hive.do', 88),
	(NULL, '/system/save_synchron.do', 89),
	(NULL, '/system/save_event.do', 90),
	(NULL, '/system/save_user.do', 91),
	(NULL, '/hdfs/flush_hdfs.do', 92),
	(NULL, '/system/check_user_pop.do', 93),
	(NULL, '/system/check_deal_user_pop.do', 94),
	(NULL, '/system/delete_user.do', 95),
	(NULL, '/system/reset_password_pop.do', 96),
	(NULL, '/system/reset_password.do', 97),
	(NULL, '/system/edit_role_pop.do', 98),
	(NULL, '/system/save_role.do', 99),
	(NULL, '/system/delete_role.do', 100),
	(NULL, '/system/authority_role_pop.do', 101),
	(NULL, '/system/save_roleMenu.do', 102),
	(NULL, '/system/save_customer.do', 103),
	(NULL, '/system/delete_customer.do', 104),
	(NULL, '/hadoopUser/reset_password.do', 105),
	(NULL, '/hdfs/delete_hdfs_pop.do', 106),
	(NULL, '/user/modify_pwd.do', 107),
	(NULL, '/system/select_menu.do', 108),
	(NULL, '/system/edit_synchrons.do', 109),
	(NULL, '/metadata/flush_hive.do', 110),
	(NULL, '/metadata/flush_hdfs.do', 111),
	(NULL, '/hdfs/compareHdfs.do', 112),
	(NULL, '/metadata/save_hiveInfo.do', 113),
	(NULL, '/hdfs/query_hdfsList_pop.do', 114),
	(NULL, '/hdfs/query_dbList_pop.do', 115),
	(NULL, '/hdfs/delHDFS.do', 116),
	(NULL, '/hdfs/addDB.do', 117),
	(NULL, '/hdfs/delDB.do', 118),
	(NULL, '/system/del_mr.do', 119),
	(NULL, '/hdfs/addHDFS.do', 120),
	(NULL, '/hdfs/transition_cluster.do', 121),
	(NULL, '/hdfs/findHadoopUser.do', 122),
	(NULL, '/hdfs/findHdfsFolder.do', 123),
	(NULL, '/hdfs/transferDataSource.do', 124),
	(NULL, '/hdfs/stopStatus.do', 125),
	(NULL, '/hdfs/openStatus.do', 126),
	(NULL, '/hdfs/deleteTransferData.do', 127),
	(NULL, '/report/down_all.do', 128);
/*!40000 ALTER TABLE `t_operations` ENABLE KEYS */;


-- 导出  表 hadoopadminweb_db.t_parameter 结构
CREATE TABLE IF NOT EXISTS `t_parameter` (
  `ID` int(11) NOT NULL AUTO_INCREMENT COMMENT '主键id',
  `CODE` varchar(32) DEFAULT NULL COMMENT '编码',
  `NAME` varchar(64) DEFAULT NULL COMMENT '名称',
  `PARENT_ID` int(11) DEFAULT NULL COMMENT '父参数ID',
  `TYPE` varchar(32) DEFAULT NULL COMMENT '类型',
  `REMARK` varchar(1024) DEFAULT NULL COMMENT '备注',
  `STATUS` int(11) DEFAULT NULL COMMENT '状态：0-生效；1- 失效',
  `CREATE_DATE` date DEFAULT NULL COMMENT '创建日期',
  `CREATE_USER` int(11) DEFAULT NULL COMMENT '创建人',
  `DATE_LAST_UPDATED` date DEFAULT NULL COMMENT '最后更新日期',
  `PERSON_LAST_UPDATED` int(11) DEFAULT NULL COMMENT '最后更新人',
  `DEL_FLAG` int(11) DEFAULT NULL COMMENT '删除状态：0-正常；1-删除',
  PRIMARY KEY (`ID`)
) ENGINE=InnoDB AUTO_INCREMENT=261 DEFAULT CHARSET=utf8;

-- 正在导出表  hadoopadminweb_db.t_parameter 的数据：~111 rows (大约)
/*!40000 ALTER TABLE `t_parameter` DISABLE KEYS */;
INSERT INTO `t_parameter` (`ID`, `CODE`, `NAME`, `PARENT_ID`, `TYPE`, `REMARK`, `STATUS`, `CREATE_DATE`, `CREATE_USER`, `DATE_LAST_UPDATED`, `PERSON_LAST_UPDATED`, `DEL_FLAG`) VALUES
	(1, '1000', '身份', 259, NULL, '身份', 0, '2015-01-28', 1, '2015-01-28', 1, 0),
	(2, '100001', '客户', 1, 'Identity', '客户', 0, '2015-01-28', 1, '2015-01-28', 1, 0),
	(3, '100002', '管理员', 1, 'Identity', '管理员', 0, '2015-01-28', 1, '2015-01-28', 1, 0),
	(4, '100003', '客户经理', 1, 'Identity', '客户经理', 0, '2015-01-28', 1, '2015-01-28', 1, 0),
	(5, '100004', '产品经理', 1, 'Identity', '产品经理', 0, '2015-01-28', 1, '2015-01-28', 1, 0),
	(6, '3000', '状态', 259, NULL, '状态', 0, '2015-01-28', 1, '2015-01-28', 1, 0),
	(7, '300001', '生效', 6, 'Status', '正常', 0, '2015-01-28', 1, '2015-01-28', 1, 1),
	(8, '300002', '失效', 6, 'Status', '锁定', 0, '2015-01-28', 1, '2015-01-28', 1, 1),
	(9, '2000', '公司类型', 259, NULL, '公司类型', 0, '2015-01-28', 1, '2015-01-28', 1, 0),
	(10, '200001', '客户', 9, 'CompanyType', '客户', 0, '2015-01-28', 1, '2015-01-28', 1, 0),
	(11, '200002', '运营方', 9, 'CompanyType', '运营方', 0, '2015-01-28', 1, '2015-01-28', 1, 0),
	(12, '4000', '合同类型', 259, NULL, '合同类型', 0, '2015-01-28', 1, '2015-01-28', 1, 0),
	(13, '400001', '销售合同', 12, 'ContractType', '销售合同', 0, '2015-01-28', 1, '2015-01-28', 1, 0),
	(14, '400002', '服务合同', 12, 'ContractType', '服务合同', 0, '2015-01-28', 1, '2015-01-28', 1, 0),
	(16, '5000', '业务大类', 259, NULL, '业务大类', 0, '2015-01-28', 1, '2015-01-28', 1, 0),
	(17, '50001', '内部使用', 16, 'Category', '内部使用', 0, '2015-01-28', 1, '2015-01-28', 1, 0),
	(18, '50002', '外部使用', 16, 'Category', '外部使用', 0, '2015-01-28', 1, '2015-01-28', 1, 0),
	(26, '6000', '功能分类', 259, NULL, '功能分类', 0, '2015-02-04', 1, '2015-02-04', 1, 0),
	(27, '60001', '营销', 26, 'functionId', '产品营销，可定向，用户群非指定，以销售量为诉求，后续流程必须', 0, '2015-02-04', 1, '2015-02-04', 1, 0),
	(28, '60002', '广告', 26, 'functionId', '广而告之，可定向，用户群非指定，以曝光量为诉求，后续流程非必须 ', 0, '2015-02-04', 1, '2015-02-04', 1, 0),
	(29, '7000', '内容分类', 259, NULL, '内容分类', 0, '2015-02-04', 1, '2015-02-04', 1, 0),
	(30, '70001', '流量引导', 29, 'contentId', '流量引导', 0, '2015-02-04', 1, '2015-02-04', 1, 0),
	(31, '70002', '品牌推广', 29, 'contentId', '品牌推广', 0, '2015-02-04', 1, '2015-02-04', 1, 0),
	(32, '8000', '业务名称', 259, NULL, NULL, 0, '2015-02-04', 1, '2015-02-28', 1, 0),
	(33, '80001', '直投广告', 32, 'businessName', '直投广告', 0, '2015-02-04', 1, '2015-02-04', 1, 0),
	(34, '80002', '活动广告', 32, 'businessName', '活动广告', 0, '2015-02-04', 1, '2015-02-04', 1, 1),
	(65, '60003', '通知', 26, 'functionId', '信息通知，无定向，用户群指定，以到达率为诉求，后续流程非必须', 0, '2015-03-03', 1, '2015-03-03', 1, 0),
	(66, '60004', '关怀', 26, 'functionId', '客户关怀，无定向，用户群指定，以到达率为诉求，后续流程非必须', 0, '2015-03-03', 1, '2015-03-03', 1, 0),
	(67, '80003', '点告(LBS)', 32, 'businessName', '点告(LBS)', 0, '2015-03-03', 1, '2015-03-03', 1, 0),
	(68, '80004', '电商专用-猜你喜欢', 32, 'businessName', '电商专用-猜你喜欢', 0, '2015-03-03', 1, '2015-03-03', 1, 0),
	(69, '80005', '电商专用-猜你喜欢(合作版)', 32, 'businessName', '电商专用-猜你喜欢(合作版)', 0, '2015-03-03', 1, '2015-03-03', 1, 0),
	(70, '80006', '游戏专用-直通车', 32, 'businessName', '游戏专用-直通车', 0, '2015-03-03', 1, '2015-03-03', 1, 0),
	(71, '80007', '线下邀约', 32, 'businessName', '线下邀约', 0, '2015-03-03', 1, '2015-03-03', 1, 0),
	(72, '80008', '行业应用-保险', 32, 'businessName', '行业应用-保险', 0, '2015-03-03', 1, '2015-03-03', 1, 0),
	(73, '80009', '行业应用-盈在上海(金融)', 32, 'businessName', '行业应用-盈在上海(金融)', 0, '2015-03-03', 1, '2015-03-03', 1, 0),
	(74, '80010', '测试业务', 32, 'businessName', '测试业务', 0, '2015-03-03', 1, '2015-03-03', 1, 0),
	(75, '70003', '电子商务', 29, 'contentId', '电子商务', 0, '2015-03-03', 1, '2015-03-03', 1, 0),
	(76, '70004', '游戏娱乐', 29, 'contentId', '游戏娱乐', 0, '2015-03-03', 1, '2015-03-03', 1, 0),
	(77, '70005', '财经金融', 29, 'contentId', '财经金融', 0, '2015-03-03', 1, '2015-03-03', 1, 0),
	(78, '70006', '生活服务', 29, 'contentId', '生活服务', 0, '2015-03-03', 1, '2015-03-03', 1, 0),
	(79, '70007', '电信业务', 29, 'contentId', '电信业务', 0, '2015-03-03', 1, '2015-03-03', 1, 0),
	(80, '50003', '测试使用', 16, 'Category', '测试使用', 0, '2015-03-03', 1, '2015-04-16', 1, 0),
	(81, '5000101', '经营业务', 17, 'business', '电信内部经营单位销售的信息推送业务，有直接收入', 0, '2015-03-03', 1, '2015-03-03', 1, 0),
	(82, '5000102', '自营业务', 17, 'business', '上海电信内部部门或单位发起的电信业务/公益服务的推送需求，无直接收入', 0, '2015-03-03', 1, '2015-03-03', 1, 0),
	(83, '5000201', '媒体广告', 18, 'business', 'CPM结算模式的推送，以曝光量为目标', 0, '2015-03-03', 1, '2015-03-03', 1, 0),
	(84, '5000202', '效果营销', 18, 'business', 'CPA/CPS结算模式的推送，以销售量为目标', 0, '2015-03-03', 1, '2015-03-03', 1, 0),
	(85, '5000301', '业务测试', 80, 'business', '代理商发起的推送，效果测试为目标（测试期：最大24小时）', 0, '2015-03-03', 1, '2015-03-03', 1, 0),
	(86, '5000302', '产品测试', 80, 'business', '数据中心发起的推送，以新产品/新业务为目标', 0, '2015-03-03', 1, '2015-03-03', 1, 0),
	(100, '9000', '结算单', 259, 'Settlement', '结算单', 0, '2015-02-10', 1, '2015-02-10', 1, 0),
	(101, '900001', '标题', 100, 'Settlement_title', '中国电信上海公司互联网DPI信息服务业务 \n收入结算单', 0, '2015-02-10', 1, '2015-02-10', 1, 0),
	(102, '900002', '地址', 100, 'Settlement_address', '地址：上海市灵石路695号3号楼502室 邮编200072', 0, '2015-02-10', 1, '2015-02-10', 1, 0),
	(103, '900003', '快递', 100, 'Settlement_express', '请在收到收入清单后进行核查，确认无误后盖章并快递至互联网数据运营中心', 0, '2015-02-10', 1, '2015-02-10', 1, 0),
	(104, '900004', '发票', 100, 'Settlement_invoice', '数据运营中心收到收入清单确认后，五日内开票至合作公司。', 0, '2015-02-10', 1, '2015-02-10', 1, 0),
	(105, '900005', '支付', 100, 'Settlement_billing', '合作公司在每月20日前完成上月结算支付。', 0, '2015-02-10', 1, '2015-02-10', 1, 0),
	(106, '900007', '业务单位名称', 100, 'Settlement_company', '互联网数据运营中心', 0, '2015-03-06', 1, '2015-03-06', 1, 0),
	(107, '900006', '备注', 100, 'Settlement_memo', '1、筛选规则：每选择一个数据分析服务功能(区域、身份、行为标签、域名组，触发时间点)，信息推送服务价格乘以比例系数1.1; \r\n2、结算公式：推送服务资费＝推送实际到达用户次数×该推送模式的单价; \r\n3、产品定价：详见合同条款 ', 0, '2015-02-12', 1, '2015-03-17', 1, 0),
	(115, '1500', '策略下发接口相关配置', 259, NULL, '策略下发接口相关配置', 0, '2015-03-20', 1, '2015-04-01', 1, 0),
	(116, '150001', '价格优先-CPM', 115, 'Factor', '1.1', 0, '2015-03-20', 1, '2015-03-20', 1, 0),
	(117, '150002', '价格优先-Others', 115, 'Factor', '1.0', 0, '2015-03-20', 1, '2015-03-20', 1, 0),
	(118, '150003', '结算依据-实际PV', 115, 'Factor', '1.1', 0, '2015-03-20', 1, '2015-03-20', 1, 0),
	(119, '150004', '结算依据-期望PV', 115, 'Factor', '1.0', 0, '2015-03-20', 1, '2015-03-20', 1, 0),
	(120, '150005', '社会公益类服务-政府信息发布', 115, 'Factor', '1.5', 0, '2015-03-20', 1, '2015-03-20', 1, 0),
	(121, '150006', '电信服务-电信客服类支撑', 115, 'Factor', '1.4', 0, '2015-03-20', 1, '2015-03-20', 1, 0),
	(122, '150007', '电信业务-电信营销类支撑', 115, 'Factor', '1.3', 0, '2015-03-20', 1, '2015-03-20', 1, 0),
	(123, '150008', '经营性业务-互联网用户聚合及交互服务', 115, 'Factor', '1.2', 0, '2015-03-20', 1, '2015-03-20', 1, 0),
	(124, '150009', '经营性业务-互联网效果营销(CPS)', 115, 'Factor', '1.1', 0, '2015-03-20', 1, '2015-03-20', 1, 0),
	(125, '150010', '经营性业务--互联网广告(CPM)', 115, 'Factor', '1.0', 0, '2015-03-20', 1, '2015-03-20', 1, 0),
	(128, '10000', '搜索引擎', 259, NULL, '搜索引擎\r\n', 0, '2015-03-30', 1, '2015-03-30', 1, 0),
	(129, '1000001', '搜搜搜索', 128, 'searchEngines', 'www.soso.com', 0, '2015-03-30', 1, '2015-04-16', 1, 0),
	(130, '1000002', '有道搜索', 128, 'searchEngines', 'www.youdao.com', 0, '2015-03-30', 1, '2015-04-16', 1, 0),
	(131, '1000003', '淘宝搜索', 128, 'searchEngines', 'www.taobao.com', 0, '2015-03-30', 1, '2015-04-16', 1, 0),
	(132, '1000004', '搜狗搜索', 128, 'searchEngines', 'www.sougou.com', 0, '2015-03-30', 1, '2015-04-16', 1, 0),
	(133, '1000005', '雅虎搜索', 128, 'searchEngines', 'www.yahoo.com', 0, '2015-03-30', 1, '2015-04-16', 1, 0),
	(134, '1000006', '谷歌搜索', 128, 'searchEngines', 'www.google.com', 0, '2015-03-30', 1, '2015-04-16', 1, 0),
	(135, '1000007', '百度搜索', 128, 'searchEngines', 'www.baidu.com', 0, '2015-03-30', 1, '2015-04-16', 1, 0),
	(136, '11000', '推送终端', 259, NULL, '推送终端', 0, '2015-03-30', 1, '2015-03-30', 1, 0),
	(137, '110001', '只对PC或MAC进行推送', 136, 'pushTerminal', '1', 0, '2015-03-30', 1, '2015-04-16', 1, 0),
	(138, '110002', '只对手机等移动终端进行推送', 136, 'pushTerminal', '2', 0, '2015-03-30', 1, '2015-04-16', 1, 0),
	(139, '110003', '其他', 136, 'pushTerminal', '4', 0, '2015-03-30', 1, '2015-04-16', 1, 0),
	(140, '150011', '用户总推送量', 115, 'PushPolicy', '1', 0, '2015-04-01', 1, '2015-04-01', 1, 0),
	(148, '12000', '广告模板', 259, NULL, '广告模板', 0, '2015-04-16', 1, '2015-04-16', 1, 0),
	(149, '120001', '模板1', 148, 'templet', '0', 0, '2015-04-16', 1, '2015-04-16', 1, 1),
	(150, '120002', '模板2', 148, 'templet', '1', 0, '2015-04-16', 1, '2015-04-16', 1, 1),
	(151, '120003', '模板3', 148, 'templet', '2', 0, '2015-04-16', 1, '2015-04-16', 1, 1),
	(152, '120004', '模板4', 148, 'templet', '3', 0, '2015-04-16', 1, '2015-04-16', 1, 1),
	(153, '120005', '模板5', 148, 'templet', '4', 0, '2015-04-16', 1, '2015-04-16', 1, 1),
	(154, '120006', '模板6', 148, 'templet', '5', 0, '2015-04-16', 1, '2015-04-16', 1, 1),
	(155, '120007', '模板7', 148, 'templet', '6', 0, '2015-04-16', 1, '2015-04-16', 1, 1),
	(168, '13000', '菜单类型', 259, NULL, '菜单类型', 0, '2015-04-23', 1, '2015-04-23', 1, 1),
	(169, '130001', '菜单', 168, 'MenuType', '1', 0, '2015-04-23', 1, '2015-04-23', 1, 1),
	(170, '130002', '按钮', 168, 'MenuType', '2', 0, '2015-04-23', 1, '2015-04-23', 1, 1),
	(188, '14000', '所属平台', 259, NULL, '所属平台', 0, '2015-05-11', 1, '2015-05-11', 1, 0),
	(189, '140001', '理想', 188, 'platform', '0', 0, '2015-05-11', 1, '2015-05-11', 1, 0),
	(208, '15000', '推送次数', 259, NULL, '每个用户一天推送次数', 0, '2015-06-08', 1, '2015-06-08', 1, 0),
	(209, '15001', '20', 208, 'pushCount', '用户每天推送次数', 0, '2015-06-08', 1, '2015-06-08', 1, 0),
	(228, '16000', '推送账号类型', 259, NULL, '推送账号类型', 0, '2015-06-18', 1, '2015-06-18', 1, 0),
	(229, '1600001', 'ad账号', 228, 'AccountType', '0', 0, '2015-06-18', 1, '2015-06-18', 1, 0),
	(230, '1600002', 'IP地址', 228, 'AccountType', '1', 0, '2015-06-18', 1, '2015-06-18', 1, 1),
	(231, '1600003', 'IMSI码', 228, 'AccountType', '2', 0, '2015-06-18', 1, '2015-06-18', 1, 1),
	(232, '1600004', '加密账号', 228, 'AccountType', '3', 0, '2015-06-18', 1, '2015-06-18', 1, 1),
	(248, '17000', '订阅期限', 259, NULL, '订阅期限', 0, '2015-06-24', 1, '2015-06-24', 1, 0),
	(251, '1700001', '永久', 248, 'DeadlineType', '0', 0, '2015-06-24', 1, '2015-06-24', 1, 0),
	(252, '1700002', '三个月', 248, 'DeadlineType', '1', 0, '2015-06-24', 1, '2015-06-24', 1, 1),
	(253, '1700003', '12个月', 248, 'DeadlineType', '2', 0, '2015-06-24', 1, '2015-06-24', 1, 1),
	(254, '18000', '取消订阅理由', 259, NULL, '取消订阅理由', 0, '2015-06-24', 1, '2015-06-24', 1, 0),
	(255, '1800001', '对该类型广告不感兴趣', 254, 'DescriptionType', '0', 0, '2015-06-24', 1, '2015-06-24', 1, 1),
	(256, '1800002', '对该广告内容无需求', 254, 'DescriptionType', '1', 0, '2015-06-24', 1, '2015-06-24', 1, 1),
	(257, '1800003', '广告影响网页浏览效果', 254, 'DescriptionType', '2', 0, '2015-06-24', 1, '2015-06-24', 1, 1),
	(258, '1800004', '其他', 254, 'DescriptionType', '3', 0, '2015-06-24', 1, '2015-06-24', 1, 1),
	(259, 'ALL', '全部', NULL, NULL, '全部', 0, '2015-02-02', 1, '2015-02-02', 1, 0),
	(260, '1700002', '三个月', 248, 'DeadlineType', '1', 0, '2015-09-23', 1, '2015-09-23', 1, 0);
/*!40000 ALTER TABLE `t_parameter` ENABLE KEYS */;


-- 导出  表 hadoopadminweb_db.t_parameter_new 结构
CREATE TABLE IF NOT EXISTS `t_parameter_new` (
  `id` int(11) NOT NULL AUTO_INCREMENT,
  `parameter_key` varchar(50) NOT NULL DEFAULT '0',
  `parameter_val` varchar(200) NOT NULL DEFAULT '0',
  `note` varchar(50) DEFAULT '0',
  `parent_id` int(11) DEFAULT '0',
  `encrypt` varchar(50) NOT NULL DEFAULT '0' COMMENT '0不加密 1加密',
  PRIMARY KEY (`id`)
) ENGINE=InnoDB AUTO_INCREMENT=187 DEFAULT CHARSET=utf8;

-- 正在导出表  hadoopadminweb_db.t_parameter_new 的数据：~60 rows (大约)
/*!40000 ALTER TABLE `t_parameter_new` DISABLE KEYS */;
INSERT INTO `t_parameter_new` (`id`, `parameter_key`, `parameter_val`, `note`, `parent_id`, `encrypt`) VALUES
	(27, 'SYSTEM', 'System parameter', '系统配置参数', 0, '0'),
	(29, 'Current_Cluster', '1', '当前集群', 27, '0'),
	(48, 'EXCEPTION', 'System_exception', '系统异常描述-命名规则（类名_方法名_返回码）', 0, '0'),
	(49, 'User_addUserAndGroupByExecutor_1', 'user already exists', '0', 48, '0'),
	(50, 'Default_Split', ',', '默认字段分隔符', 27, '0'),
	(51, 'EVENT_TYPE', 'event_type', '事件类型', 0, '0'),
	(52, 'EVENT_TYPE_1', '机器报修', '机器报修', 51, '0'),
	(85, 'WEB_SHELLPATH', '/home/hadoop/hadoopadmin/source/sh', '系统脚本地址', 27, '0'),
	(106, 'EVENT_TYPE_2', '机器XXX2', '测试数据', 51, '0'),
	(107, 'EVENT_TYPE_3', '机器XXX', '测试数据', 51, '0'),
	(110, 'ENCODE_KEY', 'com.bigdata.ideal', '数据的加密密钥', 27, '0'),
	(113, 'HADOOP', 'Hadoop parameters', 'hadoop参数', 0, '0'),
	(114, 'HDFS_GROUP', '_group', 'HDFS组后缀', 113, '0'),
	(115, 'User_addUserAndGroupByExecutor_2', 'add user failed', '0', 48, '0'),
	(116, 'User_addUserAndGroupByExecutor_3', 'group already exists', '0', 48, '0'),
	(121, 'KDC_REALM', '@EXAMPLE.COM', 'KDC认证', 113, '0'),
	(122, 'HDFS_OWNER', 'hdfs', 'hdfs_owner', 113, '0'),
	(123, 'HDFS_DIR_PREFIX', '/user/', 'HDFS目录前缀', 113, '0'),
	(124, 'HDFS_DIR_PUBLIC_SUFFIX', '/public', 'HDFS共有目录后缀', 113, '0'),
	(125, 'HDFS_DIR_PRIVATE_SUFFIX', '/private', 'HDFS私有目录后缀', 113, '0'),
	(126, 'HIVE_TMP_DIR_PREFIX', '/tmp/hive-', 'HIVE私有目录前缀', 113, '0'),
	(127, 'HDFS_DIR_TRASH_SUFFIX', '/.Trash', 'HDFS用户垃圾箱后缀', 113, '0'),
	(128, 'HIVE', 'Hive parameters', 'hive参数', 0, '0'),
	(129, 'HIVE_LOGDIR_PREFIX', '/tmp/', 'HIVE日志目录', 128, '0'),
	(130, 'HIVE_USERNAME', 'hadoop', 'hive用户', 128, '0'),
	(131, 'RANGE_DN', 'dnall', 'datanode机器组', 113, '0'),
	(133, 'SCHEDULE_TYPE', 'schedule_type', '调度类型', 0, '0'),
	(134, 'OPEN_KERBEROS', 'OPEN_KERBEROS', '开启kerberos认证', 133, '0'),
	(135, 'CLOSE_KERBEROS', 'CLOSE_KERBEROS', '关闭kerberos认证', 133, '0'),
	(136, 'MESSAGE_ALERT', 'MESSAGE_ALERT', '短信预警', 133, '0'),
	(139, 'DIR_TYPE', 'dir_type', '目录类型', 0, '0'),
	(140, 'DIR_TYPE_PRIVATE', '2', '私有', 139, '0'),
	(141, 'DIR_TYPE_PUBLIC', '1', '公有', 139, '0'),
	(142, 'WEB_INITPATH', '/home/hadoop/hadoopadmin/source/init', '初始系统参数地址', 27, '0'),
	(143, 'RESULT_DELIMITER', '\\n', 'SSH执行结果分隔符', 27, '0'),
	(146, 'DataNode_DefaultMachine', '2', '默认datanode用户', 113, '0'),
	(147, 'MESSAGE', 'message', '短信接口参数', 0, '0'),
	(148, 'MESSAGE_IP', '10.7.33.148', '地址', 147, '0'),
	(149, 'MESSAGE_PORT', '1521/ODSDB', '端口', 147, '0'),
	(150, 'MESSAGE_NAME', 'hadoop_mon', '链接名', 147, '0'),
	(151, 'MESSAGE_PWD', 'ws_20150526', '密码', 147, '0'),
	(152, 'MESSAGE_PHONE', '13331806707', '管理员手机号', 147, '0'),
	(154, 'SHEDULE_SWITCH', 'SHEDULE_SWITCH', '调度开关', 133, '0'),
	(168, 'User_addLinuxUser_1', 'user already exists', '0', 48, '0'),
	(169, 'Kerberos_authClientPrincByExecutor_1', 'No credentials cache found', '0', 48, '0'),
	(170, 'Des_Ticket_Cache_IP', '10.2.20.10', 'kerberos ticket cache 存放主机ip', 27, '0'),
	(171, 'Des_Ticket_Cache_Path', '/home/hadoop/hadoopadmin/source/ticket_cache/', 'kerberos ticket cache 存放地址', 27, '0'),
	(172, 'HADOOP_SUPERUSER', 'hadoop', '0', 113, '0'),
	(173, 'HIVE_BEELINE_JDBC', '', 'Beeline jdbc', 128, '0'),
	(174, 'HIVE_BEELINE_PRINCIPAL', '', 'Beeline principal', 128, '0'),
	(176, 'HIVE_HDFSPath_PREFIX', 'hdfs://ns1/user/username/', 'hive赋权地址前缀', 128, '0'),
	(178, 'HIVE_ROLE_TAMPLE', 'role_@item@_@principle@_@path@', 'hive role 模板', 128, '0'),
	(179, 'PublicPw', '12345', '公共的验证密码', 27, '0'),
	(180, 'User_addLinuxUser_3', 'connect time out', '', 48, '0'),
	(181, 'RM_SCHEDULE_XML_SRC_PATH', '/home/hadoop/hadoopadmin/source/init/fair-scheduler.xml', '0', 113, '0'),
	(182, 'RM_SCHEDULE_XML_DES_PATH', '/etc/hadoop/conf/fair-scheduler.xml', '0', 113, '0'),
	(183, 'Hive_Role_InitShell', 'roleInit.exp', 'hive角色初始脚本', 128, '0'),
	(184, 'Linux_Group_Path', '/etc/group', 'Linux组信息_初始hdfsvisiter信息', 27, '0'),
	(185, 'Is_Use_BeeLine', '0', '1:启动beeline;0:关闭beeline', 128, '0'),
	(186, 'Is_Start_FairSchedule', '1', '', 27, '0');
/*!40000 ALTER TABLE `t_parameter_new` ENABLE KEYS */;


-- 导出  表 hadoopadminweb_db.t_role 结构
CREATE TABLE IF NOT EXISTS `t_role` (
  `ID` int(11) NOT NULL AUTO_INCREMENT COMMENT '主键id',
  `NAME` varchar(256) DEFAULT NULL COMMENT '角色类型',
  `CN_NAME` varchar(256) DEFAULT NULL COMMENT '角色名',
  `TYPE` int(11) DEFAULT NULL COMMENT '角色身份',
  `STATUS` int(11) DEFAULT NULL COMMENT '状态：0 - 生效；1 - 失效',
  `CREATE_DATE` date DEFAULT NULL COMMENT '创建日期',
  `CREATE_USER` int(11) DEFAULT NULL COMMENT '创建人',
  `DEL_FLAG` int(11) DEFAULT NULL COMMENT '删除状态：0 - 正常；1 - 删除',
  PRIMARY KEY (`ID`)
) ENGINE=InnoDB AUTO_INCREMENT=153 DEFAULT CHARSET=utf8;

-- 正在导出表  hadoopadminweb_db.t_role 的数据：~2 rows (大约)
/*!40000 ALTER TABLE `t_role` DISABLE KEYS */;
INSERT INTO `t_role` (`ID`, `NAME`, `CN_NAME`, `TYPE`, `STATUS`, `CREATE_DATE`, `CREATE_USER`, `DEL_FLAG`) VALUES
	(1, 'admin', '系统管理员', 3, 0, '2015-01-08', 1, 0),
	(152, 'admin', '普通操作用户', NULL, 0, '2016-04-15', 1, 0);
/*!40000 ALTER TABLE `t_role` ENABLE KEYS */;


-- 导出  表 hadoopadminweb_db.t_role_menu 结构
CREATE TABLE IF NOT EXISTS `t_role_menu` (
  `ID` int(11) NOT NULL AUTO_INCREMENT COMMENT '主键id',
  `ROLE_ID` int(11) DEFAULT NULL COMMENT '角色id',
  `MENU_ID` int(11) DEFAULT NULL COMMENT '菜单id',
  PRIMARY KEY (`ID`)
) ENGINE=InnoDB AUTO_INCREMENT=3887 DEFAULT CHARSET=utf8;

-- 正在导出表  hadoopadminweb_db.t_role_menu 的数据：~60 rows (大约)
/*!40000 ALTER TABLE `t_role_menu` DISABLE KEYS */;
INSERT INTO `t_role_menu` (`ID`, `ROLE_ID`, `MENU_ID`) VALUES
	(3764, 1, 1),
	(3765, 1, 7),
	(3766, 1, 43),
	(3767, 1, 44),
	(3768, 1, 45),
	(3769, 1, 46),
	(3770, 1, 121),
	(3771, 1, 17),
	(3772, 1, 47),
	(3773, 1, 48),
	(3774, 1, 49),
	(3775, 1, 50),
	(3776, 1, 20),
	(3777, 1, 57),
	(3778, 1, 58),
	(3779, 1, 59),
	(3780, 1, 60),
	(3781, 1, 61),
	(3782, 1, 62),
	(3783, 1, 81),
	(3784, 1, 208),
	(3785, 1, 209),
	(3786, 1, 223),
	(3787, 1, 224),
	(3788, 1, 226),
	(3789, 1, 287),
	(3790, 1, 292),
	(3791, 1, 294),
	(3792, 1, 312),
	(3793, 1, 313),
	(3794, 1, 314),
	(3795, 1, 315),
	(3796, 1, 16),
	(3797, 1, 42),
	(3798, 1, 284),
	(3799, 1, 286),
	(3800, 1, 290),
	(3801, 1, 288),
	(3802, 1, 289),
	(3803, 1, 293),
	(3804, 1, 300),
	(3805, 1, 301),
	(3806, 1, 302),
	(3807, 1, 303),
	(3808, 1, 304),
	(3809, 1, 305),
	(3810, 1, 306),
	(3811, 1, 307),
	(3812, 1, 309),
	(3813, 1, 310),
	(3814, 1, 311),
	(3815, 1, 316),
	(3816, 1, 317),
	(3817, 1, 291),
	(3818, 1, 319),
	(3824, 1, 322),
	(3883, 1, 324),
	(3884, 152, 1),
	(3885, 152, 287),
	(3886, 152, 292);
/*!40000 ALTER TABLE `t_role_menu` ENABLE KEYS */;


-- 导出  表 hadoopadminweb_db.t_schedule 结构
CREATE TABLE IF NOT EXISTS `t_schedule` (
  `id` int(11) NOT NULL AUTO_INCREMENT,
  `type` varchar(20) DEFAULT '0' COMMENT '调度事件类型，根据不同的类型有不同的处理方式',
  `run_time` varchar(20) DEFAULT NULL COMMENT '运行时间(yyyyMMddHHmmss)',
  `run_gap` int(11) DEFAULT '0' COMMENT '运行间隔（0：无间隔运行）',
  `run_frequency` int(2) DEFAULT '1' COMMENT '运行次数（0：表示一直循环；大于0具体运行次数）',
  `parameters` varchar(1024) DEFAULT '0' COMMENT '运行参数，格式（key=val;key1=val1）',
  `status` varchar(2) DEFAULT '01' COMMENT '运行状态（01：待运行；02：完成）',
  `create_time` timestamp NULL DEFAULT CURRENT_TIMESTAMP ON UPDATE CURRENT_TIMESTAMP,
  PRIMARY KEY (`id`)
) ENGINE=InnoDB AUTO_INCREMENT=1286 DEFAULT CHARSET=utf8 COMMENT='调度记录表';

-- 正在导出表  hadoopadminweb_db.t_schedule 的数据：~15 rows (大约)
/*!40000 ALTER TABLE `t_schedule` DISABLE KEYS */;
INSERT INTO `t_schedule` (`id`, `type`, `run_time`, `run_gap`, `run_frequency`, `parameters`, `status`, `create_time`) VALUES
	(27, 'SHEDULE_SWITCH', '2015-10-20 14:46:46', 0, 1, '0', '02', '2015-10-23 10:11:44'),
	(1272, NULL, NULL, NULL, NULL, NULL, NULL, NULL),
	(1273, NULL, NULL, NULL, NULL, NULL, NULL, NULL),
	(1274, NULL, NULL, NULL, NULL, NULL, NULL, NULL),
	(1275, NULL, NULL, NULL, NULL, NULL, NULL, NULL),
	(1276, NULL, NULL, NULL, NULL, NULL, NULL, NULL),
	(1277, NULL, NULL, NULL, NULL, NULL, NULL, NULL),
	(1278, NULL, NULL, NULL, NULL, NULL, NULL, NULL),
	(1279, NULL, NULL, NULL, NULL, NULL, NULL, NULL),
	(1280, NULL, NULL, NULL, NULL, NULL, NULL, NULL),
	(1281, 'CLOSE_KERBEROS', '20160408173208', 0, 1, 'username=u_lx_build;id=724', '01', '2016-04-07 17:32:08'),
	(1282, NULL, NULL, NULL, NULL, NULL, NULL, NULL),
	(1283, NULL, NULL, NULL, NULL, NULL, NULL, NULL),
	(1284, NULL, NULL, NULL, NULL, NULL, NULL, NULL),
	(1285, NULL, NULL, NULL, NULL, NULL, NULL, NULL);
/*!40000 ALTER TABLE `t_schedule` ENABLE KEYS */;


-- 导出  表 hadoopadminweb_db.t_user 结构
CREATE TABLE IF NOT EXISTS `t_user` (
  `ID` int(11) NOT NULL AUTO_INCREMENT COMMENT '主键id',
  `LOGIN_NAME` varchar(255) DEFAULT NULL COMMENT '登录名',
  `PASSWORD` varchar(255) DEFAULT NULL COMMENT '码密#加密',
  `NAME` varchar(255) DEFAULT NULL COMMENT '真实名字',
  `SEX` int(11) DEFAULT NULL COMMENT '别性',
  `TELEPHONE` varchar(64) DEFAULT NULL COMMENT '电话',
  `MOBILE` varchar(64) DEFAULT NULL COMMENT '手机',
  `customer_id` int(11) DEFAULT NULL COMMENT '公司类型',
  `EMAIL` varchar(128) DEFAULT NULL COMMENT '邮件',
  `ROLE_ID` int(11) DEFAULT NULL COMMENT '角色id',
  `JOB_TITLE` varchar(48) DEFAULT NULL COMMENT '职务',
  `REMARK` varchar(255) DEFAULT NULL COMMENT '备注',
  `STATUS` int(11) DEFAULT NULL COMMENT '状态：0 - 待审核；1 - 审批通过；2 - 审批驳回',
  `DEL_FLAG` int(11) DEFAULT NULL COMMENT '删除状态：0 - 正常；1 - 删除',
  `CREATE_DATE` date DEFAULT NULL COMMENT '创建日期',
  `CREATE_USER` int(11) DEFAULT NULL COMMENT '创建人',
  `DATE_LAST_UPDATED` date DEFAULT NULL COMMENT '最后修改日期',
  `PERSON_LAST_UPDATED` int(11) DEFAULT NULL COMMENT '最后修改人',
  `CHECK_USER` int(11) DEFAULT NULL,
  `CHECK_TIME` date DEFAULT NULL,
  `CHECK_MESSAGE` varchar(512) DEFAULT NULL,
  PRIMARY KEY (`ID`)
) ENGINE=InnoDB AUTO_INCREMENT=154 DEFAULT CHARSET=utf8;

-- 正在导出表  hadoopadminweb_db.t_user 的数据：~4 rows (大约)
/*!40000 ALTER TABLE `t_user` DISABLE KEYS */;
INSERT INTO `t_user` (`ID`, `LOGIN_NAME`, `PASSWORD`, `NAME`, `SEX`, `TELEPHONE`, `MOBILE`, `customer_id`, `EMAIL`, `ROLE_ID`, `JOB_TITLE`, `REMARK`, `STATUS`, `DEL_FLAG`, `CREATE_DATE`, `CREATE_USER`, `DATE_LAST_UPDATED`, `PERSON_LAST_UPDATED`, `CHECK_USER`, `CHECK_TIME`, `CHECK_MESSAGE`) VALUES
	(1, 'admin', '202cb962ac59075b964b07152d234b70', '系统管理员', 1, NULL, NULL, NULL, NULL, 1, NULL, NULL, 1, 0, '2015-01-27', 1, '2015-01-27', 1, NULL, NULL, NULL),
	(151, 'yuj', '846c426b4333a99ca7e591daab806369', '余江', 1, '02188888888', '15021633637', 200, 'y@163.com', 152, '这里是租户职务', '这里是简介', 1, 1, '2016-04-15', 1, '2016-04-15', 1, NULL, '2016-04-15', '这里是审核信息'),
	(152, 'yuj01', '846c426b4333a99ca7e591daab806369', '余江', 1, '02166666666', '15021633637', 199, 'yuboyq163@163.com', 152, '这里是租户职务', '这里是用户简介', 2, 0, '2016-04-15', 1, '2016-04-15', 1, NULL, '2016-04-15', '拒绝测试'),
	(153, 'yuj02', '846c426b4333a99ca7e591daab806369', '余江02', 1, '02122223333', '15021633637', 61, 'yuboyq163@163.com', 1, '对对对', '对对对', 1, 0, '2016-04-15', 1, '2016-04-15', 1, NULL, '2016-04-15', '同意批准');
/*!40000 ALTER TABLE `t_user` ENABLE KEYS */;


-- 导出  表 hadoopadminweb_db.t_user_role 结构
CREATE TABLE IF NOT EXISTS `t_user_role` (
  `ID` int(11) NOT NULL AUTO_INCREMENT COMMENT '主键id',
  `USER_ID` int(11) DEFAULT NULL COMMENT '用户id',
  `ROLE_ID` int(11) DEFAULT NULL COMMENT '角色id',
  PRIMARY KEY (`ID`)
) ENGINE=InnoDB AUTO_INCREMENT=115 DEFAULT CHARSET=utf8;

-- 正在导出表  hadoopadminweb_db.t_user_role 的数据：~4 rows (大约)
/*!40000 ALTER TABLE `t_user_role` DISABLE KEYS */;
INSERT INTO `t_user_role` (`ID`, `USER_ID`, `ROLE_ID`) VALUES
	(1, 1, 1),
	(112, 151, 152),
	(113, 152, 152),
	(114, 153, 1);
/*!40000 ALTER TABLE `t_user_role` ENABLE KEYS */;


-- 导出  表 hadoopadminweb_db.t_webapp_log 结构
CREATE TABLE IF NOT EXISTS `t_webapp_log` (
  `id` bigint(20) NOT NULL AUTO_INCREMENT,
  `user_name` varchar(200) DEFAULT NULL,
  `operation_id` int(11) NOT NULL,
  `createtime` datetime DEFAULT NULL,
  `parameter` varchar(512) DEFAULT NULL,
  PRIMARY KEY (`id`)
) ENGINE=InnoDB AUTO_INCREMENT=16007 DEFAULT CHARSET=utf8;

-- 正在导出表  hadoopadminweb_db.t_webapp_log 的数据：~3,713 rows (大约)
/*!40000 ALTER TABLE `t_webapp_log` DISABLE KEYS */;
INSERT INTO `t_webapp_log` (`id`, `user_name`, `operation_id`, `createtime`, `parameter`) VALUES
	(12346, 'admin', 3, '2015-12-07 20:04:31', ''),
	(12347, 'admin', 1, '2015-12-07 20:04:34', ''),
	(12348, 'admin', 67, '2015-12-07 20:04:38', ''),
	(12349, 'admin', 11, '2015-12-07 20:04:41', ''),
	(12350, 'admin', 12, '2015-12-07 20:04:43', ''),
	(12351, 'admin', 13, '2015-12-07 20:04:44', ''),
	(12352, 'admin', 52, '2015-12-07 20:04:46', ''),
	(12353, 'admin', 57, '2015-12-07 20:04:49', ''),
	(12354, 'admin', 74, '2015-12-07 20:04:51', ''),
	(12355, 'admin', 87, '2015-12-07 20:04:53', ''),
	(12356, 'admin', 3, '2015-12-07 20:04:56', ''),
	(12357, 'admin', 6, '2015-12-07 20:04:58', ''),
	(12358, 'admin', 22, '2015-12-07 20:05:01', ''),
	(12359, 'admin', 23, '2015-12-07 20:05:02', ''),
	(12360, 'admin', 14, '2015-12-07 20:05:04', ''),
	(12361, 'admin', 44, '2015-12-07 20:05:15', ''),
	(12362, 'admin', 45, '2015-12-07 20:05:16', ''),
	(12363, 'admin', 50, '2015-12-07 20:05:18', ''),
	(12364, 'admin', 10, '2015-12-07 20:05:19', ''),
	(12365, 'admin', 51, '2015-12-07 20:05:19', ''),
	(12366, 'admin', 71, '2015-12-07 20:05:20', ''),
	(12367, 'admin', 8, '2015-12-07 20:05:23', ''),
	(12368, 'admin', 15, '2015-12-07 20:05:25', 'rel:dirForm'),
	(12369, 'admin', 4, '2015-12-07 20:05:30', ''),
	(12370, 'admin', 30, '2015-12-07 20:05:48', 'id:8a82948a517bb32601517c2161b20006,_:1449489926369'),
	(12371, 'admin', 4, '2015-12-07 20:05:49', ''),
	(12372, 'admin', 24, '2015-12-07 20:07:10', 'look:false'),
	(12373, 'admin', 56, '2015-12-07 20:08:00', 'hpUserName:final_test001,hpUserPw:asfda###123123,hpContacts:cc,hpPhone:13391235436,hpEmail:123@123.com,hpUserType:1,hpCulster:1,customer.id:61,min:102400,minCPU:25,max:409600,maxCPU:100,maxApps:50,weight:1'),
	(12374, 'admin', 4, '2015-12-07 20:08:02', ''),
	(12375, 'admin', 8, '2015-12-07 20:09:29', ''),
	(12376, 'admin', 15, '2015-12-07 20:09:31', 'rel:dirForm'),
	(12377, 'admin', 8, '2015-12-07 20:09:33', ''),
	(12378, 'admin', 19, '2015-12-07 20:09:35', ''),
	(12379, 'admin', 88, '2015-12-07 20:09:38', ''),
	(12380, 'admin', 88, '2015-12-07 20:09:38', ''),
	(12381, 'admin', 19, '2015-12-07 20:09:38', ''),
	(12382, 'admin', 88, '2015-12-07 20:09:40', ''),
	(12383, 'admin', 88, '2015-12-07 20:09:40', ''),
	(12384, 'admin', 19, '2015-12-07 20:09:40', ''),
	(12385, 'admin', 88, '2015-12-07 20:09:42', ''),
	(12386, 'admin', 88, '2015-12-07 20:09:42', ''),
	(12387, 'admin', 19, '2015-12-07 20:09:42', ''),
	(12388, 'admin', 88, '2015-12-07 20:09:44', ''),
	(12389, 'admin', 88, '2015-12-07 20:09:44', ''),
	(12390, 'admin', 19, '2015-12-07 20:09:44', ''),
	(12391, 'admin', 88, '2015-12-07 20:09:45', ''),
	(12392, 'admin', 88, '2015-12-07 20:09:45', ''),
	(12393, 'admin', 19, '2015-12-07 20:09:45', ''),
	(12394, 'admin', 88, '2015-12-07 20:09:46', ''),
	(12395, 'admin', 88, '2015-12-07 20:09:46', ''),
	(12396, 'admin', 19, '2015-12-07 20:09:47', ''),
	(12397, 'admin', 8, '2015-12-07 20:09:48', ''),
	(12398, 'admin', 92, '2015-12-07 20:09:50', ''),
	(12399, 'admin', 8, '2015-12-07 20:09:52', ''),
	(12400, 'admin', 19, '2015-12-07 20:09:54', ''),
	(12401, 'admin', 8, '2015-12-07 20:09:57', ''),
	(12402, 'admin', 4, '2015-12-07 20:10:08', ''),
	(12403, 'admin', 8, '2015-12-07 20:10:12', ''),
	(12404, 'admin', 46, '2015-12-07 20:10:13', 'hpFolderName:test,hadoopUser.id:8a82948a517bb32601517c5762ec0007,hpHdfsType:test,hpHdfsTag:test,hpRemarks:test'),
	(12405, 'admin', 8, '2015-12-07 20:10:14', ''),
	(12406, 'admin', 112, '2015-12-07 20:10:17', ''),
	(12407, 'admin', 9, '2015-12-07 20:10:17', ''),
	(12408, 'admin', 115, '2015-12-07 20:10:17', 'divId:hdfsList'),
	(12409, 'admin', 114, '2015-12-07 20:10:17', 'divId:dbList'),
	(12410, 'admin', 8, '2015-12-07 20:10:19', ''),
	(12411, 'admin', 13, '2015-12-07 20:11:46', ''),
	(12412, 'admin', 12, '2015-12-07 20:16:40', ''),
	(12413, 'admin', 13, '2015-12-07 20:16:45', ''),
	(12414, 'admin', 11, '2015-12-07 20:16:50', ''),
	(12415, 'admin', 3, '2015-12-07 20:16:56', ''),
	(12416, 'admin', 6, '2015-12-07 20:16:58', ''),
	(12417, 'admin', 6, '2015-12-07 20:17:00', ''),
	(12418, 'admin', 111, '2015-12-07 20:17:00', ''),
	(12419, 'admin', 3, '2015-12-07 20:17:01', ''),
	(12420, 'admin', 110, '2015-12-07 20:17:03', ''),
	(12421, 'admin', 3, '2015-12-07 20:17:04', ''),
	(12422, 'admin', 6, '2015-12-07 20:17:06', ''),
	(12423, 'admin', 112, '2015-12-07 20:19:14', ''),
	(12424, 'admin', 115, '2015-12-07 20:19:15', 'divId:hdfsList'),
	(12425, 'admin', 114, '2015-12-07 20:19:15', 'divId:dbList'),
	(12426, 'admin', 19, '2015-12-07 20:21:46', ''),
	(12427, 'admin', 8, '2015-12-07 20:21:48', ''),
	(12428, 'admin', 19, '2015-12-07 20:22:01', ''),
	(12429, 'admin', 8, '2015-12-07 20:22:03', ''),
	(12430, 'admin', 19, '2015-12-07 20:22:04', ''),
	(12431, 'admin', 112, '2015-12-07 20:22:06', ''),
	(12432, 'admin', 115, '2015-12-07 20:22:06', 'divId:hdfsList'),
	(12433, 'admin', 114, '2015-12-07 20:22:06', 'divId:dbList'),
	(12434, 'admin', 19, '2015-12-07 20:22:08', ''),
	(12435, 'admin', 8, '2015-12-07 20:22:09', ''),
	(12436, 'admin', 74, '2015-12-07 20:22:32', ''),
	(12437, 'admin', 74, '2015-12-07 20:22:34', ''),
	(12438, 'admin', 57, '2015-12-07 20:22:36', ''),
	(12439, 'admin', 13, '2015-12-07 20:22:38', ''),
	(12440, 'admin', 12, '2015-12-07 20:22:40', ''),
	(12441, 'admin', 11, '2015-12-07 20:22:44', ''),
	(12442, 'admin', 67, '2015-12-07 20:22:45', ''),
	(12443, 'admin', 1, '2015-12-07 20:22:49', ''),
	(12444, 'admin', 3, '2015-12-07 20:22:53', ''),
	(12445, 'admin', 19, '2015-12-07 20:22:55', ''),
	(12446, 'admin', 19, '2015-12-07 20:22:57', ''),
	(12447, 'admin', 8, '2015-12-07 20:22:59', ''),
	(12448, 'admin', 19, '2015-12-07 20:23:01', ''),
	(12449, 'admin', 8, '2015-12-07 20:23:04', ''),
	(12450, 'admin', 15, '2015-12-07 20:23:06', 'rel:dirForm'),
	(12451, 'admin', 46, '2015-12-07 20:23:20', 'hpFolderName:ddd,hadoopUser.id:8a82948a517bb32601517c5762ec0007,hpHdfsType:dfdf,hpHdfsTag:dfdf'),
	(12452, 'admin', 9, '2015-12-07 20:23:22', ''),
	(12453, 'admin', 8, '2015-12-07 20:23:24', ''),
	(12454, 'admin', 19, '2015-12-07 20:23:25', ''),
	(12455, 'admin', 88, '2015-12-07 20:23:27', ''),
	(12456, 'admin', 88, '2015-12-07 20:23:27', ''),
	(12457, 'admin', 19, '2015-12-07 20:23:28', ''),
	(12458, 'admin', 88, '2015-12-07 20:23:29', ''),
	(12459, 'admin', 88, '2015-12-07 20:23:29', ''),
	(12460, 'admin', 19, '2015-12-07 20:23:29', ''),
	(12461, 'admin', 88, '2015-12-07 20:23:30', ''),
	(12462, 'admin', 88, '2015-12-07 20:23:31', ''),
	(12463, 'admin', 19, '2015-12-07 20:23:31', ''),
	(12464, 'admin', 88, '2015-12-07 20:23:32', ''),
	(12465, 'admin', 88, '2015-12-07 20:23:32', ''),
	(12466, 'admin', 19, '2015-12-07 20:23:32', ''),
	(12467, 'admin', 8, '2015-12-07 20:23:34', ''),
	(12468, 'admin', 92, '2015-12-07 20:23:35', ''),
	(12469, 'admin', 8, '2015-12-07 20:23:37', ''),
	(12470, 'admin', 112, '2015-12-07 20:23:46', ''),
	(12471, 'admin', 115, '2015-12-07 20:23:47', 'divId:hdfsList'),
	(12472, 'admin', 114, '2015-12-07 20:23:47', 'divId:dbList'),
	(12473, 'admin', 14, '2015-12-07 20:25:18', ''),
	(12474, 'admin', 74, '2015-12-07 20:25:27', ''),
	(12475, 'admin', 52, '2015-12-07 20:25:29', ''),
	(12476, 'admin', 3, '2015-12-07 20:25:56', ''),
	(12477, 'admin', 6, '2015-12-07 20:26:02', ''),
	(12478, 'admin', 3, '2015-12-07 20:26:04', ''),
	(12479, 'admin', 110, '2015-12-07 20:26:06', ''),
	(12480, 'admin', 3, '2015-12-07 20:26:07', ''),
	(12481, 'admin', 6, '2015-12-07 20:26:09', ''),
	(12482, 'admin', 22, '2015-12-07 20:27:00', ''),
	(12483, 'admin', 23, '2015-12-07 20:27:02', ''),
	(12484, 'admin', 22, '2015-12-07 20:27:04', ''),
	(12485, 'admin', 8, '2015-12-07 20:29:26', ''),
	(12486, 'admin', 15, '2015-12-07 20:29:28', 'rel:dirForm'),
	(12487, 'admin', 46, '2015-12-07 20:30:14', 'hpFolderName:test,hadoopUser.id:8a82948a517bb32601517c5762ec0007,hpHdfsType:test,hpHdfsTag:test,hpRemarks:test'),
	(12488, 'admin', 9, '2015-12-07 20:30:17', ''),
	(12489, 'admin', 15, '2015-12-07 20:45:17', 'rel:dirForm'),
	(12490, 'admin', 46, '2015-12-07 20:46:29', 'hpFolderName:test,hadoopUser.id:8a82948a517bb32601517c5762ec0007,hpHdfsType:test,hpHdfsTag:test,hpRemarks:test'),
	(12491, 'admin', 9, '2015-12-07 20:46:32', ''),
	(12492, 'admin', 6, '2015-12-07 20:47:34', ''),
	(12493, 'admin', 3, '2015-12-07 20:47:35', ''),
	(12494, 'admin', 110, '2015-12-07 20:47:37', ''),
	(12495, 'admin', 3, '2015-12-07 20:47:40', ''),
	(12496, 'admin', 6, '2015-12-07 20:48:47', ''),
	(12497, 'admin', 4, '2015-12-07 20:48:55', ''),
	(12498, 'admin', 19, '2015-12-07 20:49:08', ''),
	(12499, 'admin', 3, '2015-12-07 20:49:12', ''),
	(12500, 'admin', 8, '2015-12-07 20:49:19', ''),
	(12501, 'admin', 30, '2015-12-07 20:49:23', 'id:8a82948a517bb32601517c5762ec0007,_:1449492531402'),
	(12502, 'admin', 4, '2015-12-07 20:49:25', ''),
	(12503, 'admin', 19, '2015-12-07 20:49:29', ''),
	(12504, 'admin', 8, '2015-12-07 20:49:30', ''),
	(12505, 'admin', 19, '2015-12-07 20:49:31', ''),
	(12506, 'admin', 8, '2015-12-07 20:49:32', ''),
	(12507, 'admin', 4, '2015-12-07 20:49:40', ''),
	(12508, 'admin', 19, '2015-12-07 20:49:43', ''),
	(12509, 'admin', 112, '2015-12-07 20:49:45', ''),
	(12510, 'admin', 115, '2015-12-07 20:49:45', 'divId:hdfsList'),
	(12511, 'admin', 114, '2015-12-07 20:49:45', 'divId:dbList'),
	(12512, 'admin', 4, '2015-12-07 20:49:47', ''),
	(12513, 'admin', 8, '2015-12-07 20:49:51', ''),
	(12514, 'admin', 15, '2015-12-07 20:49:52', 'rel:dirForm'),
	(12515, 'admin', 4, '2015-12-07 20:50:00', ''),
	(12516, 'admin', 4, '2015-12-07 20:50:02', ''),
	(12517, 'admin', 24, '2015-12-07 20:50:03', 'look:false'),
	(12518, 'admin', 56, '2015-12-07 20:50:55', 'hpUserName:zxc_test,hpUserPw:Server@123,hpContacts:2434343,hpPhone:343434,hpEmail:3435@123.com,hpUserType:2,hpCulster:1,customer.id:61,min:102400,minCPU:25,max:409600,maxCPU:100,maxApps:50,weight:1'),
	(12519, 'admin', 4, '2015-12-07 20:50:56', ''),
	(12520, 'admin', 8, '2015-12-07 20:51:03', ''),
	(12521, 'admin', 15, '2015-12-07 20:51:06', 'rel:dirForm'),
	(12522, 'admin', 46, '2015-12-07 20:51:57', 'hpFolderName:sada_gdpi_adcookie,hadoopUser.id:8a82948a517bb32601517c7eaccb0008,hpHdfsType:yew,hpHdfsTag:fdfd'),
	(12523, 'admin', 9, '2015-12-07 20:51:59', ''),
	(12524, 'admin', 27, '2015-12-07 20:52:04', 'resourceId:12119,divId:groupUsers'),
	(12525, 'admin', 28, '2015-12-07 20:52:04', 'resourceId:12119,divId:otherUsers'),
	(12526, 'admin', 47, '2015-12-07 20:53:16', 'hadoopUserId:8a82948a517bb32601517c7eaccb0008,resourceId:12119,_:1449492548955'),
	(12527, 'admin', 27, '2015-12-07 20:53:18', 'resourceId:12119,divId:groupUsers'),
	(12528, 'admin', 28, '2015-12-07 20:53:18', 'resourceId:12119,divId:otherUsers'),
	(12529, 'admin', 8, '2015-12-07 20:53:29', ''),
	(12530, 'admin', 19, '2015-12-07 20:53:31', ''),
	(12531, 'admin', 6, '2015-12-07 20:53:34', ''),
	(12532, 'admin', 3, '2015-12-07 20:53:35', ''),
	(12533, 'admin', 8, '2015-12-07 20:53:59', ''),
	(12534, 'admin', 15, '2015-12-07 20:54:02', 'rel:dirForm'),
	(12535, 'admin', 46, '2015-12-07 20:54:26', 'hpFolderName:dfdf,hadoopUser.id:8a82948a517bb32601517c7eaccb0008,hpHdfsType:fefe,hpHdfsTag:fef'),
	(12536, 'admin', 9, '2015-12-07 20:54:28', ''),
	(12537, 'admin', 27, '2015-12-07 20:54:35', 'resourceId:12120,divId:groupUsers'),
	(12538, 'admin', 28, '2015-12-07 20:54:35', 'resourceId:12120,divId:otherUsers'),
	(12539, 'admin', 27, '2015-12-07 20:55:06', 'resourceId:12120,divId:groupUsers'),
	(12540, 'admin', 27, '2015-12-07 20:55:10', 'resourceId:12120,divId:groupUsers'),
	(12541, 'admin', 4, '2015-12-07 20:55:20', ''),
	(12542, 'admin', 4, '2015-12-07 20:55:21', ''),
	(12543, 'admin', 112, '2015-12-07 20:55:43', ''),
	(12544, 'admin', 115, '2015-12-07 20:55:43', 'divId:hdfsList'),
	(12545, 'admin', 114, '2015-12-07 20:55:43', 'divId:dbList'),
	(12546, 'admin', 30, '2015-12-07 20:55:49', 'id:8a82948a517bb32601517c7eaccb0008,_:1449492918043'),
	(12547, 'admin', 4, '2015-12-07 20:55:50', ''),
	(12548, 'admin', 8, '2015-12-07 20:55:53', ''),
	(12549, 'admin', 22, '2015-12-07 20:55:58', ''),
	(12550, 'admin', 3, '2015-12-07 20:56:00', ''),
	(12551, 'admin', 6, '2015-12-07 20:56:01', ''),
	(12552, 'admin', 13, '2015-12-07 20:57:11', ''),
	(12553, 'admin', 13, '2015-12-07 20:58:35', ''),
	(12554, 'admin', 4, '2015-12-07 20:58:39', ''),
	(12555, 'admin', 4, '2015-12-07 20:58:41', ''),
	(12556, 'admin', 4, '2015-12-07 20:58:42', ''),
	(12557, 'admin', 4, '2015-12-07 20:58:44', ''),
	(12558, 'admin', 4, '2015-12-07 20:58:45', ''),
	(12559, 'admin', 8, '2015-12-07 20:58:48', ''),
	(12560, 'admin', 4, '2015-12-07 20:58:51', ''),
	(12561, 'admin', 8, '2015-12-07 20:58:55', ''),
	(12562, 'admin', 15, '2015-12-07 20:58:56', 'rel:dirForm'),
	(12563, 'admin', 4, '2015-12-07 20:58:59', ''),
	(12564, 'admin', 3, '2015-12-07 20:59:48', ''),
	(12565, 'admin', 6, '2015-12-07 20:59:49', ''),
	(12566, 'admin', 6, '2015-12-07 20:59:51', ''),
	(12567, 'admin', 111, '2015-12-07 20:59:51', ''),
	(12568, 'admin', 3, '2015-12-07 20:59:52', ''),
	(12569, 'admin', 110, '2015-12-07 20:59:53', ''),
	(12570, 'admin', 3, '2015-12-07 20:59:55', ''),
	(12571, 'admin', 19, '2015-12-07 20:59:59', ''),
	(12572, 'admin', 4, '2015-12-07 21:00:02', ''),
	(12573, 'admin', 24, '2015-12-07 21:00:04', 'look:false'),
	(12574, 'admin', 56, '2015-12-07 21:01:00', 'hpUserName:zxc_test,hpUserPw:Server@123,hpContacts:张修成,hpPhone:18916888726,hpEmail:18916888726@189.cn,hpUserType:1,hpCulster:1,customer.id:61,min:102400,minCPU:25,max:409600,maxCPU:100,maxApps:50,weight:1'),
	(12575, 'admin', 4, '2015-12-07 21:01:03', ''),
	(12576, 'admin', 8, '2015-12-07 21:01:06', ''),
	(12577, 'admin', 15, '2015-12-07 21:01:08', 'rel:dirForm'),
	(12578, 'admin', 4, '2015-12-07 21:01:17', ''),
	(12579, 'admin', 46, '2015-12-07 21:01:58', 'hpFolderName:sada_gdpi_adcookkie,hadoopUser.id:8a82948a517bb32601517c87e6d70009,hpHdfsType:固网数据,hpHdfsTag:固网数据COOKIE'),
	(12580, 'admin', 9, '2015-12-07 21:01:58', ''),
	(12581, 'admin', 8, '2015-12-07 21:02:02', ''),
	(12582, 'admin', 27, '2015-12-07 21:02:04', 'resourceId:12121,divId:groupUsers'),
	(12583, 'admin', 28, '2015-12-07 21:02:04', 'resourceId:12121,divId:otherUsers'),
	(12584, 'admin', 27, '2015-12-07 21:02:21', 'resourceId:12121,divId:groupUsers'),
	(12585, 'admin', 28, '2015-12-07 21:02:21', 'resourceId:12121,divId:otherUsers'),
	(12586, 'admin', 27, '2015-12-07 21:03:52', 'resourceId:12121,divId:groupUsers'),
	(12587, 'admin', 28, '2015-12-07 21:03:52', 'resourceId:12121,divId:otherUsers'),
	(12588, 'admin', 92, '2015-12-07 21:04:05', ''),
	(12589, 'admin', 8, '2015-12-07 21:04:07', ''),
	(12590, 'admin', 19, '2015-12-07 21:04:08', ''),
	(12591, 'admin', 88, '2015-12-07 21:04:09', ''),
	(12592, 'admin', 19, '2015-12-07 21:04:09', ''),
	(12593, 'admin', 88, '2015-12-07 21:04:09', ''),
	(12594, 'admin', 88, '2015-12-07 21:04:10', ''),
	(12595, 'admin', 88, '2015-12-07 21:04:10', ''),
	(12596, 'admin', 19, '2015-12-07 21:04:10', ''),
	(12597, 'admin', 88, '2015-12-07 21:04:11', ''),
	(12598, 'admin', 88, '2015-12-07 21:04:11', ''),
	(12599, 'admin', 19, '2015-12-07 21:04:11', ''),
	(12600, 'admin', 88, '2015-12-07 21:04:12', ''),
	(12601, 'admin', 88, '2015-12-07 21:04:12', ''),
	(12602, 'admin', 19, '2015-12-07 21:04:13', ''),
	(12603, 'admin', 88, '2015-12-07 21:04:14', ''),
	(12604, 'admin', 88, '2015-12-07 21:04:14', ''),
	(12605, 'admin', 19, '2015-12-07 21:04:14', ''),
	(12606, 'admin', 19, '2015-12-07 21:04:19', ''),
	(12607, 'admin', 8, '2015-12-07 21:06:26', ''),
	(12608, 'admin', 19, '2015-12-07 21:06:27', ''),
	(12609, 'admin', 8, '2015-12-07 21:06:29', ''),
	(12610, 'admin', 3, '2015-12-07 21:06:31', ''),
	(12611, 'admin', 6, '2015-12-07 21:06:33', ''),
	(12612, 'admin', 112, '2015-12-07 21:06:39', ''),
	(12613, 'admin', 115, '2015-12-07 21:06:39', 'divId:hdfsList'),
	(12614, 'admin', 114, '2015-12-07 21:06:39', 'divId:dbList'),
	(12615, 'admin', 117, '2015-12-07 21:07:05', 'id:12121'),
	(12616, 'admin', 115, '2015-12-07 21:07:07', 'page:1,divId:dbList'),
	(12617, 'admin', 8, '2015-12-07 21:07:18', ''),
	(12618, 'admin', 8, '2015-12-07 21:07:24', ''),
	(12619, 'admin', 112, '2015-12-07 21:07:28', ''),
	(12620, 'admin', 115, '2015-12-07 21:07:28', 'divId:hdfsList'),
	(12621, 'admin', 114, '2015-12-07 21:07:28', 'divId:dbList'),
	(12622, 'admin', 114, '2015-12-07 21:07:30', ''),
	(12623, 'admin', 8, '2015-12-07 21:08:17', ''),
	(12624, 'admin', 8, '2015-12-07 21:08:19', ''),
	(12625, 'admin', 8, '2015-12-07 21:08:21', ''),
	(12626, 'admin', 19, '2015-12-07 21:09:30', ''),
	(12627, 'admin', 2, '2015-12-07 21:11:00', ''),
	(12628, 'admin', 112, '2015-12-07 21:11:34', ''),
	(12629, 'admin', 115, '2015-12-07 21:11:35', 'divId:hdfsList'),
	(12630, 'admin', 114, '2015-12-07 21:11:35', 'divId:dbList'),
	(12631, 'admin', 6, '2015-12-07 21:11:39', ''),
	(12632, 'admin', 8, '2015-12-07 21:12:13', ''),
	(12633, 'admin', 15, '2015-12-07 21:12:15', 'rel:dirForm'),
	(12634, 'admin', 2, '2015-12-07 21:14:25', ''),
	(12635, 'admin', 8, '2015-12-07 21:15:33', ''),
	(12636, 'admin', 112, '2015-12-07 21:16:08', ''),
	(12637, 'admin', 115, '2015-12-07 21:16:08', 'divId:hdfsList'),
	(12638, 'admin', 114, '2015-12-07 21:16:08', 'divId:dbList'),
	(12639, 'admin', 8, '2015-12-07 21:18:20', ''),
	(12640, 'admin', 106, '2015-12-07 21:18:23', 'hdfsId:12121,name:/user/zxc_test/public//user/zxc_test/public/sada_gdpi_adcookkie'),
	(12641, 'admin', 112, '2015-12-07 21:18:44', ''),
	(12642, 'admin', 115, '2015-12-07 21:18:45', 'divId:hdfsList'),
	(12643, 'admin', 114, '2015-12-07 21:18:45', 'divId:dbList'),
	(12644, 'admin', 8, '2015-12-07 21:19:38', ''),
	(12645, 'admin', 6, '2015-12-07 21:19:44', ''),
	(12646, 'admin', 6, '2015-12-07 21:19:45', ''),
	(12647, 'admin', 6, '2015-12-07 21:19:47', ''),
	(12648, 'admin', 6, '2015-12-07 21:19:49', ''),
	(12649, 'admin', 111, '2015-12-07 21:19:50', ''),
	(12650, 'admin', 6, '2015-12-07 21:19:51', ''),
	(12651, 'admin', 111, '2015-12-07 21:19:51', ''),
	(12652, 'admin', 2, '2015-12-07 21:21:36', ''),
	(12653, 'admin', 4, '2015-12-07 21:21:39', ''),
	(12654, 'admin', 6, '2015-12-07 21:22:52', ''),
	(12655, 'admin', 8, '2015-12-07 21:22:57', ''),
	(12656, 'admin', 15, '2015-12-07 21:22:58', 'rel:dirForm'),
	(12657, 'admin', 8, '2015-12-07 21:23:01', ''),
	(12658, 'admin', 19, '2015-12-07 21:23:03', ''),
	(12659, 'admin', 46, '2015-12-07 21:23:27', 'hpFolderName:test001,hadoopUser.id:8a82948a517bb32601517c87e6d70009,hpHdfsType:test,hpHdfsTag:test,hpRemarks:test'),
	(12660, 'admin', 9, '2015-12-07 21:23:29', ''),
	(12661, 'admin', 112, '2015-12-07 21:23:29', ''),
	(12662, 'admin', 115, '2015-12-07 21:23:29', 'divId:hdfsList'),
	(12663, 'admin', 114, '2015-12-07 21:23:29', 'divId:dbList'),
	(12664, 'admin', 8, '2015-12-07 21:23:30', ''),
	(12665, 'admin', 14, '2015-12-07 21:23:35', ''),
	(12666, 'admin', 14, '2015-12-07 21:23:45', 'page:2'),
	(12667, 'admin', 14, '2015-12-07 21:23:51', ''),
	(12668, 'admin', 8, '2015-12-07 21:23:56', ''),
	(12669, 'admin', 19, '2015-12-07 21:23:58', ''),
	(12670, 'admin', 19, '2015-12-07 21:24:00', ''),
	(12671, 'admin', 19, '2015-12-07 21:24:01', ''),
	(12672, 'admin', 19, '2015-12-07 21:24:02', ''),
	(12673, 'admin', 19, '2015-12-07 21:24:03', ''),
	(12674, 'admin', 8, '2015-12-07 21:24:04', ''),
	(12675, 'admin', 8, '2015-12-07 21:24:05', ''),
	(12676, 'admin', 1, '2015-12-07 21:25:16', ''),
	(12677, 'admin', 67, '2015-12-07 21:25:19', ''),
	(12678, 'admin', 112, '2015-12-07 21:25:21', ''),
	(12679, 'admin', 115, '2015-12-07 21:25:22', 'divId:hdfsList'),
	(12680, 'admin', 114, '2015-12-07 21:25:22', 'divId:dbList'),
	(12681, 'admin', 1, '2015-12-07 21:25:27', ''),
	(12682, 'admin', 67, '2015-12-07 21:25:29', ''),
	(12683, 'admin', 11, '2015-12-07 21:25:32', ''),
	(12684, 'admin', 12, '2015-12-07 21:25:35', ''),
	(12685, 'admin', 52, '2015-12-07 21:25:36', ''),
	(12686, 'admin', 57, '2015-12-07 21:25:39', ''),
	(12687, 'admin', 74, '2015-12-07 21:25:41', ''),
	(12688, 'admin', 6, '2015-12-07 21:25:48', ''),
	(12689, 'admin', 3, '2015-12-07 21:25:51', ''),
	(12690, 'admin', 3, '2015-12-07 21:25:53', ''),
	(12691, 'admin', 6, '2015-12-07 21:25:55', ''),
	(12692, 'admin', 106, '2015-12-07 21:27:18', 'hdfsId:12121,name:/user/zxc_test/public//user/zxc_test/public/sada_gdpi_adcookkie'),
	(12693, 'admin', 106, '2015-12-07 21:27:26', 'hdfsId:12121,name:/user/zxc_test/public//user/zxc_test/public/sada_gdpi_adcookkie'),
	(12694, 'admin', 78, '2015-12-07 21:27:35', 'hdfsId:12121,password:12345'),
	(12695, 'admin', 8, '2015-12-07 21:27:37', ''),
	(12696, 'admin', 6, '2015-12-07 21:29:20', ''),
	(12697, 'admin', 8, '2015-12-07 21:29:22', ''),
	(12698, 'admin', 15, '2015-12-07 21:29:24', 'rel:dirForm'),
	(12699, 'admin', 3, '2015-12-07 21:29:30', ''),
	(12700, 'admin', 3, '2015-12-07 21:29:31', ''),
	(12701, 'admin', 6, '2015-12-07 21:29:32', ''),
	(12702, 'admin', 8, '2015-12-07 21:29:36', ''),
	(12703, 'admin', 15, '2015-12-07 21:29:38', 'rel:dirForm'),
	(12704, 'admin', 46, '2015-12-07 21:30:06', 'hpFolderName:zxc88,hadoopUser.id:8a82948a517bb32601517c87e6d70009,hpHdfsType:dfdf,hpHdfsTag:fdfd'),
	(12705, 'admin', 9, '2015-12-07 21:30:08', ''),
	(12706, 'admin', 3, '2015-12-07 21:30:35', ''),
	(12707, 'admin', 110, '2015-12-07 21:30:37', ''),
	(12708, 'admin', 3, '2015-12-07 21:30:38', ''),
	(12709, 'admin', 19, '2015-12-07 21:30:42', ''),
	(12710, 'admin', 25, '2015-12-07 21:30:44', 'resourceId:3560,divId:groupUsers'),
	(12711, 'admin', 26, '2015-12-07 21:30:44', 'resourceId:3560,divId:otherUsers'),
	(12712, 'admin', 83, '2015-12-07 21:30:56', 'hadoopUserId:8a82948a517bb32601517c87e6d70009,resourceId:3560,_:1449494928074'),
	(12713, 'admin', 25, '2015-12-07 21:30:57', 'resourceId:3560,divId:groupUsers'),
	(12714, 'admin', 26, '2015-12-07 21:30:57', 'resourceId:3560,divId:otherUsers'),
	(12715, 'admin', 25, '2015-12-07 21:31:03', 'resourceId:3560,divId:groupUsers'),
	(12716, 'admin', 25, '2015-12-07 21:31:04', 'resourceId:3560,divId:groupUsers'),
	(12717, 'admin', 19, '2015-12-07 21:31:09', ''),
	(12718, 'admin', 112, '2015-12-07 21:31:10', ''),
	(12719, 'admin', 115, '2015-12-07 21:31:11', 'divId:hdfsList'),
	(12720, 'admin', 114, '2015-12-07 21:31:11', 'divId:dbList'),
	(12721, 'admin', 112, '2015-12-07 21:31:17', ''),
	(12722, 'admin', 114, '2015-12-07 21:31:18', 'divId:dbList'),
	(12723, 'admin', 115, '2015-12-07 21:31:18', 'divId:hdfsList'),
	(12724, 'admin', 19, '2015-12-07 21:32:54', ''),
	(12725, 'admin', 8, '2015-12-07 21:32:56', ''),
	(12726, 'admin', 4, '2015-12-07 21:32:58', ''),
	(12727, 'admin', 31, '2015-12-07 21:33:01', ''),
	(12728, 'admin', 32, '2015-12-07 21:33:01', ''),
	(12729, 'admin', 4, '2015-12-07 21:33:06', ''),
	(12730, 'admin', 8, '2015-12-07 21:33:09', ''),
	(12731, 'admin', 19, '2015-12-07 21:33:10', ''),
	(12732, 'admin', 1, '2015-12-07 21:33:13', ''),
	(12733, 'admin', 67, '2015-12-07 21:33:15', ''),
	(12734, 'admin', 11, '2015-12-07 21:33:17', ''),
	(12735, 'admin', 13, '2015-12-07 21:33:18', ''),
	(12736, 'admin', 22, '2015-12-07 21:33:25', ''),
	(12737, 'admin', 23, '2015-12-07 21:33:26', ''),
	(12738, 'admin', 23, '2015-12-07 21:33:28', ''),
	(12739, 'admin', 23, '2015-12-07 21:33:29', ''),
	(12740, 'admin', 44, '2015-12-07 21:33:33', ''),
	(12741, 'admin', 45, '2015-12-07 21:33:33', ''),
	(12742, 'admin', 10, '2015-12-07 21:33:34', ''),
	(12743, 'admin', 51, '2015-12-07 21:33:35', ''),
	(12744, 'admin', 3, '2015-12-07 21:33:38', ''),
	(12745, 'admin', 6, '2015-12-07 21:33:41', ''),
	(12746, 'admin', 8, '2015-12-07 21:33:47', ''),
	(12747, 'admin', 19, '2015-12-07 21:33:49', ''),
	(12748, 'admin', 8, '2015-12-07 21:33:51', ''),
	(12749, 'admin', 112, '2015-12-07 21:33:52', ''),
	(12750, 'admin', 115, '2015-12-07 21:33:53', 'divId:hdfsList'),
	(12751, 'admin', 114, '2015-12-07 21:33:53', 'divId:dbList'),
	(12752, 'admin', 4, '2015-12-07 21:34:02', ''),
	(12753, 'admin', 4, '2015-12-07 21:34:04', ''),
	(12754, 'admin', 4, '2015-12-07 21:34:06', ''),
	(12755, 'admin', 4, '2015-12-07 21:34:09', ''),
	(12756, 'admin', 8, '2015-12-07 21:34:09', ''),
	(12757, 'admin', 112, '2015-12-07 21:34:18', ''),
	(12758, 'admin', 115, '2015-12-07 21:34:18', 'divId:hdfsList'),
	(12759, 'admin', 114, '2015-12-07 21:34:18', 'divId:dbList'),
	(12760, 'admin', 4, '2015-12-07 21:34:33', ''),
	(12761, 'admin', 112, '2015-12-07 21:34:33', ''),
	(12762, 'admin', 115, '2015-12-07 21:34:34', 'divId:hdfsList'),
	(12763, 'admin', 114, '2015-12-07 21:34:34', 'divId:dbList'),
	(12764, 'admin', 8, '2015-12-07 21:35:54', ''),
	(12765, 'admin', 92, '2015-12-07 21:35:56', ''),
	(12766, 'admin', 8, '2015-12-07 21:35:58', ''),
	(12767, 'admin', 112, '2015-12-07 21:35:59', ''),
	(12768, 'admin', 115, '2015-12-07 21:35:59', 'divId:hdfsList'),
	(12769, 'admin', 114, '2015-12-07 21:35:59', 'divId:dbList'),
	(12770, 'admin', 8, '2015-12-07 21:36:26', ''),
	(12771, 'admin', 19, '2015-12-07 21:36:30', ''),
	(12772, 'admin', 88, '2015-12-07 21:36:34', ''),
	(12773, 'admin', 88, '2015-12-07 21:36:34', ''),
	(12774, 'admin', 19, '2015-12-07 21:36:34', ''),
	(12775, 'admin', 112, '2015-12-07 21:36:37', ''),
	(12776, 'admin', 115, '2015-12-07 21:36:37', 'divId:hdfsList'),
	(12777, 'admin', 114, '2015-12-07 21:36:37', 'divId:dbList'),
	(12778, 'admin', 4, '2015-12-07 21:37:15', ''),
	(12779, 'admin', 4, '2015-12-07 21:37:16', ''),
	(12780, 'admin', 112, '2015-12-07 21:37:21', ''),
	(12781, 'admin', 115, '2015-12-07 21:37:21', 'divId:hdfsList'),
	(12782, 'admin', 114, '2015-12-07 21:37:21', 'divId:dbList'),
	(12783, 'admin', 112, '2015-12-07 21:38:55', ''),
	(12784, 'admin', 115, '2015-12-07 21:38:55', 'divId:hdfsList'),
	(12785, 'admin', 114, '2015-12-07 21:38:55', 'divId:dbList'),
	(12786, 'admin', 8, '2015-12-07 21:39:23', ''),
	(12787, 'admin', 112, '2015-12-07 21:40:49', ''),
	(12788, 'admin', 115, '2015-12-07 21:40:50', 'divId:hdfsList'),
	(12789, 'admin', 114, '2015-12-07 21:40:50', 'divId:dbList'),
	(12790, 'admin', 112, '2015-12-07 21:40:51', ''),
	(12791, 'admin', 115, '2015-12-07 21:40:52', 'divId:hdfsList'),
	(12792, 'admin', 114, '2015-12-07 21:40:52', 'divId:dbList'),
	(12793, 'admin', 8, '2015-12-07 21:41:00', ''),
	(12794, 'admin', 15, '2015-12-07 21:41:05', 'rel:dirForm'),
	(12795, 'admin', 46, '2015-12-07 21:41:51', 'hpFolderName:dfdfdfd,hadoopUser.id:8a82948a517bb32601517c87e6d70009,hpHdfsType:dfdfdf,hpHdfsTag:fdfdf'),
	(12796, 'admin', 9, '2015-12-07 21:41:53', ''),
	(12797, 'admin', 112, '2015-12-07 21:41:55', ''),
	(12798, 'admin', 115, '2015-12-07 21:41:55', 'divId:hdfsList'),
	(12799, 'admin', 114, '2015-12-07 21:41:55', 'divId:dbList'),
	(12800, 'admin', 112, '2015-12-07 21:42:57', ''),
	(12801, 'admin', 115, '2015-12-07 21:42:57', 'divId:hdfsList'),
	(12802, 'admin', 114, '2015-12-07 21:42:57', 'divId:dbList'),
	(12803, 'admin', 112, '2015-12-07 21:42:58', ''),
	(12804, 'admin', 115, '2015-12-07 21:42:59', 'divId:hdfsList'),
	(12805, 'admin', 114, '2015-12-07 21:42:59', 'divId:dbList'),
	(12806, 'admin', 112, '2015-12-07 21:43:00', ''),
	(12807, 'admin', 115, '2015-12-07 21:43:01', 'divId:hdfsList'),
	(12808, 'admin', 114, '2015-12-07 21:43:01', 'divId:dbList'),
	(12809, 'admin', 8, '2015-12-07 21:43:02', ''),
	(12810, 'admin', 8, '2015-12-07 21:43:04', ''),
	(12811, 'admin', 27, '2015-12-07 21:43:06', 'resourceId:12124,divId:groupUsers'),
	(12812, 'admin', 28, '2015-12-07 21:43:06', 'resourceId:12124,divId:otherUsers'),
	(12813, 'admin', 4, '2015-12-07 21:43:13', ''),
	(12814, 'admin', 24, '2015-12-07 21:43:15', 'look:false'),
	(12815, 'admin', 56, '2015-12-07 21:44:00', 'hpUserName:zxc_test2,hpUserPw:Server@123,hpContacts:fdfd,hpPhone:242424,hpEmail:23423@123.com,hpUserType:1,hpCulster:1,customer.id:61,min:102400,minCPU:25,max:409600,maxCPU:100,maxApps:50,weight:1'),
	(12816, 'admin', 4, '2015-12-07 21:44:01', ''),
	(12817, 'admin', 8, '2015-12-07 21:44:08', ''),
	(12818, 'admin', 27, '2015-12-07 21:44:10', 'resourceId:12124,divId:groupUsers'),
	(12819, 'admin', 28, '2015-12-07 21:44:10', 'resourceId:12124,divId:otherUsers'),
	(12820, 'admin', 27, '2015-12-07 21:44:16', 'resourceId:12123,divId:groupUsers'),
	(12821, 'admin', 28, '2015-12-07 21:44:16', 'resourceId:12123,divId:otherUsers'),
	(12822, 'admin', 47, '2015-12-07 21:44:22', 'hadoopUserId:8a82948a517c90d201517caf45dd0000,resourceId:12123,_:1449495733744'),
	(12823, 'admin', 28, '2015-12-07 21:44:23', 'resourceId:12123,divId:otherUsers'),
	(12824, 'admin', 27, '2015-12-07 21:44:23', 'resourceId:12123,divId:groupUsers'),
	(12825, 'admin', 48, '2015-12-07 21:44:31', 'resourceId:12123,hadoopUserId:8a82948a517c90d201517caf45dd0000,_:1449495733745'),
	(12826, 'admin', 27, '2015-12-07 21:44:33', 'resourceId:12123,divId:groupUsers'),
	(12827, 'admin', 28, '2015-12-07 21:44:33', 'resourceId:12123,divId:otherUsers'),
	(12828, 'admin', 8, '2015-12-07 21:48:30', ''),
	(12829, 'admin', 27, '2015-12-07 21:48:34', 'resourceId:12122,divId:groupUsers'),
	(12830, 'admin', 28, '2015-12-07 21:48:34', 'resourceId:12122,divId:otherUsers'),
	(12831, 'admin', 27, '2015-12-07 21:48:36', 'resourceId:12123,divId:groupUsers'),
	(12832, 'admin', 28, '2015-12-07 21:48:36', 'resourceId:12123,divId:otherUsers'),
	(12833, 'admin', 27, '2015-12-07 21:48:39', 'resourceId:12124,divId:groupUsers'),
	(12834, 'admin', 28, '2015-12-07 21:48:39', 'resourceId:12124,divId:otherUsers'),
	(12835, 'admin', 19, '2015-12-07 21:48:46', ''),
	(12836, 'admin', 14, '2015-12-07 21:48:49', ''),
	(12837, 'admin', 44, '2015-12-07 21:48:51', ''),
	(12838, 'admin', 45, '2015-12-07 21:48:52', ''),
	(12839, 'admin', 10, '2015-12-07 21:48:53', ''),
	(12840, 'admin', 51, '2015-12-07 21:48:55', ''),
	(12841, 'admin', 8, '2015-12-07 21:49:34', ''),
	(12842, 'admin', 19, '2015-12-07 21:49:36', ''),
	(12843, 'admin', 112, '2015-12-07 21:49:38', ''),
	(12844, 'admin', 115, '2015-12-07 21:49:38', 'divId:hdfsList'),
	(12845, 'admin', 114, '2015-12-07 21:49:39', 'divId:dbList'),
	(12846, 'admin', 117, '2015-12-07 21:50:18', 'id:12123'),
	(12847, 'admin', 115, '2015-12-07 21:50:19', 'page:1,divId:dbList'),
	(12848, 'admin', 112, '2015-12-07 21:50:25', ''),
	(12849, 'admin', 115, '2015-12-07 21:50:25', 'divId:hdfsList'),
	(12850, 'admin', 114, '2015-12-07 21:50:25', 'divId:dbList'),
	(12851, 'admin', 112, '2015-12-07 21:50:47', ''),
	(12852, 'admin', 115, '2015-12-07 21:50:47', 'divId:hdfsList'),
	(12853, 'admin', 114, '2015-12-07 21:50:47', 'divId:dbList'),
	(12854, 'admin', 112, '2015-12-07 21:53:58', ''),
	(12855, 'admin', 115, '2015-12-07 21:53:58', 'divId:hdfsList'),
	(12856, 'admin', 114, '2015-12-07 21:53:58', 'divId:dbList'),
	(12857, 'admin', 112, '2015-12-07 21:57:17', ''),
	(12858, 'admin', 115, '2015-12-07 21:57:17', 'divId:hdfsList'),
	(12859, 'admin', 114, '2015-12-07 21:57:17', 'divId:dbList'),
	(12860, 'admin', 8, '2015-12-07 21:57:18', ''),
	(12861, 'admin', 112, '2015-12-07 21:57:23', ''),
	(12862, 'admin', 115, '2015-12-07 21:57:23', 'divId:hdfsList'),
	(12863, 'admin', 114, '2015-12-07 21:57:23', 'divId:dbList'),
	(12864, 'admin', 8, '2015-12-07 21:57:25', ''),
	(12865, 'admin', 92, '2015-12-07 21:57:30', ''),
	(12866, 'admin', 8, '2015-12-07 21:57:31', ''),
	(12867, 'admin', 19, '2015-12-07 21:58:25', ''),
	(12868, 'admin', 88, '2015-12-07 21:58:27', ''),
	(12869, 'admin', 88, '2015-12-07 21:58:27', ''),
	(12870, 'admin', 19, '2015-12-07 21:58:27', ''),
	(12871, 'admin', 88, '2015-12-07 21:58:28', ''),
	(12872, 'admin', 88, '2015-12-07 21:58:28', ''),
	(12873, 'admin', 19, '2015-12-07 21:58:28', ''),
	(12874, 'admin', 88, '2015-12-07 21:58:29', ''),
	(12875, 'admin', 88, '2015-12-07 21:58:29', ''),
	(12876, 'admin', 19, '2015-12-07 21:58:29', ''),
	(12877, 'admin', 112, '2015-12-07 21:58:30', ''),
	(12878, 'admin', 115, '2015-12-07 21:58:31', 'divId:hdfsList'),
	(12879, 'admin', 114, '2015-12-07 21:58:31', 'divId:dbList'),
	(12880, 'admin', 112, '2015-12-07 21:58:33', ''),
	(12881, 'admin', 115, '2015-12-07 21:58:33', 'divId:hdfsList'),
	(12882, 'admin', 114, '2015-12-07 21:58:33', 'divId:dbList'),
	(12883, 'admin', 112, '2015-12-07 22:00:12', ''),
	(12884, 'admin', 115, '2015-12-07 22:00:13', 'divId:hdfsList'),
	(12885, 'admin', 114, '2015-12-07 22:00:13', 'divId:dbList'),
	(12886, 'admin', 19, '2015-12-07 22:00:14', ''),
	(12887, 'admin', 19, '2015-12-07 22:00:16', ''),
	(12888, 'admin', 25, '2015-12-07 22:00:19', 'resourceId:3560,divId:groupUsers'),
	(12889, 'admin', 26, '2015-12-07 22:00:19', 'resourceId:3560,divId:otherUsers'),
	(12890, 'admin', 2, '2015-12-07 22:00:34', ''),
	(12891, 'admin', 112, '2015-12-07 22:00:37', ''),
	(12892, 'admin', 115, '2015-12-07 22:00:37', 'divId:hdfsList'),
	(12893, 'admin', 114, '2015-12-07 22:00:37', 'divId:dbList'),
	(12894, 'admin', 3, '2015-12-07 22:00:38', ''),
	(12895, 'admin', 8, '2015-12-07 22:00:39', ''),
	(12896, 'admin', 6, '2015-12-07 22:00:40', ''),
	(12897, 'admin', 3, '2015-12-07 22:00:42', ''),
	(12898, 'admin', 92, '2015-12-07 22:00:54', ''),
	(12899, 'admin', 8, '2015-12-07 22:00:56', ''),
	(12900, 'admin', 8, '2015-12-07 22:01:46', ''),
	(12901, 'admin', 112, '2015-12-07 22:01:47', ''),
	(12902, 'admin', 115, '2015-12-07 22:01:47', 'divId:hdfsList'),
	(12903, 'admin', 114, '2015-12-07 22:01:47', 'divId:dbList'),
	(12904, 'admin', 112, '2015-12-07 22:04:33', ''),
	(12905, 'admin', 115, '2015-12-07 22:04:33', 'divId:hdfsList'),
	(12906, 'admin', 114, '2015-12-07 22:04:33', 'divId:dbList'),
	(12907, 'admin', 19, '2015-12-07 22:04:35', ''),
	(12908, 'admin', 8, '2015-12-07 22:04:37', ''),
	(12909, 'admin', 4, '2015-12-07 22:04:43', ''),
	(12910, 'admin', 22, '2015-12-07 22:04:56', ''),
	(12911, 'admin', 112, '2015-12-07 22:25:57', ''),
	(12912, 'admin', 115, '2015-12-07 22:25:58', 'divId:hdfsList'),
	(12913, 'admin', 114, '2015-12-07 22:25:58', 'divId:dbList'),
	(12914, 'admin', 8, '2015-12-07 22:26:00', ''),
	(12915, 'admin', 112, '2015-12-07 22:26:25', ''),
	(12916, 'admin', 115, '2015-12-07 22:26:26', 'divId:hdfsList'),
	(12917, 'admin', 114, '2015-12-07 22:26:26', 'divId:dbList'),
	(12918, 'admin', 8, '2015-12-07 22:34:07', ''),
	(12919, 'admin', 2, '2015-12-07 22:39:25', ''),
	(12920, 'admin', 112, '2015-12-07 22:39:32', ''),
	(12921, 'admin', 114, '2015-12-07 22:39:32', 'divId:dbList'),
	(12922, 'admin', 115, '2015-12-07 22:39:32', 'divId:hdfsList'),
	(12923, 'admin', 8, '2015-12-07 22:39:36', ''),
	(12924, 'admin', 8, '2015-12-07 22:39:38', ''),
	(12925, 'admin', 112, '2015-12-07 22:39:39', ''),
	(12926, 'admin', 114, '2015-12-07 22:39:40', 'divId:dbList'),
	(12927, 'admin', 115, '2015-12-07 22:39:40', 'divId:hdfsList'),
	(12928, 'admin', 117, '2015-12-07 22:40:07', 'id:12122'),
	(12929, 'admin', 112, '2015-12-07 22:40:28', ''),
	(12930, 'admin', 115, '2015-12-07 22:40:29', 'divId:hdfsList'),
	(12931, 'admin', 114, '2015-12-07 22:40:29', 'divId:dbList'),
	(12932, 'admin', 115, '2015-12-07 22:41:26', 'page:1,divId:dbList'),
	(12933, 'admin', 8, '2015-12-07 22:41:29', ''),
	(12934, 'admin', 19, '2015-12-07 22:41:32', ''),
	(12935, 'admin', 112, '2015-12-07 22:41:34', ''),
	(12936, 'admin', 115, '2015-12-07 22:41:34', 'divId:hdfsList'),
	(12937, 'admin', 114, '2015-12-07 22:41:34', 'divId:dbList'),
	(12938, 'admin', 4, '2015-12-07 22:41:36', ''),
	(12939, 'admin', 6, '2015-12-07 22:41:46', ''),
	(12940, 'admin', 6, '2015-12-07 22:45:37', ''),
	(12941, 'admin', 3, '2015-12-07 22:45:38', ''),
	(12942, 'admin', 6, '2015-12-07 22:45:40', ''),
	(12943, 'admin', 8, '2015-12-07 22:46:02', ''),
	(12944, 'admin', 8, '2015-12-07 22:46:06', ''),
	(12945, 'admin', 8, '2015-12-07 22:46:07', ''),
	(12946, 'admin', 92, '2015-12-07 22:46:11', ''),
	(12947, 'admin', 8, '2015-12-07 22:46:13', ''),
	(12948, 'admin', 8, '2015-12-07 22:47:51', ''),
	(12949, 'admin', 8, '2015-12-07 22:47:52', ''),
	(12950, 'admin', 3, '2015-12-07 22:49:33', ''),
	(12951, 'admin', 6, '2015-12-07 22:49:35', ''),
	(12952, 'admin', 6, '2015-12-07 22:49:44', ''),
	(12953, 'admin', 6, '2015-12-07 22:49:45', ''),
	(12954, 'admin', 6, '2015-12-07 22:49:46', ''),
	(12955, 'admin', 6, '2015-12-07 22:49:47', ''),
	(12956, 'admin', 6, '2015-12-07 22:49:49', ''),
	(12957, 'admin', 6, '2015-12-07 22:49:50', ''),
	(12958, 'admin', 6, '2015-12-07 22:56:33', ''),
	(12959, 'admin', 6, '2015-12-07 22:56:34', ''),
	(12960, 'admin', 6, '2015-12-07 22:56:35', ''),
	(12961, 'admin', 111, '2015-12-07 22:56:38', ''),
	(12962, 'admin', 6, '2015-12-07 22:56:38', ''),
	(12963, 'admin', 6, '2015-12-07 22:56:39', ''),
	(12964, 'admin', 3, '2015-12-07 22:56:43', ''),
	(12965, 'admin', 8, '2015-12-07 22:56:46', ''),
	(12966, 'admin', 112, '2015-12-07 22:57:02', ''),
	(12967, 'admin', 115, '2015-12-07 22:57:03', 'divId:hdfsList'),
	(12968, 'admin', 114, '2015-12-07 22:57:03', 'divId:dbList'),
	(12969, 'admin', 112, '2015-12-07 22:57:06', ''),
	(12970, 'admin', 115, '2015-12-07 22:57:06', 'divId:hdfsList'),
	(12971, 'admin', 114, '2015-12-07 22:57:06', 'divId:dbList'),
	(12972, 'admin', 112, '2015-12-07 22:58:17', ''),
	(12973, 'admin', 115, '2015-12-07 22:58:17', 'divId:hdfsList'),
	(12974, 'admin', 114, '2015-12-07 22:58:17', 'divId:dbList'),
	(12975, 'admin', 8, '2015-12-07 22:59:44', ''),
	(12976, 'admin', 19, '2015-12-07 22:59:45', ''),
	(12977, 'admin', 8, '2015-12-07 22:59:47', ''),
	(12978, 'admin', 6, '2015-12-07 22:59:54', ''),
	(12979, 'admin', 3, '2015-12-07 22:59:57', ''),
	(12980, 'admin', 6, '2015-12-07 23:00:01', ''),
	(12981, 'admin', 4, '2015-12-07 23:00:20', ''),
	(12982, 'admin', 24, '2015-12-07 23:00:22', 'look:false'),
	(12983, 'admin', 56, '2015-12-07 23:02:25', 'hpUserName:gdpi,hpUserPw:qwss!@!@#$%$2332,hpContacts:张修成,hpPhone:18916888726,hpEmail:18916888726@189.cn,hpUserType:1,hpCulster:1,customer.id:61,min:102400,minCPU:25,max:409600,maxCPU:100,maxApps:50,weight:1'),
	(12984, 'admin', 4, '2015-12-07 23:02:27', ''),
	(12985, 'admin', 8, '2015-12-07 23:02:34', ''),
	(12986, 'admin', 15, '2015-12-07 23:02:43', 'rel:dirForm'),
	(12987, 'admin', 2, '2015-12-07 23:08:00', ''),
	(12988, 'admin', 8, '2015-12-07 23:09:57', ''),
	(12989, 'admin', 92, '2015-12-07 23:10:07', ''),
	(12990, 'admin', 8, '2015-12-07 23:10:09', ''),
	(12991, 'admin', 112, '2015-12-07 23:10:10', ''),
	(12992, 'admin', 115, '2015-12-07 23:10:10', 'divId:hdfsList'),
	(12993, 'admin', 114, '2015-12-07 23:10:10', 'divId:dbList'),
	(12994, 'admin', 2, '2015-12-07 23:12:13', ''),
	(12995, 'admin', 4, '2015-12-07 23:12:17', ''),
	(12996, 'admin', 30, '2015-12-07 23:12:36', 'id:8a82948a517c90d201517caf45dd0000,_:1449501022903'),
	(12997, 'admin', 4, '2015-12-07 23:12:38', ''),
	(12998, 'admin', 30, '2015-12-07 23:12:56', 'id:8a82948a517bb32601517c87e6d70009,_:1449501045003'),
	(12999, 'admin', 8, '2015-12-07 23:12:58', ''),
	(13000, 'admin', 4, '2015-12-07 23:12:58', ''),
	(13001, 'admin', 8, '2015-12-07 23:13:00', ''),
	(13002, 'admin', 112, '2015-12-07 23:13:00', ''),
	(13003, 'admin', 115, '2015-12-07 23:13:01', 'divId:hdfsList'),
	(13004, 'admin', 114, '2015-12-07 23:13:01', 'divId:dbList'),
	(13005, 'admin', 106, '2015-12-07 23:13:07', 'hdfsId:5071,name:/user/zxc_test/public/zxc88,flag:delHDFS'),
	(13006, 'admin', 24, '2015-12-07 23:13:11', 'look:false'),
	(13007, 'admin', 112, '2015-12-07 23:13:19', ''),
	(13008, 'admin', 115, '2015-12-07 23:13:20', 'divId:hdfsList'),
	(13009, 'admin', 114, '2015-12-07 23:13:20', 'divId:dbList'),
	(13010, 'admin', 4, '2015-12-07 23:13:24', ''),
	(13011, 'admin', 112, '2015-12-07 23:14:05', ''),
	(13012, 'admin', 115, '2015-12-07 23:14:05', 'divId:hdfsList'),
	(13013, 'admin', 114, '2015-12-07 23:14:05', 'divId:dbList'),
	(13014, 'admin', 56, '2015-12-07 23:14:06', 'hpUserName:zxc_test2,hpUserPw:Server@123,hpContacts:张修成,hpPhone:18916888726,hpEmail:18916888726@189.cn,hpUserType:1,hpCulster:1,customer.id:61,min:102400,minCPU:25,max:409600,maxCPU:100,maxApps:50,weight:1'),
	(13015, 'admin', 8, '2015-12-07 23:14:07', ''),
	(13016, 'admin', 4, '2015-12-07 23:14:08', ''),
	(13017, 'admin', 8, '2015-12-07 23:14:11', ''),
	(13018, 'admin', 15, '2015-12-07 23:14:13', 'rel:dirForm'),
	(13019, 'admin', 46, '2015-12-07 23:14:55', 'hpFolderName:sada_gdpi_adcookie,hadoopUser.id:8a82948a517c90d201517cf711a00001,hpHdfsType:固网数据,hpHdfsTag:adcookie数据'),
	(13020, 'admin', 9, '2015-12-07 23:14:57', ''),
	(13021, 'admin', 15, '2015-12-07 23:15:00', 'rel:dirForm'),
	(13022, 'admin', 46, '2015-12-07 23:15:39', 'hpFolderName:sada_gdpi_click,hadoopUser.id:8a82948a517c90d201517cf711a00001,hpHdfsType:固网数据,hpHdfsTag:click数据'),
	(13023, 'admin', 9, '2015-12-07 23:15:41', ''),
	(13024, 'admin', 8, '2015-12-07 23:15:43', ''),
	(13025, 'admin', 27, '2015-12-07 23:15:46', 'resourceId:12127,divId:groupUsers'),
	(13026, 'admin', 28, '2015-12-07 23:15:46', 'resourceId:12127,divId:otherUsers'),
	(13027, 'admin', 47, '2015-12-07 23:15:52', 'hadoopUserId:8a82948a517c90d201517cf711a00001,resourceId:12127,_:1449501229477'),
	(13028, 'admin', 27, '2015-12-07 23:15:54', 'resourceId:12127,divId:groupUsers'),
	(13029, 'admin', 28, '2015-12-07 23:15:54', 'resourceId:12127,divId:otherUsers'),
	(13030, 'admin', 27, '2015-12-07 23:15:55', 'resourceId:12126,divId:groupUsers'),
	(13031, 'admin', 28, '2015-12-07 23:15:55', 'resourceId:12126,divId:otherUsers'),
	(13032, 'admin', 47, '2015-12-07 23:16:00', 'hadoopUserId:8a82948a517c90d201517cf711a00001,resourceId:12126,_:1449501229478'),
	(13033, 'admin', 27, '2015-12-07 23:16:02', 'resourceId:12126,divId:groupUsers'),
	(13034, 'admin', 28, '2015-12-07 23:16:02', 'resourceId:12126,divId:otherUsers'),
	(13035, 'admin', 19, '2015-12-07 23:16:09', ''),
	(13036, 'admin', 8, '2015-12-07 23:17:03', ''),
	(13037, 'admin', 19, '2015-12-07 23:18:02', ''),
	(13038, 'admin', 88, '2015-12-07 23:18:05', ''),
	(13039, 'admin', 88, '2015-12-07 23:18:05', ''),
	(13040, 'admin', 19, '2015-12-07 23:18:05', ''),
	(13041, 'admin', 25, '2015-12-07 23:18:07', 'resourceId:3561,divId:groupUsers'),
	(13042, 'admin', 26, '2015-12-07 23:18:08', 'resourceId:3561,divId:otherUsers'),
	(13043, 'admin', 83, '2015-12-07 23:18:19', 'hadoopUserId:8a82948a517c90d201517cf711a00001,resourceId:3561,_:1449501370895'),
	(13044, 'admin', 25, '2015-12-07 23:18:21', 'resourceId:3561,divId:groupUsers'),
	(13045, 'admin', 26, '2015-12-07 23:18:21', 'resourceId:3561,divId:otherUsers'),
	(13046, 'admin', 25, '2015-12-07 23:18:28', 'resourceId:3562,divId:groupUsers'),
	(13047, 'admin', 26, '2015-12-07 23:18:28', 'resourceId:3562,divId:otherUsers'),
	(13048, 'admin', 83, '2015-12-07 23:18:39', 'hadoopUserId:8a82948a517c90d201517cf711a00001,resourceId:3562,_:1449501370896'),
	(13049, 'admin', 25, '2015-12-07 23:18:41', 'resourceId:3562,divId:groupUsers'),
	(13050, 'admin', 26, '2015-12-07 23:18:41', 'resourceId:3562,divId:otherUsers'),
	(13051, 'admin', 4, '2015-12-07 23:19:03', ''),
	(13052, 'admin', 4, '2015-12-07 23:19:10', ''),
	(13053, 'admin', 8, '2015-12-07 23:19:12', ''),
	(13054, 'admin', 27, '2015-12-07 23:19:15', 'resourceId:12127,divId:groupUsers'),
	(13055, 'admin', 28, '2015-12-07 23:19:15', 'resourceId:12127,divId:otherUsers'),
	(13056, 'admin', 27, '2015-12-07 23:19:19', 'resourceId:12126,divId:groupUsers'),
	(13057, 'admin', 28, '2015-12-07 23:19:19', 'resourceId:12126,divId:otherUsers'),
	(13058, 'admin', 19, '2015-12-07 23:19:22', ''),
	(13059, 'admin', 25, '2015-12-07 23:19:24', 'resourceId:3561,divId:groupUsers'),
	(13060, 'admin', 26, '2015-12-07 23:19:24', 'resourceId:3561,divId:otherUsers'),
	(13061, 'admin', 25, '2015-12-07 23:19:26', 'resourceId:3562,divId:groupUsers'),
	(13062, 'admin', 26, '2015-12-07 23:19:26', 'resourceId:3562,divId:otherUsers'),
	(13063, 'admin', 6, '2015-12-07 23:19:38', ''),
	(13064, 'admin', 8, '2015-12-07 23:19:43', ''),
	(13065, 'admin', 19, '2015-12-07 23:19:48', ''),
	(13066, 'admin', 22, '2015-12-07 23:20:07', ''),
	(13067, 'admin', 3, '2015-12-07 23:20:11', ''),
	(13068, 'admin', 55, '2015-12-07 23:20:14', 'id:3562'),
	(13069, 'admin', 113, '2015-12-07 23:20:36', 'id:3562,hpBusiTag:click数据,hpBusiType:固网数据'),
	(13070, 'admin', 3, '2015-12-07 23:20:36', ''),
	(13071, 'admin', 55, '2015-12-07 23:20:38', 'id:3561'),
	(13072, 'admin', 113, '2015-12-07 23:20:52', 'id:3561,hpBusiTag:cookie数据,hpBusiType:固网数据'),
	(13073, 'admin', 3, '2015-12-07 23:20:52', ''),
	(13074, 'admin', 19, '2015-12-07 23:20:57', ''),
	(13075, 'admin', 25, '2015-12-07 23:20:59', 'resourceId:3561,divId:groupUsers'),
	(13076, 'admin', 26, '2015-12-07 23:20:59', 'resourceId:3561,divId:otherUsers'),
	(13077, 'admin', 4, '2015-12-07 23:21:03', ''),
	(13078, 'admin', 4, '2015-12-07 23:21:11', ''),
	(13079, 'admin', 4, '2015-12-07 23:21:16', ''),
	(13080, 'admin', 4, '2015-12-07 23:21:21', ''),
	(13081, 'admin', 8, '2015-12-07 23:21:46', ''),
	(13082, 'admin', 19, '2015-12-07 23:21:51', ''),
	(13083, 'admin', 25, '2015-12-07 23:21:53', 'resourceId:3561,divId:groupUsers'),
	(13084, 'admin', 26, '2015-12-07 23:21:53', 'resourceId:3561,divId:otherUsers'),
	(13085, 'admin', 8, '2015-12-07 23:22:05', ''),
	(13086, 'admin', 28, '2015-12-07 23:22:07', 'resourceId:12127,divId:otherUsers'),
	(13087, 'admin', 27, '2015-12-07 23:22:07', 'resourceId:12127,divId:groupUsers'),
	(13088, 'admin', 27, '2015-12-07 23:22:09', 'resourceId:12126,divId:groupUsers'),
	(13089, 'admin', 28, '2015-12-07 23:22:09', 'resourceId:12126,divId:otherUsers'),
	(13090, 'admin', 4, '2015-12-07 23:22:13', ''),
	(13091, 'admin', 19, '2015-12-07 23:22:20', ''),
	(13092, 'admin', 88, '2015-12-07 23:22:22', ''),
	(13093, 'admin', 19, '2015-12-07 23:22:22', ''),
	(13094, 'admin', 88, '2015-12-07 23:22:22', ''),
	(13095, 'admin', 88, '2015-12-07 23:22:23', ''),
	(13096, 'admin', 88, '2015-12-07 23:22:23', ''),
	(13097, 'admin', 19, '2015-12-07 23:22:23', ''),
	(13098, 'admin', 88, '2015-12-07 23:22:24', ''),
	(13099, 'admin', 88, '2015-12-07 23:22:25', ''),
	(13100, 'admin', 19, '2015-12-07 23:22:25', ''),
	(13101, 'admin', 88, '2015-12-07 23:22:26', ''),
	(13102, 'admin', 88, '2015-12-07 23:22:26', ''),
	(13103, 'admin', 19, '2015-12-07 23:22:26', ''),
	(13104, 'admin', 112, '2015-12-07 23:22:27', ''),
	(13105, 'admin', 115, '2015-12-07 23:22:28', 'divId:hdfsList'),
	(13106, 'admin', 114, '2015-12-07 23:22:28', 'divId:dbList'),
	(13107, 'admin', 19, '2015-12-07 23:22:36', ''),
	(13108, 'admin', 8, '2015-12-07 23:22:38', ''),
	(13109, 'admin', 27, '2015-12-07 23:22:45', 'resourceId:12127,divId:groupUsers'),
	(13110, 'admin', 28, '2015-12-07 23:22:45', 'resourceId:12127,divId:otherUsers'),
	(13111, 'admin', 19, '2015-12-07 23:22:56', ''),
	(13112, 'admin', 25, '2015-12-07 23:23:07', 'resourceId:3561,divId:groupUsers'),
	(13113, 'admin', 26, '2015-12-07 23:23:07', 'resourceId:3561,divId:otherUsers'),
	(13114, 'admin', 19, '2015-12-07 23:24:28', ''),
	(13115, 'admin', 19, '2015-12-07 23:24:29', ''),
	(13116, 'admin', 88, '2015-12-07 23:24:30', ''),
	(13117, 'admin', 88, '2015-12-07 23:24:30', ''),
	(13118, 'admin', 19, '2015-12-07 23:24:30', ''),
	(13119, 'admin', 88, '2015-12-07 23:24:31', ''),
	(13120, 'admin', 88, '2015-12-07 23:24:31', ''),
	(13121, 'admin', 19, '2015-12-07 23:24:32', ''),
	(13122, 'admin', 88, '2015-12-07 23:24:33', ''),
	(13123, 'admin', 88, '2015-12-07 23:24:33', ''),
	(13124, 'admin', 19, '2015-12-07 23:24:33', ''),
	(13125, 'admin', 88, '2015-12-07 23:24:34', ''),
	(13126, 'admin', 88, '2015-12-07 23:24:34', ''),
	(13127, 'admin', 19, '2015-12-07 23:24:34', ''),
	(13128, 'admin', 25, '2015-12-07 23:26:19', 'resourceId:3561,divId:groupUsers'),
	(13129, 'admin', 26, '2015-12-07 23:26:19', 'resourceId:3561,divId:otherUsers'),
	(13130, 'admin', 88, '2015-12-07 23:31:06', ''),
	(13131, 'admin', 88, '2015-12-07 23:31:06', ''),
	(13132, 'admin', 19, '2015-12-07 23:31:06', ''),
	(13133, 'admin', 88, '2015-12-07 23:31:07', ''),
	(13134, 'admin', 88, '2015-12-07 23:31:07', ''),
	(13135, 'admin', 19, '2015-12-07 23:31:07', ''),
	(13136, 'admin', 88, '2015-12-07 23:31:08', ''),
	(13137, 'admin', 88, '2015-12-07 23:31:08', ''),
	(13138, 'admin', 19, '2015-12-07 23:31:08', ''),
	(13139, 'admin', 88, '2015-12-07 23:31:09', ''),
	(13140, 'admin', 88, '2015-12-07 23:31:09', ''),
	(13141, 'admin', 19, '2015-12-07 23:31:09', ''),
	(13142, 'admin', 88, '2015-12-07 23:31:10', ''),
	(13143, 'admin', 88, '2015-12-07 23:31:10', ''),
	(13144, 'admin', 19, '2015-12-07 23:31:10', ''),
	(13145, 'admin', 88, '2015-12-07 23:31:11', ''),
	(13146, 'admin', 88, '2015-12-07 23:31:11', ''),
	(13147, 'admin', 19, '2015-12-07 23:31:11', ''),
	(13148, 'admin', 88, '2015-12-07 23:31:12', ''),
	(13149, 'admin', 88, '2015-12-07 23:31:13', ''),
	(13150, 'admin', 19, '2015-12-07 23:31:13', ''),
	(13151, 'admin', 88, '2015-12-07 23:31:14', ''),
	(13152, 'admin', 88, '2015-12-07 23:31:14', ''),
	(13153, 'admin', 19, '2015-12-07 23:31:14', ''),
	(13154, 'admin', 88, '2015-12-07 23:31:15', ''),
	(13155, 'admin', 88, '2015-12-07 23:31:15', ''),
	(13156, 'admin', 19, '2015-12-07 23:31:15', ''),
	(13157, 'admin', 88, '2015-12-07 23:31:17', ''),
	(13158, 'admin', 88, '2015-12-07 23:31:17', ''),
	(13159, 'admin', 19, '2015-12-07 23:31:17', ''),
	(13160, 'admin', 88, '2015-12-07 23:31:18', ''),
	(13161, 'admin', 88, '2015-12-07 23:31:18', ''),
	(13162, 'admin', 19, '2015-12-07 23:31:18', ''),
	(13163, 'admin', 88, '2015-12-07 23:31:19', ''),
	(13164, 'admin', 88, '2015-12-07 23:31:19', ''),
	(13165, 'admin', 19, '2015-12-07 23:31:19', ''),
	(13166, 'admin', 88, '2015-12-07 23:31:20', ''),
	(13167, 'admin', 88, '2015-12-07 23:31:20', ''),
	(13168, 'admin', 19, '2015-12-07 23:31:20', ''),
	(13169, 'admin', 88, '2015-12-07 23:31:21', ''),
	(13170, 'admin', 88, '2015-12-07 23:31:21', ''),
	(13171, 'admin', 19, '2015-12-07 23:31:21', ''),
	(13172, 'admin', 88, '2015-12-07 23:31:22', ''),
	(13173, 'admin', 88, '2015-12-07 23:31:22', ''),
	(13174, 'admin', 19, '2015-12-07 23:31:22', ''),
	(13175, 'admin', 74, '2015-12-07 23:31:42', ''),
	(13176, 'admin', 4, '2015-12-07 23:31:54', ''),
	(13177, 'admin', 1, '2015-12-07 23:34:11', ''),
	(13178, 'admin', 67, '2015-12-07 23:34:13', ''),
	(13179, 'admin', 1, '2015-12-07 23:34:14', ''),
	(13180, 'admin', 67, '2015-12-07 23:34:16', ''),
	(13181, 'admin', 11, '2015-12-07 23:34:17', ''),
	(13182, 'admin', 12, '2015-12-07 23:34:18', ''),
	(13183, 'admin', 11, '2015-12-07 23:34:20', ''),
	(13184, 'admin', 40, '2015-12-07 23:34:24', 'parentId:113'),
	(13185, 'admin', 40, '2015-12-07 23:34:39', 'parentId:48'),
	(13186, 'admin', 52, '2015-12-07 23:34:41', ''),
	(13187, 'admin', 13, '2015-12-07 23:34:43', ''),
	(13188, 'admin', 3, '2015-12-07 23:34:50', ''),
	(13189, 'admin', 6, '2015-12-07 23:34:58', ''),
	(13190, 'admin', 112, '2015-12-07 23:35:04', ''),
	(13191, 'admin', 115, '2015-12-07 23:35:05', 'divId:hdfsList'),
	(13192, 'admin', 114, '2015-12-07 23:35:05', 'divId:dbList'),
	(13193, 'admin', 31, '2015-12-07 23:35:10', ''),
	(13194, 'admin', 32, '2015-12-07 23:35:10', ''),
	(13195, 'admin', 4, '2015-12-07 23:35:13', ''),
	(13196, 'admin', 3, '2015-12-07 23:38:57', ''),
	(13197, 'admin', 6, '2015-12-07 23:39:00', ''),
	(13198, 'admin', 3, '2015-12-07 23:39:02', ''),
	(13199, 'admin', 6, '2015-12-07 23:39:03', ''),
	(13200, 'admin', 3, '2015-12-07 23:39:07', ''),
	(13201, 'admin', 6, '2015-12-07 23:39:09', ''),
	(13202, 'admin', 3, '2015-12-07 23:39:11', ''),
	(13203, 'admin', 6, '2015-12-07 23:39:12', ''),
	(13204, 'admin', 8, '2015-12-07 23:39:17', ''),
	(13205, 'admin', 27, '2015-12-07 23:39:20', 'resourceId:12127,divId:groupUsers'),
	(13206, 'admin', 28, '2015-12-07 23:39:20', 'resourceId:12127,divId:otherUsers'),
	(13207, 'admin', 27, '2015-12-07 23:39:22', 'resourceId:12126,divId:groupUsers'),
	(13208, 'admin', 28, '2015-12-07 23:39:22', 'resourceId:12126,divId:otherUsers'),
	(13209, 'admin', 19, '2015-12-07 23:40:01', ''),
	(13210, 'admin', 19, '2015-12-07 23:40:04', ''),
	(13211, 'admin', 88, '2015-12-07 23:40:05', ''),
	(13212, 'admin', 88, '2015-12-07 23:40:05', ''),
	(13213, 'admin', 19, '2015-12-07 23:40:05', ''),
	(13214, 'admin', 6, '2015-12-07 23:40:07', ''),
	(13215, 'admin', 3, '2015-12-07 23:40:08', ''),
	(13216, 'admin', 110, '2015-12-07 23:40:09', ''),
	(13217, 'admin', 3, '2015-12-07 23:40:13', ''),
	(13218, 'admin', 110, '2015-12-07 23:40:14', ''),
	(13219, 'admin', 3, '2015-12-07 23:40:16', ''),
	(13220, 'admin', 110, '2015-12-07 23:40:17', ''),
	(13221, 'admin', 3, '2015-12-07 23:40:19', ''),
	(13222, 'admin', 110, '2015-12-07 23:40:20', ''),
	(13223, 'admin', 3, '2015-12-07 23:40:22', ''),
	(13224, 'admin', 110, '2015-12-07 23:40:23', ''),
	(13225, 'admin', 3, '2015-12-07 23:40:25', ''),
	(13226, 'admin', 110, '2015-12-07 23:40:27', ''),
	(13227, 'admin', 3, '2015-12-07 23:40:28', ''),
	(13228, 'admin', 82, '2015-12-07 23:40:31', 'id:3561'),
	(13229, 'admin', 82, '2015-12-07 23:40:36', 'id:3562'),
	(13230, 'admin', 82, '2015-12-07 23:40:50', 'id:3562'),
	(13231, 'admin', 82, '2015-12-07 23:42:49', 'id:3562'),
	(13232, 'admin', 82, '2015-12-07 23:43:05', 'id:3562'),
	(13233, 'admin', 2, '2015-12-07 23:55:40', ''),
	(13234, 'admin', 3, '2015-12-07 23:55:52', ''),
	(13235, 'admin', 82, '2015-12-07 23:55:59', 'id:3561'),
	(13236, 'admin', 82, '2015-12-07 23:56:02', 'id:3562'),
	(13237, 'admin', 110, '2015-12-07 23:59:15', ''),
	(13238, 'admin', 3, '2015-12-07 23:59:33', ''),
	(13239, 'admin', 82, '2015-12-08 00:04:07', 'id:3562'),
	(13240, 'admin', 6, '2015-12-08 00:04:10', ''),
	(13241, 'admin', 3, '2015-12-08 00:04:12', ''),
	(13242, 'admin', 110, '2015-12-08 00:04:14', ''),
	(13243, 'admin', 3, '2015-12-08 00:04:15', ''),
	(13244, 'admin', 6, '2015-12-08 00:04:17', ''),
	(13245, 'admin', 6, '2015-12-08 00:04:19', ''),
	(13246, 'admin', 111, '2015-12-08 00:04:22', ''),
	(13247, 'admin', 10, '2015-12-08 00:04:27', ''),
	(13248, 'admin', 71, '2015-12-08 00:04:30', ''),
	(13249, 'admin', 71, '2015-12-08 00:04:35', ''),
	(13250, 'admin', 71, '2015-12-08 00:04:36', ''),
	(13251, 'admin', 71, '2015-12-08 00:04:38', ''),
	(13252, 'admin', 51, '2015-12-08 00:04:45', ''),
	(13253, 'admin', 10, '2015-12-08 00:04:47', ''),
	(13254, 'admin', 50, '2015-12-08 00:04:48', ''),
	(13255, 'admin', 44, '2015-12-08 00:04:50', ''),
	(13256, 'admin', 45, '2015-12-08 00:04:51', ''),
	(13257, 'admin', 71, '2015-12-08 00:04:57', ''),
	(13258, 'admin', 51, '2015-12-08 00:04:59', ''),
	(13259, 'admin', 10, '2015-12-08 00:05:00', ''),
	(13260, 'admin', 44, '2015-12-08 00:05:02', ''),
	(13261, 'admin', 45, '2015-12-08 00:05:02', ''),
	(13262, 'admin', 8, '2015-12-08 00:05:05', ''),
	(13263, 'admin', 27, '2015-12-08 00:05:08', 'resourceId:12127,divId:groupUsers'),
	(13264, 'admin', 28, '2015-12-08 00:05:08', 'resourceId:12127,divId:otherUsers'),
	(13265, 'admin', 27, '2015-12-08 00:05:10', 'resourceId:12126,divId:groupUsers'),
	(13266, 'admin', 28, '2015-12-08 00:05:10', 'resourceId:12126,divId:otherUsers'),
	(13267, 'admin', 112, '2015-12-08 00:05:15', ''),
	(13268, 'admin', 115, '2015-12-08 00:05:15', 'divId:hdfsList'),
	(13269, 'admin', 114, '2015-12-08 00:05:15', 'divId:dbList'),
	(13270, 'admin', 8, '2015-12-08 00:06:16', ''),
	(13271, 'admin', 19, '2015-12-08 00:06:17', ''),
	(13272, 'admin', 25, '2015-12-08 00:06:19', 'resourceId:3561,divId:groupUsers'),
	(13273, 'admin', 26, '2015-12-08 00:06:19', 'resourceId:3561,divId:otherUsers'),
	(13274, 'admin', 25, '2015-12-08 00:06:25', 'resourceId:3562,divId:groupUsers'),
	(13275, 'admin', 26, '2015-12-08 00:06:25', 'resourceId:3562,divId:otherUsers'),
	(13276, 'admin', 3, '2015-12-08 00:06:31', ''),
	(13277, 'admin', 2, '2015-12-08 00:31:38', ''),
	(13278, 'admin', 3, '2015-12-08 00:32:23', ''),
	(13279, 'admin', 110, '2015-12-08 00:32:24', ''),
	(13280, 'admin', 3, '2015-12-08 00:32:25', ''),
	(13281, 'admin', 55, '2015-12-08 00:32:35', 'id:3565'),
	(13282, 'admin', 2, '2015-12-08 09:53:45', ''),
	(13283, 'admin', 19, '2015-12-08 09:53:50', ''),
	(13284, 'admin', 88, '2015-12-08 09:53:53', ''),
	(13285, 'admin', 19, '2015-12-08 09:53:53', ''),
	(13286, 'admin', 88, '2015-12-08 09:53:53', ''),
	(13287, 'admin', 88, '2015-12-08 09:53:55', ''),
	(13288, 'admin', 19, '2015-12-08 09:53:55', ''),
	(13289, 'admin', 88, '2015-12-08 09:53:55', ''),
	(13290, 'admin', 88, '2015-12-08 09:53:56', ''),
	(13291, 'admin', 19, '2015-12-08 09:53:57', ''),
	(13292, 'admin', 88, '2015-12-08 09:53:57', ''),
	(13293, 'admin', 88, '2015-12-08 09:53:59', ''),
	(13294, 'admin', 88, '2015-12-08 09:53:59', ''),
	(13295, 'admin', 19, '2015-12-08 09:53:59', ''),
	(13296, 'admin', 88, '2015-12-08 09:54:01', ''),
	(13297, 'admin', 88, '2015-12-08 09:54:01', ''),
	(13298, 'admin', 19, '2015-12-08 09:54:01', ''),
	(13299, 'admin', 88, '2015-12-08 09:54:02', ''),
	(13300, 'admin', 88, '2015-12-08 09:54:03', ''),
	(13301, 'admin', 19, '2015-12-08 09:54:03', ''),
	(13302, 'admin', 88, '2015-12-08 09:54:05', ''),
	(13303, 'admin', 88, '2015-12-08 09:54:05', ''),
	(13304, 'admin', 19, '2015-12-08 09:54:05', ''),
	(13305, 'admin', 88, '2015-12-08 09:54:12', ''),
	(13306, 'admin', 88, '2015-12-08 09:54:12', ''),
	(13307, 'admin', 19, '2015-12-08 09:54:12', ''),
	(13308, 'admin', 88, '2015-12-08 09:54:19', ''),
	(13309, 'admin', 88, '2015-12-08 09:54:19', ''),
	(13310, 'admin', 19, '2015-12-08 09:54:19', ''),
	(13311, 'admin', 8, '2015-12-08 09:54:21', ''),
	(13312, 'admin', 92, '2015-12-08 09:54:26', ''),
	(13313, 'admin', 8, '2015-12-08 09:54:28', ''),
	(13314, 'admin', 19, '2015-12-08 09:54:31', ''),
	(13315, 'admin', 88, '2015-12-08 09:54:34', ''),
	(13316, 'admin', 88, '2015-12-08 09:54:34', ''),
	(13317, 'admin', 19, '2015-12-08 09:54:34', ''),
	(13318, 'admin', 88, '2015-12-08 09:54:35', ''),
	(13319, 'admin', 88, '2015-12-08 09:54:36', ''),
	(13320, 'admin', 19, '2015-12-08 09:54:36', ''),
	(13321, 'admin', 88, '2015-12-08 09:54:37', ''),
	(13322, 'admin', 88, '2015-12-08 09:54:37', ''),
	(13323, 'admin', 19, '2015-12-08 09:54:37', ''),
	(13324, 'admin', 8, '2015-12-08 09:54:44', ''),
	(13325, 'admin', 19, '2015-12-08 09:54:46', ''),
	(13326, 'admin', 88, '2015-12-08 09:54:50', ''),
	(13327, 'admin', 88, '2015-12-08 09:54:50', ''),
	(13328, 'admin', 19, '2015-12-08 09:54:50', ''),
	(13329, 'admin', 88, '2015-12-08 09:55:11', ''),
	(13330, 'admin', 88, '2015-12-08 09:55:11', ''),
	(13331, 'admin', 19, '2015-12-08 09:55:11', ''),
	(13332, 'admin', 88, '2015-12-08 09:55:12', ''),
	(13333, 'admin', 88, '2015-12-08 09:55:12', ''),
	(13334, 'admin', 19, '2015-12-08 09:55:12', ''),
	(13335, 'admin', 88, '2015-12-08 09:55:13', ''),
	(13336, 'admin', 88, '2015-12-08 09:55:14', ''),
	(13337, 'admin', 19, '2015-12-08 09:55:14', ''),
	(13338, 'admin', 8, '2015-12-08 09:55:15', ''),
	(13339, 'admin', 19, '2015-12-08 09:55:17', ''),
	(13340, 'admin', 88, '2015-12-08 09:55:19', ''),
	(13341, 'admin', 88, '2015-12-08 09:55:19', ''),
	(13342, 'admin', 19, '2015-12-08 09:55:19', ''),
	(13343, 'admin', 88, '2015-12-08 09:55:40', ''),
	(13344, 'admin', 88, '2015-12-08 09:55:40', ''),
	(13345, 'admin', 19, '2015-12-08 09:55:40', ''),
	(13346, 'admin', 88, '2015-12-08 09:55:44', ''),
	(13347, 'admin', 88, '2015-12-08 09:55:44', ''),
	(13348, 'admin', 19, '2015-12-08 09:55:44', ''),
	(13349, 'admin', 88, '2015-12-08 09:56:11', ''),
	(13350, 'admin', 88, '2015-12-08 09:56:11', ''),
	(13351, 'admin', 88, '2015-12-08 09:56:19', ''),
	(13352, 'admin', 19, '2015-12-08 09:56:19', ''),
	(13353, 'admin', 88, '2015-12-08 09:56:19', ''),
	(13354, 'admin', 88, '2015-12-08 09:56:20', ''),
	(13355, 'admin', 19, '2015-12-08 09:56:20', ''),
	(13356, 'admin', 88, '2015-12-08 09:56:20', ''),
	(13357, 'admin', 88, '2015-12-08 09:56:24', ''),
	(13358, 'admin', 19, '2015-12-08 09:56:25', ''),
	(13359, 'admin', 88, '2015-12-08 09:56:25', ''),
	(13360, 'admin', 88, '2015-12-08 09:56:25', ''),
	(13361, 'admin', 19, '2015-12-08 09:56:25', ''),
	(13362, 'admin', 88, '2015-12-08 09:56:25', ''),
	(13363, 'admin', 88, '2015-12-08 09:56:26', ''),
	(13364, 'admin', 19, '2015-12-08 09:56:26', ''),
	(13365, 'admin', 88, '2015-12-08 09:56:26', ''),
	(13366, 'admin', 88, '2015-12-08 09:56:27', ''),
	(13367, 'admin', 88, '2015-12-08 09:56:27', ''),
	(13368, 'admin', 19, '2015-12-08 09:56:27', ''),
	(13369, 'admin', 88, '2015-12-08 09:56:28', ''),
	(13370, 'admin', 88, '2015-12-08 09:56:28', ''),
	(13371, 'admin', 19, '2015-12-08 09:56:28', ''),
	(13372, 'admin', 88, '2015-12-08 09:56:28', ''),
	(13373, 'admin', 88, '2015-12-08 09:56:29', ''),
	(13374, 'admin', 19, '2015-12-08 09:56:29', ''),
	(13375, 'admin', 88, '2015-12-08 09:56:30', ''),
	(13376, 'admin', 88, '2015-12-08 09:56:30', ''),
	(13377, 'admin', 19, '2015-12-08 09:56:30', ''),
	(13378, 'admin', 8, '2015-12-08 09:56:31', ''),
	(13379, 'admin', 27, '2015-12-08 09:56:37', 'resourceId:12127,divId:groupUsers'),
	(13380, 'admin', 28, '2015-12-08 09:56:37', 'resourceId:12127,divId:otherUsers'),
	(13381, 'admin', 4, '2015-12-08 09:56:45', ''),
	(13382, 'admin', 4, '2015-12-08 10:00:41', ''),
	(13383, 'admin', 4, '2015-12-08 10:00:42', ''),
	(13384, 'admin', 44, '2015-12-08 10:00:53', ''),
	(13385, 'admin', 45, '2015-12-08 10:00:53', ''),
	(13386, 'admin', 50, '2015-12-08 10:00:54', ''),
	(13387, 'admin', 10, '2015-12-08 10:00:55', ''),
	(13388, 'admin', 51, '2015-12-08 10:00:57', ''),
	(13389, 'admin', 2, '2015-12-08 16:12:14', ''),
	(13390, 'admin', 2, '2015-12-08 17:06:16', ''),
	(13391, 'admin', 8, '2015-12-08 17:06:23', ''),
	(13392, 'admin', 8, '2015-12-08 17:06:24', ''),
	(13393, 'admin', 27, '2015-12-08 17:06:27', 'resourceId:12127,divId:groupUsers'),
	(13394, 'admin', 28, '2015-12-08 17:06:27', 'resourceId:12127,divId:otherUsers'),
	(13395, 'admin', 48, '2015-12-08 17:06:42', 'resourceId:12127,hadoopUserId:8a82948a517c90d201517cf711a00001,_:1449565580735'),
	(13396, 'admin', 47, '2015-12-08 17:06:51', 'hadoopUserId:8a82948a517cfbcf01517d01c4ef0000,resourceId:12127,_:1449565580736'),
	(13397, 'admin', 27, '2015-12-08 17:06:53', 'resourceId:12127,divId:groupUsers'),
	(13398, 'admin', 28, '2015-12-08 17:06:53', 'resourceId:12127,divId:otherUsers'),
	(13399, 'admin', 2, '2015-12-08 17:33:29', ''),
	(13400, 'admin', 8, '2015-12-08 17:33:36', ''),
	(13401, 'admin', 27, '2015-12-08 17:33:42', 'resourceId:12127,divId:groupUsers'),
	(13402, 'admin', 28, '2015-12-08 17:33:43', 'resourceId:12127,divId:otherUsers'),
	(13403, 'admin', 48, '2015-12-08 17:33:52', 'resourceId:12127,hadoopUserId:8a82948a517cfbcf01517d01c4ef0000,_:1449567213416'),
	(13404, 'admin', 27, '2015-12-08 17:33:54', 'resourceId:12127,divId:groupUsers'),
	(13405, 'admin', 28, '2015-12-08 17:33:54', 'resourceId:12127,divId:otherUsers'),
	(13406, 'admin', 47, '2015-12-08 17:33:59', 'hadoopUserId:8a82948a517cfbcf01517d01c4ef0000,resourceId:12127,_:1449567213417'),
	(13407, 'admin', 27, '2015-12-08 17:34:00', 'resourceId:12127,divId:groupUsers'),
	(13408, 'admin', 28, '2015-12-08 17:34:00', 'resourceId:12127,divId:otherUsers'),
	(13409, 'admin', 48, '2015-12-08 17:34:05', 'resourceId:12127,hadoopUserId:8a82948a517c90d201517cf711a00001,_:1449567213418'),
	(13410, 'admin', 48, '2015-12-08 17:34:14', 'resourceId:12127,hadoopUserId:8a82948a517cfbcf01517d01c4ef0000,_:1449567213419'),
	(13411, 'admin', 27, '2015-12-08 17:34:15', 'resourceId:12127,divId:groupUsers'),
	(13412, 'admin', 28, '2015-12-08 17:34:15', 'resourceId:12127,divId:otherUsers'),
	(13413, 'admin', 112, '2015-12-08 17:34:19', ''),
	(13414, 'admin', 114, '2015-12-08 17:34:21', 'divId:dbList'),
	(13415, 'admin', 115, '2015-12-08 17:34:21', 'divId:hdfsList'),
	(13416, 'admin', 8, '2015-12-08 17:34:23', ''),
	(13417, 'admin', 15, '2015-12-08 17:34:25', 'rel:dirForm'),
	(13418, 'admin', 46, '2015-12-08 17:35:04', 'hpFolderName:test,hadoopUser.id:8a82948a517c90d201517cf711a00001,hpHdfsType:asfd,hpHdfsTag:asdf'),
	(13419, 'admin', 9, '2015-12-08 17:35:06', ''),
	(13420, 'admin', 112, '2015-12-08 17:35:16', ''),
	(13421, 'admin', 115, '2015-12-08 17:35:17', 'divId:hdfsList'),
	(13422, 'admin', 114, '2015-12-08 17:35:17', 'divId:dbList'),
	(13423, 'admin', 8, '2015-12-08 17:35:28', ''),
	(13424, 'admin', 112, '2015-12-08 17:35:31', ''),
	(13425, 'admin', 114, '2015-12-08 17:35:32', 'divId:dbList'),
	(13426, 'admin', 115, '2015-12-08 17:35:32', 'divId:hdfsList'),
	(13427, 'admin', 8, '2015-12-08 17:35:36', ''),
	(13428, 'admin', 92, '2015-12-08 17:35:40', ''),
	(13429, 'admin', 8, '2015-12-08 17:35:42', ''),
	(13430, 'admin', 112, '2015-12-08 17:35:44', ''),
	(13431, 'admin', 114, '2015-12-08 17:35:44', 'divId:dbList'),
	(13432, 'admin', 115, '2015-12-08 17:35:44', 'divId:hdfsList'),
	(13433, 'admin', 8, '2015-12-08 17:35:52', ''),
	(13434, 'admin', 28, '2015-12-08 17:35:56', 'resourceId:12128,divId:otherUsers'),
	(13435, 'admin', 27, '2015-12-08 17:35:56', 'resourceId:12128,divId:groupUsers'),
	(13436, 'admin', 47, '2015-12-08 17:36:04', 'hadoopUserId:8a82948a517cfbcf01517d01c4ef0000,resourceId:12128,_:1449567348536'),
	(13437, 'admin', 28, '2015-12-08 17:36:05', 'resourceId:12128,divId:otherUsers'),
	(13438, 'admin', 27, '2015-12-08 17:36:05', 'resourceId:12128,divId:groupUsers'),
	(13439, 'admin', 48, '2015-12-08 17:37:31', 'resourceId:12128,hadoopUserId:8a82948a517cfbcf01517d01c4ef0000,_:1449567348537'),
	(13440, 'admin', 27, '2015-12-08 17:37:32', 'resourceId:12128,divId:groupUsers'),
	(13441, 'admin', 28, '2015-12-08 17:37:32', 'resourceId:12128,divId:otherUsers'),
	(13442, 'admin', 48, '2015-12-08 17:39:02', 'resourceId:12128,hadoopUserId:8a82948a517c90d201517cf711a00001,_:1449567348538'),
	(13443, 'admin', 112, '2015-12-08 17:39:35', ''),
	(13444, 'admin', 115, '2015-12-08 17:39:36', 'divId:hdfsList'),
	(13445, 'admin', 114, '2015-12-08 17:39:36', 'divId:dbList'),
	(13446, 'admin', 8, '2015-12-08 17:40:25', ''),
	(13447, 'admin', 2, '2015-12-08 17:40:36', ''),
	(13448, 'admin', 8, '2015-12-08 17:40:40', ''),
	(13449, 'admin', 92, '2015-12-08 17:40:45', ''),
	(13450, 'admin', 8, '2015-12-08 17:40:47', ''),
	(13451, 'admin', 112, '2015-12-08 17:40:49', ''),
	(13452, 'admin', 115, '2015-12-08 17:40:49', 'divId:hdfsList'),
	(13453, 'admin', 114, '2015-12-08 17:40:49', 'divId:dbList'),
	(13454, 'admin', 120, '2015-12-08 17:40:54', 'id:5082'),
	(13455, 'admin', 114, '2015-12-08 17:40:54', 'divId:hdfsList'),
	(13456, 'admin', 8, '2015-12-08 17:40:57', ''),
	(13457, 'admin', 106, '2015-12-08 17:41:14', 'hdfsId:12129,name:/user/gdpi/public/test2'),
	(13458, 'admin', 78, '2015-12-08 17:41:23', 'hdfsId:12129,password:12345'),
	(13459, 'admin', 8, '2015-12-08 17:41:26', ''),
	(13460, 'admin', 112, '2015-12-08 17:42:09', ''),
	(13461, 'admin', 115, '2015-12-08 17:42:09', 'divId:hdfsList'),
	(13462, 'admin', 114, '2015-12-08 17:42:10', 'divId:dbList'),
	(13463, 'admin', 106, '2015-12-08 17:42:19', 'hdfsId:5082,name:/user/gdpi/public/test2,flag:delHDFS'),
	(13464, 'admin', 78, '2015-12-08 17:42:36', 'hdfsId:5082,password:12345,flag:delHDFS'),
	(13465, 'admin', 112, '2015-12-08 17:42:43', ''),
	(13466, 'admin', 115, '2015-12-08 17:42:44', 'divId:hdfsList'),
	(13467, 'admin', 114, '2015-12-08 17:42:44', 'divId:dbList'),
	(13468, 'admin', 8, '2015-12-08 17:42:53', ''),
	(13469, 'admin', 8, '2015-12-08 17:43:26', ''),
	(13470, 'admin', 112, '2015-12-08 17:43:28', ''),
	(13471, 'admin', 115, '2015-12-08 17:43:28', 'divId:hdfsList'),
	(13472, 'admin', 114, '2015-12-08 17:43:28', 'divId:dbList'),
	(13473, 'admin', 117, '2015-12-08 17:44:35', 'id:12128'),
	(13474, 'admin', 115, '2015-12-08 17:44:37', 'page:1,divId:dbList'),
	(13475, 'admin', 2, '2015-12-08 17:56:52', ''),
	(13476, 'admin', 112, '2015-12-08 17:56:56', ''),
	(13477, 'admin', 115, '2015-12-08 17:56:56', 'divId:hdfsList'),
	(13478, 'admin', 114, '2015-12-08 17:56:56', 'divId:dbList'),
	(13479, 'admin', 118, '2015-12-08 17:57:06', 'id:12128'),
	(13480, 'admin', 115, '2015-12-08 17:57:07', 'page:1,divId:dbList'),
	(13481, 'admin', 8, '2015-12-08 17:58:17', ''),
	(13482, 'admin', 15, '2015-12-08 17:58:19', 'rel:dirForm'),
	(13483, 'admin', 46, '2015-12-08 17:58:48', 'hpFolderName:test,hadoopUser.id:8a82948a517c90d201517cf711a00001,hpHdfsType:asdf,hpHdfsTag:asd'),
	(13484, 'admin', 9, '2015-12-08 17:58:49', ''),
	(13485, 'admin', 92, '2015-12-08 17:59:16', ''),
	(13486, 'admin', 8, '2015-12-08 17:59:17', ''),
	(13487, 'admin', 112, '2015-12-08 17:59:18', ''),
	(13488, 'admin', 115, '2015-12-08 17:59:18', 'divId:hdfsList'),
	(13489, 'admin', 114, '2015-12-08 17:59:19', 'divId:dbList'),
	(13490, 'admin', 117, '2015-12-08 17:59:46', 'id:12130'),
	(13491, 'admin', 115, '2015-12-08 17:59:48', 'page:1,divId:dbList'),
	(13492, 'admin', 8, '2015-12-08 18:00:10', ''),
	(13493, 'admin', 2, '2015-12-08 18:00:19', ''),
	(13494, 'admin', 112, '2015-12-08 18:00:22', ''),
	(13495, 'admin', 115, '2015-12-08 18:00:23', 'divId:hdfsList'),
	(13496, 'admin', 114, '2015-12-08 18:00:23', 'divId:dbList'),
	(13497, 'admin', 8, '2015-12-08 18:00:32', ''),
	(13498, 'admin', 92, '2015-12-08 18:00:37', ''),
	(13499, 'admin', 8, '2015-12-08 18:00:39', ''),
	(13500, 'admin', 112, '2015-12-08 18:00:41', ''),
	(13501, 'admin', 115, '2015-12-08 18:00:42', 'divId:hdfsList'),
	(13502, 'admin', 114, '2015-12-08 18:00:42', 'divId:dbList'),
	(13503, 'admin', 120, '2015-12-08 18:00:58', 'id:5090'),
	(13504, 'admin', 114, '2015-12-08 18:00:58', 'divId:hdfsList'),
	(13505, 'admin', 8, '2015-12-08 18:01:00', ''),
	(13506, 'admin', 106, '2015-12-08 18:01:21', 'hdfsId:12131,name:/user/gdpi/public/test'),
	(13507, 'admin', 78, '2015-12-08 18:01:29', 'hdfsId:12131,password:12345'),
	(13508, 'admin', 8, '2015-12-08 18:01:31', ''),
	(13509, 'admin', 112, '2015-12-08 18:03:06', ''),
	(13510, 'admin', 115, '2015-12-08 18:03:06', 'divId:hdfsList'),
	(13511, 'admin', 114, '2015-12-08 18:03:06', 'divId:dbList'),
	(13512, 'admin', 120, '2015-12-08 18:05:16', 'id:5090'),
	(13513, 'admin', 114, '2015-12-08 18:05:16', 'divId:hdfsList'),
	(13514, 'admin', 8, '2015-12-08 18:05:18', ''),
	(13515, 'admin', 106, '2015-12-08 18:05:52', 'hdfsId:12132,name:/user/gdpi/public/test'),
	(13516, 'admin', 78, '2015-12-08 18:06:00', 'hdfsId:12132,password:12345'),
	(13517, 'admin', 8, '2015-12-08 18:06:02', ''),
	(13518, 'admin', 112, '2015-12-08 18:06:32', ''),
	(13519, 'admin', 115, '2015-12-08 18:06:32', 'divId:hdfsList'),
	(13520, 'admin', 114, '2015-12-08 18:06:32', 'divId:dbList'),
	(13521, 'admin', 2, '2015-12-08 18:06:49', ''),
	(13522, 'admin', 8, '2015-12-08 18:06:54', ''),
	(13523, 'admin', 92, '2015-12-08 18:07:01', ''),
	(13524, 'admin', 8, '2015-12-08 18:07:02', ''),
	(13525, 'admin', 112, '2015-12-08 18:07:04', ''),
	(13526, 'admin', 115, '2015-12-08 18:07:04', 'divId:hdfsList'),
	(13527, 'admin', 114, '2015-12-08 18:07:04', 'divId:dbList'),
	(13528, 'admin', 106, '2015-12-08 18:07:12', 'hdfsId:5094,name:/user/gdpi/public/test1,flag:delHDFS'),
	(13529, 'admin', 78, '2015-12-08 18:07:22', 'hdfsId:5094,password:12345,flag:delHDFS'),
	(13530, 'admin', 112, '2015-12-08 18:07:24', ''),
	(13531, 'admin', 115, '2015-12-08 18:07:25', 'divId:hdfsList'),
	(13532, 'admin', 114, '2015-12-08 18:07:25', 'divId:dbList'),
	(13533, 'admin', 8, '2015-12-08 18:07:53', ''),
	(13534, 'admin', 19, '2015-12-08 18:07:54', ''),
	(13535, 'admin', 19, '2015-12-08 18:07:56', ''),
	(13536, 'admin', 88, '2015-12-08 18:07:57', ''),
	(13537, 'admin', 88, '2015-12-08 18:07:57', ''),
	(13538, 'admin', 88, '2015-12-08 18:08:10', ''),
	(13539, 'admin', 88, '2015-12-08 18:08:11', ''),
	(13540, 'admin', 88, '2015-12-08 18:11:18', ''),
	(13541, 'admin', 88, '2015-12-08 18:11:18', ''),
	(13542, 'admin', 112, '2015-12-08 18:14:06', ''),
	(13543, 'admin', 115, '2015-12-08 18:14:06', 'divId:hdfsList'),
	(13544, 'admin', 114, '2015-12-08 18:14:06', 'divId:dbList'),
	(13545, 'admin', 112, '2015-12-08 18:14:08', ''),
	(13546, 'admin', 114, '2015-12-08 18:14:08', 'divId:dbList'),
	(13547, 'admin', 115, '2015-12-08 18:14:08', 'divId:hdfsList'),
	(13548, 'admin', 19, '2015-12-08 18:14:10', ''),
	(13549, 'admin', 25, '2015-12-08 18:14:14', 'resourceId:3565,divId:groupUsers'),
	(13550, 'admin', 26, '2015-12-08 18:14:14', 'resourceId:3565,divId:otherUsers'),
	(13551, 'admin', 19, '2015-12-08 18:21:58', ''),
	(13552, 'admin', 88, '2015-12-08 18:22:00', ''),
	(13553, 'admin', 19, '2015-12-08 18:22:02', ''),
	(13554, 'admin', 19, '2015-12-09 09:32:14', ''),
	(13555, 'admin', 112, '2015-12-09 09:32:20', ''),
	(13556, 'admin', 115, '2015-12-09 09:32:21', 'divId:hdfsList'),
	(13557, 'admin', 114, '2015-12-09 09:32:21', 'divId:dbList'),
	(13558, 'admin', 3, '2015-12-09 09:32:24', ''),
	(13559, 'admin', 6, '2015-12-09 09:32:27', ''),
	(13560, 'admin', 8, '2015-12-09 09:32:31', ''),
	(13561, 'admin', 92, '2015-12-09 09:32:37', ''),
	(13562, 'admin', 8, '2015-12-09 09:32:39', ''),
	(13563, 'admin', 19, '2015-12-09 09:32:42', ''),
	(13564, 'admin', 88, '2015-12-09 09:32:43', ''),
	(13565, 'admin', 19, '2015-12-09 09:32:45', ''),
	(13566, 'admin', 88, '2015-12-09 09:32:47', ''),
	(13567, 'admin', 19, '2015-12-09 09:32:49', ''),
	(13568, 'admin', 88, '2015-12-09 09:32:52', ''),
	(13569, 'admin', 19, '2015-12-09 09:32:54', ''),
	(13570, 'admin', 25, '2015-12-09 09:32:56', 'resourceId:3565,divId:groupUsers'),
	(13571, 'admin', 26, '2015-12-09 09:32:56', 'resourceId:3565,divId:otherUsers'),
	(13572, 'admin', 4, '2015-12-09 09:33:01', ''),
	(13573, 'admin', 24, '2015-12-09 09:33:03', 'look:false'),
	(13574, 'admin', 56, '2015-12-09 09:34:07', 'hpUserName:zxc_test3,hpUserPw:Server@123,hpContacts:张修成,hpPhone:18916888726,hpEmail:18916888726@189.cn,hpUserType:1,hpCulster:1,customer.id:61,min:102400,minCPU:25,max:409600,maxCPU:100,maxApps:50,weight:1'),
	(13575, 'admin', 4, '2015-12-09 09:34:08', ''),
	(13576, 'admin', 8, '2015-12-09 09:34:14', ''),
	(13577, 'admin', 15, '2015-12-09 09:34:18', 'rel:dirForm'),
	(13578, 'admin', 46, '2015-12-09 09:34:47', 'hpFolderName:tttt,hadoopUser.id:8a82948a5181053d0151845fc3be0000,hpHdfsType:tttt,hpHdfsTag:teret'),
	(13579, 'admin', 9, '2015-12-09 09:34:54', ''),
	(13580, 'admin', 19, '2015-12-09 09:34:56', ''),
	(13581, 'admin', 8, '2015-12-09 09:34:58', ''),
	(13582, 'admin', 27, '2015-12-09 09:35:01', 'resourceId:12133,divId:groupUsers'),
	(13583, 'admin', 28, '2015-12-09 09:35:01', 'resourceId:12133,divId:otherUsers'),
	(13584, 'admin', 27, '2015-12-09 09:35:07', 'resourceId:12133,divId:groupUsers'),
	(13585, 'admin', 28, '2015-12-09 09:35:07', 'resourceId:12133,divId:otherUsers'),
	(13586, 'admin', 47, '2015-12-09 09:35:15', 'hadoopUserId:8a82948a517cfbcf01517d01c4ef0000,resourceId:12133,_:1449624784310'),
	(13587, 'admin', 27, '2015-12-09 09:35:17', 'resourceId:12133,divId:groupUsers'),
	(13588, 'admin', 28, '2015-12-09 09:35:17', 'resourceId:12133,divId:otherUsers'),
	(13589, 'admin', 47, '2015-12-09 09:35:21', 'hadoopUserId:8a82948a517c90d201517cf711a00001,resourceId:12133,_:1449624784311'),
	(13590, 'admin', 28, '2015-12-09 09:35:22', 'resourceId:12133,divId:otherUsers'),
	(13591, 'admin', 27, '2015-12-09 09:35:22', 'resourceId:12133,divId:groupUsers'),
	(13592, 'admin', 112, '2015-12-09 09:35:24', ''),
	(13593, 'admin', 115, '2015-12-09 09:35:24', 'divId:hdfsList'),
	(13594, 'admin', 114, '2015-12-09 09:35:24', 'divId:dbList'),
	(13595, 'admin', 112, '2015-12-09 09:35:58', ''),
	(13596, 'admin', 115, '2015-12-09 09:35:58', 'divId:hdfsList'),
	(13597, 'admin', 114, '2015-12-09 09:35:58', 'divId:dbList'),
	(13598, 'admin', 112, '2015-12-09 09:35:59', ''),
	(13599, 'admin', 115, '2015-12-09 09:36:00', 'divId:hdfsList'),
	(13600, 'admin', 114, '2015-12-09 09:36:00', 'divId:dbList'),
	(13601, 'admin', 8, '2015-12-09 09:36:03', ''),
	(13602, 'admin', 19, '2015-12-09 09:36:34', ''),
	(13603, 'admin', 8, '2015-12-09 09:36:36', ''),
	(13604, 'admin', 112, '2015-12-09 09:36:39', ''),
	(13605, 'admin', 115, '2015-12-09 09:36:39', 'divId:hdfsList'),
	(13606, 'admin', 114, '2015-12-09 09:36:39', 'divId:dbList'),
	(13607, 'admin', 8, '2015-12-09 09:36:41', ''),
	(13608, 'admin', 92, '2015-12-09 09:36:46', ''),
	(13609, 'admin', 8, '2015-12-09 09:36:47', ''),
	(13610, 'admin', 112, '2015-12-09 09:36:49', ''),
	(13611, 'admin', 114, '2015-12-09 09:36:50', 'divId:dbList'),
	(13612, 'admin', 115, '2015-12-09 09:36:50', 'divId:hdfsList'),
	(13613, 'admin', 112, '2015-12-09 09:36:52', ''),
	(13614, 'admin', 115, '2015-12-09 09:36:53', 'divId:hdfsList'),
	(13615, 'admin', 114, '2015-12-09 09:36:53', 'divId:dbList'),
	(13616, 'admin', 8, '2015-12-09 09:36:55', ''),
	(13617, 'admin', 19, '2015-12-09 09:36:57', ''),
	(13618, 'admin', 88, '2015-12-09 09:37:00', ''),
	(13619, 'admin', 19, '2015-12-09 09:37:01', ''),
	(13620, 'admin', 26, '2015-12-09 09:37:03', 'resourceId:3565,divId:otherUsers'),
	(13621, 'admin', 25, '2015-12-09 09:37:03', 'resourceId:3565,divId:groupUsers'),
	(13622, 'admin', 83, '2015-12-09 09:37:16', 'hadoopUserId:8a82948a5181053d0151845fc3be0000,resourceId:3565,_:1449624907140'),
	(13623, 'admin', 25, '2015-12-09 09:37:17', 'resourceId:3565,divId:groupUsers'),
	(13624, 'admin', 26, '2015-12-09 09:37:17', 'resourceId:3565,divId:otherUsers'),
	(13625, 'admin', 4, '2015-12-09 09:37:21', ''),
	(13626, 'admin', 8, '2015-12-09 09:37:28', ''),
	(13627, 'admin', 8, '2015-12-09 09:37:49', ''),
	(13628, 'admin', 15, '2015-12-09 09:37:50', 'rel:dirForm'),
	(13629, 'admin', 46, '2015-12-09 09:38:17', 'hpFolderName:fff,hadoopUser.id:8a82948a5181053d0151845fc3be0000,hpHdfsType:fff,hpHdfsTag:fgrgr'),
	(13630, 'admin', 9, '2015-12-09 09:38:19', ''),
	(13631, 'admin', 112, '2015-12-09 09:38:22', ''),
	(13632, 'admin', 115, '2015-12-09 09:38:22', 'divId:hdfsList'),
	(13633, 'admin', 114, '2015-12-09 09:38:22', 'divId:dbList'),
	(13634, 'admin', 4, '2015-12-09 09:39:17', ''),
	(13635, 'admin', 3, '2015-12-09 09:39:24', ''),
	(13636, 'admin', 110, '2015-12-09 09:39:26', ''),
	(13637, 'admin', 3, '2015-12-09 09:39:27', ''),
	(13638, 'admin', 6, '2015-12-09 09:39:29', ''),
	(13639, 'admin', 6, '2015-12-09 09:39:30', ''),
	(13640, 'admin', 111, '2015-12-09 09:39:33', ''),
	(13641, 'admin', 6, '2015-12-09 09:39:33', ''),
	(13642, 'admin', 111, '2015-12-09 09:39:36', ''),
	(13643, 'admin', 8, '2015-12-09 09:39:39', ''),
	(13644, 'admin', 19, '2015-12-09 09:41:13', ''),
	(13645, 'admin', 8, '2015-12-09 09:41:16', ''),
	(13646, 'admin', 3, '2015-12-09 09:41:18', ''),
	(13647, 'admin', 6, '2015-12-09 09:41:19', ''),
	(13648, 'admin', 13, '2015-12-09 09:41:23', ''),
	(13649, 'admin', 12, '2015-12-09 09:41:26', ''),
	(13650, 'admin', 11, '2015-12-09 09:41:27', ''),
	(13651, 'admin', 67, '2015-12-09 09:41:30', ''),
	(13652, 'admin', 57, '2015-12-09 09:41:33', ''),
	(13653, 'admin', 74, '2015-12-09 09:41:36', ''),
	(13654, 'admin', 67, '2015-12-09 09:41:38', ''),
	(13655, 'admin', 1, '2015-12-09 09:41:39', ''),
	(13656, 'admin', 6, '2015-12-09 09:42:02', ''),
	(13657, 'admin', 6, '2015-12-09 09:42:03', ''),
	(13658, 'admin', 18, '2015-12-09 09:42:07', 'id:12127'),
	(13659, 'admin', 3, '2015-12-09 09:42:10', ''),
	(13660, 'admin', 82, '2015-12-09 09:42:12', 'id:3563'),
	(13661, 'admin', 82, '2015-12-09 09:42:18', 'id:3565'),
	(13662, 'admin', 14, '2015-12-09 09:42:26', ''),
	(13663, 'admin', 22, '2015-12-09 09:42:32', ''),
	(13664, 'admin', 22, '2015-12-09 09:42:35', ''),
	(13665, 'admin', 22, '2015-12-09 09:42:36', ''),
	(13666, 'admin', 22, '2015-12-09 09:42:37', ''),
	(13667, 'admin', 22, '2015-12-09 09:42:38', ''),
	(13668, 'admin', 59, '2015-12-09 09:42:40', ''),
	(13669, 'admin', 60, '2015-12-09 09:42:44', 'hadoopUser:8a82948a517c90d201517cf711a00001'),
	(13670, 'admin', 22, '2015-12-09 09:42:44', ''),
	(13671, 'admin', 61, '2015-12-09 09:42:47', 'id:716'),
	(13672, 'admin', 62, '2015-12-09 09:42:54', 'days:0,kid:716,id:126'),
	(13673, 'admin', 22, '2015-12-09 09:43:02', ''),
	(13674, 'admin', 14, '2015-12-09 09:45:05', ''),
	(13675, 'admin', 8, '2015-12-09 09:45:10', ''),
	(13676, 'admin', 19, '2015-12-09 09:45:13', ''),
	(13677, 'admin', 112, '2015-12-09 09:45:15', ''),
	(13678, 'admin', 115, '2015-12-09 09:45:15', 'divId:hdfsList'),
	(13679, 'admin', 114, '2015-12-09 09:45:15', 'divId:dbList'),
	(13680, 'admin', 4, '2015-12-09 09:45:19', ''),
	(13681, 'admin', 31, '2015-12-09 09:45:21', ''),
	(13682, 'admin', 32, '2015-12-09 09:45:21', ''),
	(13683, 'admin', 33, '2015-12-09 09:45:24', 'username:gdpi,id:8a82948a517c90d201517cf711a00001'),
	(13684, 'admin', 35, '2015-12-09 09:45:26', 'username:gdpi,id:8a82948a517c90d201517cf711a00001'),
	(13685, 'admin', 33, '2015-12-09 09:45:37', 'username:zxc_test3,id:8a82948a5181053d0151845fc3be0000'),
	(13686, 'admin', 31, '2015-12-09 09:45:39', ''),
	(13687, 'admin', 32, '2015-12-09 09:45:39', ''),
	(13688, 'admin', 8, '2015-12-09 09:45:55', ''),
	(13689, 'admin', 19, '2015-12-09 09:45:57', ''),
	(13690, 'admin', 25, '2015-12-09 09:45:59', 'resourceId:3563,divId:groupUsers'),
	(13691, 'admin', 26, '2015-12-09 09:45:59', 'resourceId:3563,divId:otherUsers'),
	(13692, 'admin', 25, '2015-12-09 09:46:01', 'resourceId:3565,divId:groupUsers'),
	(13693, 'admin', 26, '2015-12-09 09:46:01', 'resourceId:3565,divId:otherUsers'),
	(13694, 'admin', 19, '2015-12-09 09:46:09', ''),
	(13695, 'admin', 8, '2015-12-09 09:46:12', ''),
	(13696, 'admin', 4, '2015-12-09 09:46:34', ''),
	(13697, 'admin', 4, '2015-12-09 09:46:38', ''),
	(13698, 'admin', 4, '2015-12-09 09:46:46', ''),
	(13699, 'admin', 4, '2015-12-09 09:46:47', ''),
	(13700, 'admin', 4, '2015-12-09 09:46:48', ''),
	(13701, 'admin', 4, '2015-12-09 09:46:49', ''),
	(13702, 'admin', 4, '2015-12-09 09:46:50', ''),
	(13703, 'admin', 4, '2015-12-09 09:46:52', ''),
	(13704, 'admin', 4, '2015-12-09 09:46:53', ''),
	(13705, 'admin', 4, '2015-12-09 09:46:54', ''),
	(13706, 'admin', 4, '2015-12-09 09:46:55', ''),
	(13707, 'admin', 8, '2015-12-09 09:46:59', ''),
	(13708, 'admin', 19, '2015-12-09 09:47:03', ''),
	(13709, 'admin', 112, '2015-12-09 09:47:05', ''),
	(13710, 'admin', 115, '2015-12-09 09:47:05', 'divId:hdfsList'),
	(13711, 'admin', 114, '2015-12-09 09:47:05', 'divId:dbList'),
	(13712, 'admin', 19, '2015-12-09 09:47:09', ''),
	(13713, 'admin', 8, '2015-12-09 09:47:10', ''),
	(13714, 'admin', 3, '2015-12-09 09:47:28', ''),
	(13715, 'admin', 6, '2015-12-09 09:47:31', ''),
	(13716, 'admin', 3, '2015-12-09 09:47:33', ''),
	(13717, 'admin', 6, '2015-12-09 09:47:35', ''),
	(13718, 'admin', 3, '2015-12-09 09:49:31', ''),
	(13719, 'admin', 6, '2015-12-09 09:49:33', ''),
	(13720, 'admin', 14, '2015-12-09 09:49:36', ''),
	(13721, 'admin', 44, '2015-12-09 09:49:39', ''),
	(13722, 'admin', 45, '2015-12-09 09:49:40', ''),
	(13723, 'admin', 10, '2015-12-09 09:49:43', ''),
	(13724, 'admin', 51, '2015-12-09 09:49:48', ''),
	(13725, 'admin', 71, '2015-12-09 09:49:51', ''),
	(13726, 'admin', 51, '2015-12-09 09:49:53', ''),
	(13727, 'admin', 10, '2015-12-09 09:49:54', ''),
	(13728, 'admin', 50, '2015-12-09 09:49:55', ''),
	(13729, 'admin', 44, '2015-12-09 09:49:57', ''),
	(13730, 'admin', 45, '2015-12-09 09:49:57', ''),
	(13731, 'admin', 8, '2015-12-09 09:50:01', ''),
	(13732, 'admin', 19, '2015-12-09 09:50:02', ''),
	(13733, 'admin', 112, '2015-12-09 09:50:03', ''),
	(13734, 'admin', 115, '2015-12-09 09:50:03', 'divId:hdfsList'),
	(13735, 'admin', 114, '2015-12-09 09:50:03', 'divId:dbList'),
	(13736, 'admin', 4, '2015-12-09 09:50:06', ''),
	(13737, 'admin', 31, '2015-12-09 09:50:08', ''),
	(13738, 'admin', 32, '2015-12-09 09:50:09', ''),
	(13739, 'admin', 67, '2015-12-09 09:50:12', ''),
	(13740, 'admin', 1, '2015-12-09 09:50:14', ''),
	(13741, 'admin', 12, '2015-12-09 09:50:15', ''),
	(13742, 'admin', 52, '2015-12-09 09:50:18', ''),
	(13743, 'admin', 76, '2015-12-09 09:50:20', ''),
	(13744, 'admin', 76, '2015-12-09 09:50:26', ''),
	(13745, 'admin', 57, '2015-12-09 09:50:37', ''),
	(13746, 'admin', 2, '2015-12-09 14:22:09', ''),
	(13747, 'admin', 2, '2015-12-09 14:22:10', ''),
	(13748, 'admin', 4, '2015-12-09 14:22:21', ''),
	(13749, 'admin', 2, '2015-12-09 15:38:26', ''),
	(13750, 'admin', 4, '2015-12-09 15:38:30', ''),
	(13751, 'admin', 24, '2015-12-09 15:38:33', 'look:false'),
	(13752, 'admin', 56, '2015-12-09 15:39:44', 'hpUserName:meepo_test,hpUserPw:meepo#123,hpContacts:xss,hpPhone:13391235436,hpEmail:123@123.com,hpUserType:1,hpCulster:1,customer.id:61,min:102400,minCPU:25,max:409600,maxCPU:100,maxApps:50,weight:1'),
	(13753, 'admin', 4, '2015-12-09 15:39:53', ''),
	(13754, 'admin', 22, '2015-12-09 15:43:30', ''),
	(13755, 'admin', 59, '2015-12-09 15:43:35', ''),
	(13756, 'admin', 60, '2015-12-09 15:43:38', 'hadoopUser:8a82948a5185ad17015185ae7fa70000'),
	(13757, 'admin', 22, '2015-12-09 15:43:38', ''),
	(13758, 'admin', 61, '2015-12-09 15:43:44', 'id:717'),
	(13759, 'admin', 62, '2015-12-09 15:43:47', 'days:0,kid:717,id:120'),
	(13760, 'admin', 22, '2015-12-09 15:43:49', ''),
	(13761, 'admin', 63, '2015-12-09 15:43:52', 'id:717,_:1449647026036'),
	(13762, 'admin', 22, '2015-12-09 15:43:54', ''),
	(13763, 'admin', 63, '2015-12-09 15:44:00', 'id:716,_:1449647032119'),
	(13764, 'admin', 22, '2015-12-09 15:44:01', ''),
	(13765, 'admin', 13, '2015-12-09 15:47:10', ''),
	(13766, 'admin', 8, '2015-12-10 19:32:49', ''),
	(13767, 'admin', 13, '2015-12-10 19:33:53', ''),
	(13768, 'admin', 57, '2015-12-10 19:34:47', ''),
	(13769, 'admin', 74, '2015-12-10 19:34:49', ''),
	(13770, 'admin', 13, '2015-12-10 19:34:50', ''),
	(13771, 'admin', 11, '2015-12-10 19:34:52', ''),
	(13772, 'admin', 40, '2015-12-10 19:34:57', 'parentId:27'),
	(13773, 'admin', 40, '2015-12-10 19:35:06', 'parentId:113'),
	(13774, 'admin', 13, '2015-12-10 19:36:32', ''),
	(13775, 'admin', 11, '2015-12-10 19:37:27', ''),
	(13776, 'admin', 40, '2015-12-10 19:37:32', 'parentId:113'),
	(13777, 'admin', 40, '2015-12-10 19:37:39', 'parentId:113'),
	(13778, 'admin', 40, '2015-12-10 19:37:41', 'parentId:113'),
	(13779, 'admin', 40, '2015-12-10 19:37:43', 'parentId:113'),
	(13780, 'admin', 40, '2015-12-10 19:37:46', 'parentId:113'),
	(13781, 'admin', 40, '2015-12-10 19:37:50', 'parentId:113'),
	(13782, 'admin', 38, '2015-12-10 19:37:56', 'rel:childrenFormId,id:181'),
	(13783, 'admin', 40, '2015-12-10 19:37:56', 'parentId:113'),
	(13784, 'admin', 73, '2015-12-10 19:38:21', ''),
	(13785, 'admin', 31, '2015-12-10 19:38:30', ''),
	(13786, 'admin', 32, '2015-12-10 19:38:31', ''),
	(13787, 'admin', 35, '2015-12-10 19:38:36', 'username:gdpi,id:8a82948a517c90d201517cf711a00001'),
	(13788, 'admin', 36, '2015-12-10 19:39:14', 'queue:gdpi,username:8a82948a517c90d201517cf711a00001,id:137'),
	(13789, 'admin', 36, '2015-12-10 19:39:24', 'queue:gdpi,username:8a82948a517c90d201517cf711a00001,id:137'),
	(13790, 'admin', 36, '2015-12-10 19:39:31', 'queue:gdpi,username:8a82948a517c90d201517cf711a00001,id:137'),
	(13791, 'admin', 36, '2015-12-10 19:39:51', 'queue:gdpi1,username:8a82948a517c90d201517cf711a00001,id:137'),
	(13792, 'admin', 36, '2015-12-10 19:40:02', 'queue:gdpi1,username:8a82948a517c90d201517cf711a00001,id:137'),
	(13793, 'admin', 37, '2015-12-10 19:40:04', 'company:gdpi,id:137,name:gdpi,username:8a82948a517c90d201517cf711a00001,queue:gdpi1,min:102400,minCPU:25,max:409601,maxCPU:100,maxApps:50,weight:1.0'),
	(13794, 'admin', 19, '2015-12-10 19:42:02', ''),
	(13795, 'admin', 4, '2015-12-10 19:42:09', ''),
	(13796, 'admin', 24, '2015-12-10 19:43:14', 'look:false'),
	(13797, 'admin', 56, '2015-12-10 19:45:54', 'hpUserName:sample1,hpUserPw:sa!@#123,hpContacts:XXX,hpPhone:13998988866,hpEmail:13998988866@qq.com,hpUserType:1,hpCulster:1,customer.id:61,min:102400,minCPU:25,max:409600,maxCPU:100,maxApps:50,weight:1'),
	(13798, 'admin', 4, '2015-12-10 19:45:55', ''),
	(13799, 'admin', 112, '2015-12-10 19:46:07', ''),
	(13800, 'admin', 115, '2015-12-10 19:46:07', 'divId:hdfsList'),
	(13801, 'admin', 114, '2015-12-10 19:46:07', 'divId:dbList'),
	(13802, 'admin', 8, '2015-12-10 19:46:10', ''),
	(13803, 'admin', 15, '2015-12-10 19:46:13', 'rel:dirForm'),
	(13804, 'admin', 46, '2015-12-10 19:46:43', 'hpFolderName:tttt,hadoopUser.id:8a82948a5185ad17015185ae7fa70000,hpHdfsType:tttt,hpHdfsTag:tttt'),
	(13805, 'admin', 9, '2015-12-10 19:46:45', ''),
	(13806, 'admin', 2, '2015-12-10 19:47:11', ''),
	(13807, 'admin', 8, '2015-12-10 19:47:15', ''),
	(13808, 'admin', 2, '2015-12-10 19:47:12', ''),
	(13809, 'admin', 8, '2015-12-10 19:47:18', ''),
	(13810, 'admin', 19, '2015-12-10 19:47:25', ''),
	(13811, 'admin', 112, '2015-12-10 19:47:26', ''),
	(13812, 'admin', 115, '2015-12-10 19:47:26', 'divId:hdfsList'),
	(13813, 'admin', 114, '2015-12-10 19:47:26', 'divId:dbList'),
	(13814, 'admin', 8, '2015-12-10 19:47:28', ''),
	(13815, 'admin', 15, '2015-12-10 19:47:31', 'rel:dirForm'),
	(13816, 'admin', 31, '2015-12-10 19:47:28', ''),
	(13817, 'admin', 31, '2015-12-10 19:47:34', ''),
	(13818, 'admin', 32, '2015-12-10 19:47:42', ''),
	(13819, 'admin', 46, '2015-12-10 19:47:56', 'hpFolderName:rrr,hadoopUser.id:8a82948a517c90d201517cf711a00001,hpHdfsType:rrr,hpHdfsTag:rgrgr'),
	(13820, 'admin', 9, '2015-12-10 19:47:58', ''),
	(13821, 'admin', 27, '2015-12-10 19:48:04', 'resourceId:12136,divId:groupUsers'),
	(13822, 'admin', 28, '2015-12-10 19:48:04', 'resourceId:12136,divId:otherUsers'),
	(13823, 'admin', 35, '2015-12-10 19:48:01', 'username:gdpi,id:8a82948a517c90d201517cf711a00001'),
	(13824, 'admin', 47, '2015-12-10 19:48:09', 'hadoopUserId:8a82948a518ba9d101518bb639850000,resourceId:12136,_:1449747934043'),
	(13825, 'admin', 27, '2015-12-10 19:48:11', 'resourceId:12136,divId:groupUsers'),
	(13826, 'admin', 28, '2015-12-10 19:48:11', 'resourceId:12136,divId:otherUsers'),
	(13827, 'admin', 47, '2015-12-10 19:48:15', 'hadoopUserId:8a82948a517cfbcf01517d01c4ef0000,resourceId:12136,_:1449747934044'),
	(13828, 'admin', 27, '2015-12-10 19:48:18', 'resourceId:12136,divId:groupUsers'),
	(13829, 'admin', 28, '2015-12-10 19:48:18', 'resourceId:12136,divId:otherUsers'),
	(13830, 'admin', 36, '2015-12-10 19:48:25', 'queue:gdpi2,username:8a82948a517c90d201517cf711a00001,id:137'),
	(13831, 'admin', 22, '2015-12-10 19:48:54', ''),
	(13832, 'admin', 23, '2015-12-10 19:48:57', ''),
	(13833, 'admin', 22, '2015-12-10 19:49:02', ''),
	(13834, 'admin', 59, '2015-12-10 19:49:05', ''),
	(13835, 'admin', 60, '2015-12-10 19:49:10', 'hadoopUser:8a82948a518ba9d101518bb639850000'),
	(13836, 'admin', 22, '2015-12-10 19:49:10', ''),
	(13837, 'admin', 61, '2015-12-10 19:49:15', 'id:718'),
	(13838, 'admin', 62, '2015-12-10 19:49:19', 'days:0,kid:718,id:126'),
	(13839, 'admin', 22, '2015-12-10 19:49:20', ''),
	(13840, 'admin', 63, '2015-12-10 19:49:25', 'id:718,_:1449748046537'),
	(13841, 'admin', 22, '2015-12-10 19:49:26', ''),
	(13842, 'admin', 6, '2015-12-10 19:50:05', ''),
	(13843, 'admin', 6, '2015-12-10 19:50:11', 'Q_LIKE_id:8a82948a517c90d201517cf711a00001'),
	(13844, 'admin', 7, '2015-12-10 19:50:17', 'id:61'),
	(13845, 'admin', 6, '2015-12-10 19:50:18', 'Q_LIKE_gsName:61'),
	(13846, 'admin', 16, '2015-12-10 19:50:25', 'id:12135'),
	(13847, 'admin', 8, '2015-12-10 19:50:32', ''),
	(13848, 'admin', 112, '2015-12-10 19:50:34', ''),
	(13849, 'admin', 115, '2015-12-10 19:50:34', 'divId:hdfsList'),
	(13850, 'admin', 114, '2015-12-10 19:50:34', 'divId:dbList'),
	(13851, 'admin', 19, '2015-12-10 19:50:36', ''),
	(13852, 'admin', 23, '2015-12-10 19:51:03', ''),
	(13853, 'admin', 1, '2015-12-10 19:51:13', ''),
	(13854, 'admin', 67, '2015-12-10 19:51:15', ''),
	(13855, 'admin', 11, '2015-12-10 19:51:16', ''),
	(13856, 'admin', 40, '2015-12-10 19:51:23', 'parentId:113'),
	(13857, 'admin', 40, '2015-12-10 19:51:28', 'parentId:48'),
	(13858, 'admin', 40, '2015-12-10 19:51:34', 'parentId:27'),
	(13859, 'admin', 37, '2015-12-10 19:51:31', 'company:gdpi,id:137,name:gdpi,username:8a82948a517c90d201517cf711a00001,queue:gdpi2,min:102400,minCPU:25,max:409601,maxCPU:100,maxApps:50,weight:1.0'),
	(13860, 'admin', 40, '2015-12-10 19:51:37', 'parentId:139'),
	(13861, 'admin', 23, '2015-12-10 19:51:41', ''),
	(13862, 'admin', 112, '2015-12-10 19:51:43', ''),
	(13863, 'admin', 115, '2015-12-10 19:51:44', 'divId:hdfsList'),
	(13864, 'admin', 114, '2015-12-10 19:51:44', 'divId:dbList'),
	(13865, 'admin', 23, '2015-12-10 19:51:45', ''),
	(13866, 'admin', 23, '2015-12-10 19:51:55', ''),
	(13867, 'admin', 23, '2015-12-10 19:51:57', ''),
	(13868, 'admin', 23, '2015-12-10 19:51:58', ''),
	(13869, 'admin', 23, '2015-12-10 19:52:05', ''),
	(13870, 'admin', 3, '2015-12-10 19:52:11', ''),
	(13871, 'admin', 11, '2015-12-10 19:52:14', ''),
	(13872, 'admin', 110, '2015-12-10 19:52:14', ''),
	(13873, 'admin', 3, '2015-12-10 19:52:16', ''),
	(13874, 'admin', 40, '2015-12-10 19:52:17', 'parentId:113'),
	(13875, 'admin', 38, '2015-12-10 19:52:24', 'rel:childrenFormId,id:181'),
	(13876, 'admin', 40, '2015-12-10 19:52:24', 'parentId:113'),
	(13877, 'admin', 39, '2015-12-10 19:53:10', 'id:181,key:RM_SCHEDULE_XML_SRC_PATH'),
	(13878, 'admin', 42, '2015-12-10 19:53:10', 'rel:parentFormId'),
	(13879, 'admin', 40, '2015-12-10 19:53:10', 'parentId:113'),
	(13880, 'admin', 41, '2015-12-10 19:53:10', 'key:RM_SCHEDULE_XML_SRC_PATH,val:d://test.txt,note:0,parentId:113,id:181'),
	(13881, 'admin', 40, '2015-12-10 19:53:10', 'parentId:113'),
	(13882, 'admin', 40, '2015-12-10 19:53:14', 'parentId:113'),
	(13883, 'admin', 40, '2015-12-10 19:53:15', 'parentId:113'),
	(13884, 'admin', 6, '2015-12-10 19:53:25', ''),
	(13885, 'admin', 11, '2015-12-10 19:53:21', ''),
	(13886, 'admin', 8, '2015-12-10 19:53:33', ''),
	(13887, 'admin', 106, '2015-12-10 19:53:35', 'hdfsId:12136,name:/user/gdpi/public/rrr'),
	(13888, 'admin', 73, '2015-12-10 19:53:33', ''),
	(13889, 'admin', 11, '2015-12-10 19:53:40', ''),
	(13890, 'admin', 40, '2015-12-10 19:53:47', 'parentId:27'),
	(13891, 'admin', 31, '2015-12-10 19:53:50', ''),
	(13892, 'admin', 32, '2015-12-10 19:53:58', ''),
	(13893, 'admin', 35, '2015-12-10 19:54:11', 'username:gdpi,id:8a82948a517c90d201517cf711a00001'),
	(13894, 'admin', 40, '2015-12-10 19:54:26', 'parentId:128'),
	(13895, 'admin', 36, '2015-12-10 19:54:31', 'queue:gdpi2,username:8a82948a517c90d201517cf711a00001,id:137'),
	(13896, 'admin', 37, '2015-12-10 20:03:34', 'company:gdpi,id:137,name:gdpi,username:8a82948a517c90d201517cf711a00001,queue:gdpi2,min:102400,minCPU:25,max:409601,maxCPU:100,maxApps:50,weight:1.0'),
	(13897, 'admin', 2, '2015-12-10 20:05:05', ''),
	(13898, 'admin', 31, '2015-12-10 20:05:40', ''),
	(13899, 'admin', 32, '2015-12-10 20:05:47', ''),
	(13900, 'admin', 35, '2015-12-10 20:05:56', 'username:gdpi,id:8a82948a517c90d201517cf711a00001'),
	(13901, 'admin', 36, '2015-12-10 20:06:13', 'queue:gdpi3,username:8a82948a517c90d201517cf711a00001,id:137'),
	(13902, 'admin', 37, '2015-12-10 20:07:32', 'company:gdpi,id:137,name:gdpi,username:8a82948a517c90d201517cf711a00001,queue:gdpi3,min:102400,minCPU:25,max:409601,maxCPU:100,maxApps:50,weight:1.0'),
	(13903, 'admin', 2, '2015-12-10 20:10:55', ''),
	(13904, 'admin', 31, '2015-12-10 20:10:57', ''),
	(13905, 'admin', 32, '2015-12-10 20:10:58', ''),
	(13906, 'admin', 35, '2015-12-10 20:11:00', 'username:gdpi,id:8a82948a517c90d201517cf711a00001'),
	(13907, 'admin', 36, '2015-12-10 20:11:07', 'queue:gdpi1,username:8a82948a517c90d201517cf711a00001,id:137'),
	(13908, 'admin', 37, '2015-12-10 20:11:07', 'company:gdpi,id:137,name:gdpi,username:8a82948a517c90d201517cf711a00001,queue:gdpi1,min:102400,minCPU:25,max:409601,maxCPU:100,maxApps:50,weight:1.0'),
	(13909, 'admin', 11, '2015-12-10 20:11:32', ''),
	(13910, 'admin', 40, '2015-12-10 20:11:34', 'parentId:113'),
	(13911, 'admin', 38, '2015-12-10 20:11:37', 'rel:childrenFormId,id:181'),
	(13912, 'admin', 40, '2015-12-10 20:11:37', 'parentId:113'),
	(13913, 'admin', 39, '2015-12-10 20:11:46', 'id:181,key:RM_SCHEDULE_XML_SRC_PATH'),
	(13914, 'admin', 42, '2015-12-10 20:11:46', 'rel:parentFormId'),
	(13915, 'admin', 40, '2015-12-10 20:11:46', 'parentId:113'),
	(13916, 'admin', 41, '2015-12-10 20:11:46', 'key:RM_SCHEDULE_XML_SRC_PATH,val:/home/hadoop/hadoopadmin/source/init/fair-scheduler.xml,note:0,parentId:113,id:181'),
	(13917, 'admin', 40, '2015-12-10 20:11:46', 'parentId:113'),
	(13918, 'admin', 73, '2015-12-10 20:11:47', ''),
	(13919, 'admin', 31, '2015-12-10 20:11:52', ''),
	(13920, 'admin', 32, '2015-12-10 20:11:52', ''),
	(13921, 'admin', 35, '2015-12-10 20:11:54', 'username:gdpi,id:8a82948a517c90d201517cf711a00001'),
	(13922, 'admin', 36, '2015-12-10 20:12:00', 'queue:gdpi,username:8a82948a517c90d201517cf711a00001,id:137'),
	(13923, 'admin', 37, '2015-12-10 20:12:01', 'company:gdpi,id:137,name:gdpi,username:8a82948a517c90d201517cf711a00001,queue:gdpi,min:102400,minCPU:25,max:409601,maxCPU:100,maxApps:50,weight:1.0'),
	(13924, 'admin', 13, '2015-12-10 20:12:59', ''),
	(13925, 'admin', 2, '2015-12-10 20:39:42', ''),
	(13926, 'admin', 2, '2015-12-10 23:11:15', ''),
	(13927, 'admin', 8, '2015-12-10 23:11:19', ''),
	(13928, 'admin', 15, '2015-12-10 23:11:22', 'rel:dirForm'),
	(13929, 'admin', 46, '2015-12-10 23:11:57', 'hpFolderName:sample_data_one,hadoopUser.id:8a82948a518ba9d101518bb639850000,hpHdfsType:sample_data_one,hpHdfsTag:sample_data_one'),
	(13930, 'admin', 9, '2015-12-10 23:12:00', ''),
	(13931, 'admin', 27, '2015-12-10 23:12:20', 'resourceId:12137,divId:groupUsers'),
	(13932, 'admin', 28, '2015-12-10 23:12:20', 'resourceId:12137,divId:otherUsers'),
	(13933, 'admin', 19, '2015-12-10 23:13:03', ''),
	(13934, 'admin', 8, '2015-12-10 23:13:06', ''),
	(13935, 'admin', 6, '2015-12-10 23:13:09', ''),
	(13936, 'admin', 3, '2015-12-10 23:13:19', ''),
	(13937, 'admin', 110, '2015-12-10 23:13:20', ''),
	(13938, 'admin', 3, '2015-12-10 23:13:22', ''),
	(13939, 'admin', 19, '2015-12-10 23:13:28', ''),
	(13940, 'admin', 88, '2015-12-10 23:13:30', ''),
	(13941, 'admin', 19, '2015-12-10 23:13:32', ''),
	(13942, 'admin', 112, '2015-12-10 23:13:34', ''),
	(13943, 'admin', 115, '2015-12-10 23:13:35', 'divId:hdfsList'),
	(13944, 'admin', 114, '2015-12-10 23:13:35', 'divId:dbList'),
	(13945, 'admin', 4, '2015-12-10 23:13:39', ''),
	(13946, 'admin', 8, '2015-12-10 23:13:47', ''),
	(13947, 'admin', 8, '2015-12-10 23:13:50', ''),
	(13948, 'admin', 8, '2015-12-10 23:13:51', ''),
	(13949, 'admin', 22, '2015-12-10 23:14:05', ''),
	(13950, 'admin', 2, '2015-12-11 15:14:19', ''),
	(13951, 'admin', 31, '2015-12-11 15:14:21', ''),
	(13952, 'admin', 32, '2015-12-11 15:14:23', ''),
	(13953, 'admin', 35, '2015-12-11 15:14:25', 'username:gdpi,id:8a82948a517c90d201517cf711a00001'),
	(13954, 'admin', 11, '2015-12-11 15:14:39', ''),
	(13955, 'admin', 40, '2015-12-11 15:14:42', 'parentId:113'),
	(13956, 'admin', 40, '2015-12-11 15:14:45', 'parentId:27'),
	(13957, 'admin', 38, '2015-12-11 15:14:49', 'rel:childrenFormId,parentId:27'),
	(13958, 'admin', 39, '2015-12-11 15:15:07', 'key:Is_Start_FairSchedule'),
	(13959, 'admin', 42, '2015-12-11 15:15:08', 'rel:parentFormId'),
	(13960, 'admin', 40, '2015-12-11 15:15:08', 'parentId:27'),
	(13961, 'admin', 41, '2015-12-11 15:15:08', 'key:Is_Start_FairSchedule,val:1,parentId:27'),
	(13962, 'admin', 40, '2015-12-11 15:15:08', 'parentId:27'),
	(13963, 'admin', 73, '2015-12-11 15:15:10', ''),
	(13964, 'admin', 31, '2015-12-11 15:15:14', ''),
	(13965, 'admin', 32, '2015-12-11 15:15:15', ''),
	(13966, 'admin', 13, '2015-12-11 15:15:18', ''),
	(13967, 'admin', 31, '2015-12-11 15:16:19', ''),
	(13968, 'admin', 32, '2015-12-11 15:16:19', ''),
	(13969, 'admin', 35, '2015-12-11 15:16:21', 'username:gdpi,id:8a82948a517c90d201517cf711a00001'),
	(13970, 'admin', 36, '2015-12-11 15:16:32', 'queue:gdpi,username:8a82948a517c90d201517cf711a00001,id:137'),
	(13971, 'admin', 35, '2015-12-11 15:17:53', 'username:gdpi,id:8a82948a517c90d201517cf711a00001'),
	(13972, 'admin', 36, '2015-12-11 15:18:10', 'queue:gdpi,username:8a82948a517c90d201517cf711a00001,id:137'),
	(13973, 'admin', 36, '2015-12-11 15:18:32', 'queue:gdpi2,username:8a82948a517c90d201517cf711a00001,id:137'),
	(13974, 'admin', 37, '2015-12-11 15:18:34', 'company:gdpi,id:137,name:gdpi,username:8a82948a517c90d201517cf711a00001,queue:gdpi2,min:102400,minCPU:25,max:409601,maxCPU:100,maxApps:50,weight:1.0'),
	(13975, 'admin', 36, '2015-12-11 15:19:15', 'queue:gdpi_test,username:8a82948a517c90d201517cf711a00001'),
	(13976, 'admin', 37, '2015-12-11 15:19:16', 'company:gdpi,name:gdpi,username:8a82948a517c90d201517cf711a00001,queue:gdpi_test,min:111111,minCPU:22,max:22222222,maxCPU:40,maxApps:222,weight:1'),
	(13977, 'admin', 2, '2015-12-13 11:13:51', ''),
	(13978, 'admin', 31, '2015-12-13 11:14:10', ''),
	(13979, 'admin', 32, '2015-12-13 11:14:17', ''),
	(13980, 'admin', 35, '2015-12-13 11:14:38', 'username:gdpi,id:8a82948a517c90d201517cf711a00001'),
	(13981, 'admin', 2, '2015-12-13 11:24:13', ''),
	(13982, 'admin', 31, '2015-12-13 11:24:18', ''),
	(13983, 'admin', 32, '2015-12-13 11:24:19', ''),
	(13984, 'admin', 35, '2015-12-13 11:24:20', 'username:gdpi,id:8a82948a517c90d201517cf711a00001'),
	(13985, 'admin', 37, '2015-12-13 11:24:31', 'company:gdpi,id:142,name:gdpi,username:8a82948a517c90d201517cf711a00001,queue:gdpi_1,min:111111,minCPU:22,max:22222222,maxCPU:40,maxApps:222,weight:1.0'),
	(13986, 'admin', 37, '2015-12-13 11:25:03', 'company:gdpi,id:142,name:gdpi,username:8a82948a517c90d201517cf711a00001,queue:gdpi_1,min:111111,minCPU:22,max:22222222,maxCPU:40,maxApps:222,weight:1.0'),
	(13987, 'admin', 36, '2015-12-13 11:25:28', 'queue:gdpi3,username:8a82948a517c90d201517cf711a00001'),
	(13988, 'admin', 37, '2015-12-13 11:25:29', 'company:gdpi,name:gdpi,username:8a82948a517c90d201517cf711a00001,queue:gdpi3,min:123123,minCPU:12,max:1232134,maxCPU:24,maxApps:12,weight:1'),
	(13989, 'admin', 119, '2015-12-13 11:26:05', 'id:143'),
	(13990, 'admin', 119, '2015-12-13 11:26:41', 'id:142'),
	(13991, 'admin', 37, '2015-12-13 11:27:14', 'company:gdpi,id:137,name:gdpi,username:8a82948a517c90d201517cf711a00001,queue:gdpi,min:102400,minCPU:25,max:409600,maxCPU:100,maxApps:50,weight:1.0'),
	(13992, 'admin', 2, '2015-12-13 11:44:03', ''),
	(13993, 'admin', 31, '2015-12-13 11:44:06', ''),
	(13994, 'admin', 32, '2015-12-13 11:44:07', ''),
	(13995, 'admin', 35, '2015-12-13 11:44:09', 'username:gdpi,id:8a82948a517c90d201517cf711a00001'),
	(13996, 'admin', 36, '2015-12-13 11:44:51', 'queue:gdpi2,username:8a82948a517c90d201517cf711a00001'),
	(13997, 'admin', 37, '2015-12-13 11:44:52', 'company:gdpi,name:gdpi,username:8a82948a517c90d201517cf711a00001,queue:gdpi2,min:102400,minCPU:25,max:409600,maxCPU:100,maxApps:50,weight:1.0'),
	(13998, 'admin', 35, '2015-12-13 11:46:03', 'username:gdpi,id:8a82948a517c90d201517cf711a00001'),
	(13999, 'admin', 2, '2015-12-15 10:37:34', ''),
	(14000, 'admin', 4, '2015-12-15 10:37:39', ''),
	(14001, 'admin', 31, '2015-12-15 10:37:53', ''),
	(14002, 'admin', 32, '2015-12-15 10:37:54', ''),
	(14003, 'admin', 35, '2015-12-15 10:37:58', 'username:default,id:55262513-eea0-4992-9c00-0e28de8c4712'),
	(14004, 'admin', 37, '2015-12-15 10:38:07', 'company:default,id:145,name:default,username:55262513-eea0-4992-9c00-0e28de8c4712,queue:default,min:102400,minCPU:25,max:409600,maxCPU:100,maxApps:50,weight:1.0'),
	(14005, 'admin', 31, '2015-12-15 10:47:47', ''),
	(14006, 'admin', 32, '2015-12-15 10:47:47', ''),
	(14007, 'admin', 35, '2015-12-15 10:47:50', 'username:default,id:55262513-eea0-4992-9c00-0e28de8c4712'),
	(14008, 'admin', 37, '2015-12-15 10:48:06', 'company:default,id:145,name:default,username:55262513-eea0-4992-9c00-0e28de8c4712,queue:default,min:102400,minCPU:25,max:409600,maxCPU:100,maxApps:50,weight:1.0'),
	(14009, 'admin', 35, '2015-12-15 10:51:40', 'username:gdpi,id:8a82948a517c90d201517cf711a00001'),
	(14010, 'admin', 37, '2015-12-15 10:51:50', 'company:gdpi,id:137,name:gdpi,username:8a82948a517c90d201517cf711a00001,queue:gdpi,min:102400,minCPU:25,max:409600,maxCPU:100,maxApps:50,weight:1.0'),
	(14011, 'admin', 2, '2015-12-15 10:58:36', ''),
	(14012, 'admin', 11, '2015-12-15 10:58:43', ''),
	(14013, 'admin', 40, '2015-12-15 10:58:48', 'parentId:48'),
	(14014, 'admin', 40, '2015-12-15 10:58:56', 'parentId:48'),
	(14015, 'admin', 40, '2015-12-15 10:58:59', 'parentId:27'),
	(14016, 'admin', 38, '2015-12-15 10:59:02', 'rel:childrenFormId,parentId:27'),
	(14017, 'admin', 40, '2015-12-15 11:00:11', 'parentId:27'),
	(14018, 'admin', 40, '2015-12-15 11:00:20', 'parentId:27'),
	(14019, 'admin', 40, '2015-12-15 11:00:21', 'parentId:27'),
	(14020, 'admin', 40, '2015-12-15 11:00:46', 'parentId:27'),
	(14021, 'admin', 38, '2015-12-15 11:00:49', 'rel:childrenFormId,parentId:27'),
	(14022, 'admin', 40, '2015-12-15 11:01:06', 'parentId:27'),
	(14023, 'admin', 31, '2015-12-15 11:02:11', ''),
	(14024, 'admin', 32, '2015-12-15 11:02:12', ''),
	(14025, 'admin', 35, '2015-12-15 11:02:14', 'username:default,id:55262513-eea0-4992-9c00-0e28de8c4712'),
	(14026, 'admin', 11, '2015-12-15 11:05:44', ''),
	(14027, 'admin', 40, '2015-12-15 11:05:46', 'parentId:133'),
	(14028, 'admin', 40, '2015-12-15 11:06:29', 'parentId:27'),
	(14029, 'admin', 40, '2015-12-15 11:06:33', 'parentId:27'),
	(14030, 'admin', 2, '2015-12-15 16:15:39', ''),
	(14031, 'admin', 31, '2015-12-15 16:15:43', ''),
	(14032, 'admin', 32, '2015-12-15 16:15:43', ''),
	(14033, 'admin', 35, '2015-12-15 16:15:51', 'username:default,id:55262513-eea0-4992-9c00-0e28de8c4712'),
	(14034, 'admin', 112, '2015-12-15 16:18:49', ''),
	(14035, 'admin', 115, '2015-12-15 16:18:49', 'divId:hdfsList'),
	(14036, 'admin', 114, '2015-12-15 16:18:49', 'divId:dbList'),
	(14037, 'admin', 8, '2015-12-15 16:18:51', ''),
	(14038, 'admin', 3, '2015-12-15 16:18:54', ''),
	(14039, 'admin', 23, '2015-12-15 16:18:56', ''),
	(14040, 'admin', 4, '2015-12-15 16:20:42', ''),
	(14041, 'admin', 23, '2015-12-15 16:21:06', ''),
	(14042, 'admin', 22, '2015-12-15 16:21:15', ''),
	(14043, 'admin', 23, '2015-12-15 16:21:20', ''),
	(14044, 'admin', 22, '2015-12-15 16:21:38', ''),
	(14045, 'admin', 44, '2015-12-15 16:22:00', ''),
	(14046, 'admin', 45, '2015-12-15 16:22:00', ''),
	(14047, 'admin', 51, '2015-12-15 16:22:03', ''),
	(14048, 'admin', 112, '2015-12-15 16:22:05', ''),
	(14049, 'admin', 115, '2015-12-15 16:22:06', 'divId:hdfsList'),
	(14050, 'admin', 114, '2015-12-15 16:22:06', 'divId:dbList'),
	(14051, 'admin', 57, '2015-12-15 16:22:07', ''),
	(14052, 'admin', 23, '2015-12-15 16:22:15', ''),
	(14053, 'admin', 14, '2015-12-15 16:23:02', ''),
	(14054, 'admin', 8, '2015-12-15 16:23:06', ''),
	(14055, 'admin', 27, '2015-12-15 16:23:11', 'resourceId:12137,divId:groupUsers'),
	(14056, 'admin', 28, '2015-12-15 16:23:11', 'resourceId:12137,divId:otherUsers'),
	(14057, 'admin', 27, '2015-12-15 16:23:31', 'resourceId:12127,divId:groupUsers'),
	(14058, 'admin', 28, '2015-12-15 16:23:31', 'resourceId:12127,divId:otherUsers'),
	(14059, 'admin', 8, '2015-12-15 16:23:58', ''),
	(14060, 'admin', 6, '2015-12-15 16:24:02', ''),
	(14061, 'admin', 8, '2015-12-15 16:24:08', ''),
	(14062, 'admin', 15, '2015-12-15 16:24:10', 'rel:dirForm'),
	(14063, 'admin', 3, '2015-12-15 16:34:38', ''),
	(14064, 'admin', 6, '2015-12-15 16:34:40', ''),
	(14065, 'admin', 6, '2015-12-15 16:34:46', 'Q_LIKE_id:8a82948a517c90d201517cf711a00001'),
	(14066, 'admin', 3, '2015-12-15 16:38:10', ''),
	(14067, 'admin', 6, '2015-12-15 16:38:12', ''),
	(14068, 'admin', 2, '2015-12-16 12:28:55', ''),
	(14069, 'admin', 4, '2015-12-16 12:28:58', ''),
	(14070, 'admin', 24, '2015-12-16 12:29:14', 'look:false'),
	(14071, 'admin', 56, '2015-12-16 12:32:34', 'hpUserName:final_test001,hpUserPw:123#qwed,hpContacts:cc,hpPhone:13391235436,hpEmail:123@123.com,hpUserType:1,hpCulster:1,customer.id:61,min:102400,minCPU:25,max:409600,maxCPU:100,maxApps:50,weight:1'),
	(14072, 'admin', 4, '2015-12-16 12:32:36', ''),
	(14073, 'admin', 13, '2015-12-16 12:34:42', ''),
	(14074, 'admin', 19, '2015-12-16 12:36:37', ''),
	(14075, 'admin', 25, '2015-12-16 12:36:43', 'resourceId:3563,divId:groupUsers'),
	(14076, 'admin', 26, '2015-12-16 12:36:43', 'resourceId:3563,divId:otherUsers'),
	(14077, 'admin', 83, '2015-12-16 12:36:56', 'hadoopUserId:8a82948a51995da90151a90faa8e0000,resourceId:3563,_:1450240599984'),
	(14078, 'admin', 25, '2015-12-16 12:36:58', 'resourceId:3563,divId:groupUsers'),
	(14079, 'admin', 26, '2015-12-16 12:36:58', 'resourceId:3563,divId:otherUsers'),
	(14080, 'admin', 86, '2015-12-16 12:37:21', 'resourceId:3563,hadoopUserId:8a82948a51995da90151a90faa8e0000,_:1450240599985'),
	(14081, 'admin', 25, '2015-12-16 12:37:23', 'resourceId:3563,divId:groupUsers'),
	(14082, 'admin', 26, '2015-12-16 12:37:23', 'resourceId:3563,divId:otherUsers'),
	(14083, 'admin', 22, '2015-12-16 12:38:17', ''),
	(14084, 'admin', 23, '2015-12-16 12:38:20', ''),
	(14085, 'admin', 22, '2015-12-16 12:40:01', ''),
	(14086, 'admin', 23, '2015-12-16 12:40:21', ''),
	(14087, 'admin', 22, '2015-12-16 12:40:29', ''),
	(14088, 'admin', 23, '2015-12-16 12:40:42', ''),
	(14089, 'admin', 2, '2015-12-16 13:29:20', ''),
	(14090, 'admin', 2, '2015-12-16 13:34:50', ''),
	(14091, 'admin', 2, '2015-12-16 13:34:58', ''),
	(14092, 'admin', 2, '2015-12-16 13:35:15', ''),
	(14093, 'admin', 4, '2015-12-16 13:35:54', ''),
	(14094, 'admin', 44, '2015-12-16 13:36:45', ''),
	(14095, 'admin', 45, '2015-12-16 13:36:46', ''),
	(14096, 'admin', 50, '2015-12-16 13:36:47', ''),
	(14097, 'admin', 10, '2015-12-16 13:36:51', ''),
	(14098, 'admin', 3, '2015-12-16 13:36:57', ''),
	(14099, 'admin', 55, '2015-12-16 13:37:09', 'id:3565'),
	(14100, 'admin', 55, '2015-12-16 13:37:14', 'id:3563'),
	(14101, 'admin', 110, '2015-12-16 13:39:32', ''),
	(14102, 'admin', 3, '2015-12-16 13:39:34', ''),
	(14103, 'admin', 22, '2015-12-16 13:39:38', ''),
	(14104, 'admin', 2, '2015-12-16 13:49:57', ''),
	(14105, 'admin', 4, '2015-12-16 13:50:01', ''),
	(14106, 'admin', 24, '2015-12-16 13:50:07', 'id:8a82948a518ba9d101518bb639850000,look:false'),
	(14107, 'admin', 30, '2015-12-16 13:50:31', 'id:8a82948a518ba9d101518bb639850000,_:1450245003738'),
	(14108, 'admin', 4, '2015-12-16 13:50:32', ''),
	(14109, 'admin', 24, '2015-12-16 13:50:38', 'look:false'),
	(14110, 'admin', 56, '2015-12-16 13:51:30', 'hpUserName:sample1,hpUserPw:ideal123#123,hpContacts:cc,hpPhone:13391235436,hpEmail:123@123.com,hpUserType:1,hpCulster:1,customer.id:61,min:102400,minCPU:25,max:409600,maxCPU:100,maxApps:50,weight:1'),
	(14111, 'admin', 4, '2015-12-16 13:51:32', ''),
	(14112, 'admin', 13, '2015-12-16 13:51:49', ''),
	(14113, 'admin', 13, '2015-12-16 13:52:05', 'Q_EQ_mcType:5'),
	(14114, 'admin', 3, '2015-12-16 14:10:55', ''),
	(14115, 'admin', 55, '2015-12-16 14:10:58', 'id:3565'),
	(14116, 'admin', 55, '2015-12-16 14:11:41', 'id:3563'),
	(14117, 'admin', 6, '2015-12-16 14:13:49', ''),
	(14118, 'admin', 19, '2015-12-16 14:14:04', ''),
	(14119, 'admin', 8, '2015-12-16 14:14:10', ''),
	(14120, 'admin', 15, '2015-12-16 14:14:12', 'rel:dirForm'),
	(14121, 'admin', 46, '2015-12-16 14:14:44', 'hpFolderName:test,hadoopUser.id:8a82948a51995da90151a957ee680001,hpHdfsType:test,hpHdfsTag:test'),
	(14122, 'admin', 9, '2015-12-16 14:14:46', ''),
	(14123, 'admin', 19, '2015-12-16 14:16:13', ''),
	(14124, 'admin', 88, '2015-12-16 14:16:14', ''),
	(14125, 'admin', 19, '2015-12-16 14:16:16', ''),
	(14126, 'admin', 3, '2015-12-16 14:16:21', ''),
	(14127, 'admin', 55, '2015-12-16 14:16:26', 'id:3569'),
	(14128, 'admin', 13, '2015-12-16 14:17:34', ''),
	(14129, 'admin', 13, '2015-12-16 14:17:40', 'Q_EQ_mcType:2'),
	(14130, 'admin', 13, '2015-12-16 14:17:47', 'Q_EQ_mcType:3'),
	(14131, 'admin', 3, '2015-12-16 14:19:01', ''),
	(14132, 'admin', 55, '2015-12-16 14:19:04', 'id:3569'),
	(14133, 'admin', 6, '2015-12-16 14:25:30', ''),
	(14134, 'admin', 3, '2015-12-16 14:25:32', ''),
	(14135, 'admin', 55, '2015-12-16 14:25:38', 'id:3569'),
	(14136, 'admin', 6, '2015-12-16 14:25:54', ''),
	(14137, 'admin', 8, '2015-12-16 14:26:03', ''),
	(14138, 'admin', 15, '2015-12-16 14:26:06', 'rel:dirForm'),
	(14139, 'admin', 46, '2015-12-16 14:26:34', 'hpFolderName:sample_data_one,hadoopUser.id:8a82948a51995da90151a957ee680001,hpHdfsType:sample_data_one,hpHdfsTag:sample_data_one'),
	(14140, 'admin', 9, '2015-12-16 14:26:36', ''),
	(14141, 'admin', 12, '2015-12-16 15:08:37', ''),
	(14142, 'admin', 13, '2015-12-16 15:08:41', ''),
	(14143, 'admin', 74, '2015-12-16 15:09:04', ''),
	(14144, 'admin', 75, '2015-12-16 15:09:13', ''),
	(14145, 'admin', 4, '2015-12-16 15:09:23', ''),
	(14146, 'admin', 24, '2015-12-16 15:09:28', 'look:false'),
	(14147, 'admin', 56, '2015-12-16 15:10:59', 'hpUserName:final_test002,hpUserPw:asdf#123123,hpContacts:cc,hpPhone:13391235436,hpEmail:123@123.com,hpUserType:1,hpCulster:1,customer.id:61,min:102400,minCPU:25,max:409600,maxCPU:100,maxApps:50,weight:1'),
	(14148, 'admin', 4, '2015-12-16 15:11:01', ''),
	(14149, 'admin', 8, '2015-12-16 15:12:35', ''),
	(14150, 'admin', 15, '2015-12-16 15:12:39', 'rel:dirForm'),
	(14151, 'admin', 46, '2015-12-16 15:13:16', 'hpFolderName:test,hadoopUser.id:8a82948a51995da90151a9a0b1670002,hpHdfsType:test,hpHdfsTag:test'),
	(14152, 'admin', 9, '2015-12-16 15:13:18', ''),
	(14153, 'admin', 27, '2015-12-16 15:13:21', 'resourceId:12140,divId:groupUsers'),
	(14154, 'admin', 28, '2015-12-16 15:13:21', 'resourceId:12140,divId:otherUsers'),
	(14155, 'admin', 47, '2015-12-16 15:13:50', 'hadoopUserId:8a82948a517c90d201517cf711a00001,resourceId:12140,_:1450249957539'),
	(14156, 'admin', 27, '2015-12-16 15:13:52', 'resourceId:12140,divId:groupUsers'),
	(14157, 'admin', 28, '2015-12-16 15:13:52', 'resourceId:12140,divId:otherUsers'),
	(14158, 'admin', 19, '2015-12-16 15:14:00', ''),
	(14159, 'admin', 31, '2015-12-16 15:14:22', ''),
	(14160, 'admin', 32, '2015-12-16 15:14:23', ''),
	(14161, 'admin', 35, '2015-12-16 15:14:40', 'username:default,id:55262513-eea0-4992-9c00-0e28de8c4712'),
	(14162, 'admin', 35, '2015-12-16 15:14:46', 'username:final_test002,id:8a82948a51995da90151a9a0b1670002'),
	(14163, 'admin', 36, '2015-12-16 15:15:23', 'queue:test002,username:8a82948a51995da90151a9a0b1670002'),
	(14164, 'admin', 37, '2015-12-16 15:15:24', 'company:final_test002,name:final_test002,username:8a82948a51995da90151a9a0b1670002,queue:test002,min:102400,minCPU:12,max:409604,maxCPU:100,maxApps:12,weight:1'),
	(14165, 'admin', 33, '2015-12-16 15:15:39', 'username:default,id:55262513-eea0-4992-9c00-0e28de8c4712'),
	(14166, 'admin', 33, '2015-12-16 15:15:43', 'username:final_test002,id:8a82948a51995da90151a9a0b1670002'),
	(14167, 'admin', 34, '2015-12-16 15:16:03', 'name:final_test002,username:8a82948a51995da90151a9a0b1670002,quotaSpace:1,unit:T,fileCount:100'),
	(14168, 'admin', 19, '2015-12-16 15:16:13', ''),
	(14169, 'admin', 88, '2015-12-16 15:16:20', ''),
	(14170, 'admin', 19, '2015-12-16 15:16:22', ''),
	(14171, 'admin', 25, '2015-12-16 15:16:25', 'resourceId:3569,divId:groupUsers'),
	(14172, 'admin', 26, '2015-12-16 15:16:25', 'resourceId:3569,divId:otherUsers'),
	(14173, 'admin', 26, '2015-12-16 15:16:39', 'resourceId:3565,divId:otherUsers'),
	(14174, 'admin', 25, '2015-12-16 15:16:39', 'resourceId:3565,divId:groupUsers'),
	(14175, 'admin', 83, '2015-12-16 15:16:54', 'hadoopUserId:8a82948a51995da90151a9a0b1670002,resourceId:3565,_:1450250184443'),
	(14176, 'admin', 26, '2015-12-16 15:16:55', 'resourceId:3565,divId:otherUsers'),
	(14177, 'admin', 25, '2015-12-16 15:16:55', 'resourceId:3565,divId:groupUsers'),
	(14178, 'admin', 8, '2015-12-16 15:17:09', ''),
	(14179, 'admin', 3, '2015-12-16 15:17:42', ''),
	(14180, 'admin', 6, '2015-12-16 15:17:43', ''),
	(14181, 'admin', 6, '2015-12-16 15:17:48', 'Q_LIKE_hpFolderName:fina'),
	(14182, 'admin', 6, '2015-12-16 15:17:55', ''),
	(14183, 'admin', 111, '2015-12-16 15:17:57', ''),
	(14184, 'admin', 6, '2015-12-16 15:18:00', 'Q_LIKE_hpFolderName:final'),
	(14185, 'admin', 6, '2015-12-16 15:18:10', ''),
	(14186, 'admin', 3, '2015-12-16 15:19:04', ''),
	(14187, 'admin', 55, '2015-12-16 15:19:08', 'id:3569'),
	(14188, 'admin', 22, '2015-12-16 15:19:28', ''),
	(14189, 'admin', 59, '2015-12-16 15:19:37', ''),
	(14190, 'admin', 60, '2015-12-16 15:19:41', 'hadoopUser:8a82948a51995da90151a9a0b1670002'),
	(14191, 'admin', 22, '2015-12-16 15:19:41', ''),
	(14192, 'admin', 61, '2015-12-16 15:19:45', 'id:719'),
	(14193, 'admin', 62, '2015-12-16 15:20:34', 'days:0,kid:719,id:120'),
	(14194, 'admin', 22, '2015-12-16 15:20:36', ''),
	(14195, 'admin', 23, '2015-12-16 15:20:42', ''),
	(14196, 'admin', 23, '2015-12-16 15:21:58', ''),
	(14197, 'admin', 57, '2015-12-16 15:22:01', ''),
	(14198, 'admin', 23, '2015-12-16 15:22:07', ''),
	(14199, 'admin', 112, '2015-12-16 15:22:29', ''),
	(14200, 'admin', 115, '2015-12-16 15:22:29', 'divId:hdfsList'),
	(14201, 'admin', 114, '2015-12-16 15:22:29', 'divId:dbList'),
	(14202, 'admin', 8, '2015-12-16 15:23:06', ''),
	(14203, 'admin', 15, '2015-12-16 15:23:09', 'rel:dirForm'),
	(14204, 'admin', 112, '2015-12-16 15:23:12', ''),
	(14205, 'admin', 115, '2015-12-16 15:23:13', 'divId:hdfsList'),
	(14206, 'admin', 114, '2015-12-16 15:23:14', 'divId:dbList'),
	(14207, 'admin', 8, '2015-12-16 15:23:33', ''),
	(14208, 'admin', 52, '2015-12-16 15:23:40', ''),
	(14209, 'admin', 76, '2015-12-16 15:23:46', ''),
	(14210, 'admin', 57, '2015-12-16 15:24:46', ''),
	(14211, 'admin', 11, '2015-12-16 15:25:04', ''),
	(14212, 'admin', 40, '2015-12-16 15:25:08', 'parentId:51'),
	(14213, 'admin', 38, '2015-12-16 15:25:15', 'rel:childrenFormId,parentId:51'),
	(14214, 'admin', 38, '2015-12-16 15:25:20', 'rel:childrenFormId,parentId:51'),
	(14215, 'admin', 40, '2015-12-16 15:25:28', 'parentId:51'),
	(14216, 'admin', 40, '2015-12-16 15:25:31', 'parentId:51'),
	(14217, 'admin', 57, '2015-12-16 15:25:37', ''),
	(14218, 'admin', 85, '2015-12-16 15:25:38', ''),
	(14219, 'admin', 90, '2015-12-16 15:25:58', 'commitUserId:1,eventType:52,eventInfo:180.190.12.1xiuli  '),
	(14220, 'admin', 57, '2015-12-16 15:25:58', ''),
	(14221, 'admin', 57, '2015-12-16 15:26:04', ''),
	(14222, 'admin', 52, '2015-12-16 15:26:19', ''),
	(14223, 'admin', 76, '2015-12-16 15:26:21', ''),
	(14224, 'admin', 67, '2015-12-16 15:26:34', ''),
	(14225, 'admin', 12, '2015-12-16 15:26:47', ''),
	(14226, 'admin', 1, '2015-12-16 15:26:56', ''),
	(14227, 'admin', 67, '2015-12-16 15:26:58', ''),
	(14228, 'admin', 98, '2015-12-16 15:27:02', 'id:1'),
	(14229, 'admin', 101, '2015-12-16 15:27:06', 'id:1'),
	(14230, 'admin', 14, '2015-12-16 15:27:52', ''),
	(14231, 'admin', 14, '2015-12-16 15:28:05', 'page:2'),
	(14232, 'admin', 44, '2015-12-16 15:28:21', ''),
	(14233, 'admin', 45, '2015-12-16 15:28:22', ''),
	(14234, 'admin', 3, '2015-12-16 15:28:35', ''),
	(14235, 'admin', 3, '2015-12-16 15:28:52', ''),
	(14236, 'admin', 55, '2015-12-16 15:29:00', 'id:3569'),
	(14237, 'admin', 6, '2015-12-16 15:29:13', ''),
	(14238, 'admin', 44, '2015-12-16 15:30:03', ''),
	(14239, 'admin', 45, '2015-12-16 15:30:03', ''),
	(14240, 'admin', 50, '2015-12-16 15:30:18', ''),
	(14241, 'admin', 10, '2015-12-16 15:31:31', ''),
	(14242, 'admin', 51, '2015-12-16 15:32:06', ''),
	(14243, 'admin', 71, '2015-12-16 15:32:27', ''),
	(14244, 'admin', 8, '2015-12-16 20:55:02', ''),
	(14245, 'admin', 3, '2015-12-16 20:55:15', ''),
	(14246, 'admin', 6, '2015-12-16 20:55:16', ''),
	(14247, 'admin', 4, '2015-12-16 20:55:30', ''),
	(14248, 'admin', 31, '2015-12-16 20:57:32', ''),
	(14249, 'admin', 32, '2015-12-16 20:57:32', ''),
	(14250, 'admin', 35, '2015-12-16 20:57:35', 'username:default,id:55262513-eea0-4992-9c00-0e28de8c4712'),
	(14251, 'admin', 4, '2015-12-16 20:57:57', ''),
	(14252, 'admin', 8, '2015-12-16 20:58:08', ''),
	(14253, 'admin', 27, '2015-12-16 20:58:15', 'resourceId:12140,divId:groupUsers'),
	(14254, 'admin', 28, '2015-12-16 20:58:15', 'resourceId:12140,divId:otherUsers'),
	(14255, 'admin', 31, '2015-12-16 20:58:23', ''),
	(14256, 'admin', 32, '2015-12-16 20:58:23', ''),
	(14257, 'admin', 57, '2015-12-16 20:58:35', ''),
	(14258, 'admin', 85, '2015-12-16 20:58:51', ''),
	(14259, 'admin', 84, '2015-12-16 20:58:56', 'id:33,userId:1'),
	(14260, 'admin', 57, '2015-12-16 20:58:57', ''),
	(14261, 'admin', 112, '2015-12-16 20:59:00', ''),
	(14262, 'admin', 115, '2015-12-16 20:59:01', 'divId:hdfsList'),
	(14263, 'admin', 114, '2015-12-16 20:59:01', 'divId:dbList'),
	(14264, 'admin', 8, '2015-12-16 20:59:19', ''),
	(14265, 'admin', 112, '2015-12-16 20:59:21', ''),
	(14266, 'admin', 115, '2015-12-16 20:59:22', 'divId:hdfsList'),
	(14267, 'admin', 114, '2015-12-16 20:59:22', 'divId:dbList'),
	(14268, 'admin', 8, '2015-12-16 20:59:27', ''),
	(14269, 'admin', 14, '2015-12-16 20:59:33', ''),
	(14270, 'admin', 6, '2015-12-16 20:59:48', ''),
	(14271, 'admin', 16, '2015-12-16 20:59:56', 'id:12139'),
	(14272, 'admin', 16, '2015-12-16 21:00:01', 'id:12139'),
	(14273, 'admin', 18, '2015-12-16 21:00:06', 'id:12139'),
	(14274, 'admin', 3, '2015-12-16 21:00:09', ''),
	(14275, 'admin', 8, '2015-12-16 21:00:15', ''),
	(14276, 'admin', 92, '2015-12-16 21:00:20', ''),
	(14277, 'admin', 8, '2015-12-16 21:00:23', ''),
	(14278, 'admin', 112, '2015-12-16 21:00:33', ''),
	(14279, 'admin', 115, '2015-12-16 21:00:34', 'divId:hdfsList'),
	(14280, 'admin', 114, '2015-12-16 21:00:34', 'divId:dbList'),
	(14281, 'admin', 112, '2015-12-16 21:33:31', ''),
	(14282, 'admin', 115, '2015-12-16 21:33:32', 'divId:hdfsList'),
	(14283, 'admin', 114, '2015-12-16 21:33:32', 'divId:dbList'),
	(14284, 'admin', 112, '2015-12-16 21:35:06', ''),
	(14285, 'admin', 115, '2015-12-16 21:35:07', 'divId:hdfsList'),
	(14286, 'admin', 114, '2015-12-16 21:35:07', 'divId:dbList'),
	(14287, 'admin', 112, '2015-12-16 21:36:01', ''),
	(14288, 'admin', 115, '2015-12-16 21:36:01', 'divId:hdfsList'),
	(14289, 'admin', 114, '2015-12-16 21:36:01', 'divId:dbList'),
	(14290, 'admin', 8, '2015-12-16 21:36:03', ''),
	(14291, 'admin', 23, '2015-12-16 21:36:10', ''),
	(14292, 'admin', 22, '2015-12-16 21:36:16', ''),
	(14293, 'admin', 59, '2015-12-16 21:36:23', ''),
	(14294, 'admin', 60, '2015-12-16 21:36:27', 'hadoopUser:8a82948a51995da90151a957ee680001'),
	(14295, 'admin', 22, '2015-12-16 21:36:28', ''),
	(14296, 'admin', 63, '2015-12-16 21:36:32', 'id:720,_:1450272874638'),
	(14297, 'admin', 22, '2015-12-16 21:36:34', ''),
	(14298, 'admin', 63, '2015-12-16 21:36:39', 'id:720,_:1450272881433'),
	(14299, 'admin', 22, '2015-12-16 21:36:40', ''),
	(14300, 'admin', 61, '2015-12-16 21:36:41', 'id:720'),
	(14301, 'admin', 62, '2015-12-16 21:36:45', 'days:0,kid:720,id:126'),
	(14302, 'admin', 22, '2015-12-16 21:36:47', ''),
	(14303, 'admin', 63, '2015-12-16 21:36:51', 'id:720,_:1450272893620'),
	(14304, 'admin', 22, '2015-12-16 21:36:52', ''),
	(14305, 'admin', 4, '2015-12-16 21:36:59', ''),
	(14306, 'admin', 112, '2015-12-16 21:37:05', ''),
	(14307, 'admin', 114, '2015-12-16 21:37:06', 'divId:dbList'),
	(14308, 'admin', 115, '2015-12-16 21:37:06', 'divId:hdfsList'),
	(14309, 'admin', 2, '2015-12-17 11:26:10', ''),
	(14310, 'admin', 2, '2015-12-17 13:36:36', ''),
	(14311, 'admin', 112, '2015-12-17 13:36:44', ''),
	(14312, 'admin', 115, '2015-12-17 13:36:45', 'divId:hdfsList'),
	(14313, 'admin', 114, '2015-12-17 13:36:45', 'divId:dbList'),
	(14314, 'admin', 112, '2015-12-17 14:03:09', ''),
	(14315, 'admin', 115, '2015-12-17 14:03:10', 'divId:hdfsList'),
	(14316, 'admin', 114, '2015-12-17 14:03:10', 'divId:dbList'),
	(14317, 'admin', 6, '2015-12-17 14:03:20', ''),
	(14318, 'admin', 6, '2015-12-17 14:03:21', ''),
	(14319, 'admin', 111, '2015-12-17 14:03:24', ''),
	(14320, 'admin', 112, '2015-12-17 14:03:30', ''),
	(14321, 'admin', 115, '2015-12-17 14:03:30', 'divId:hdfsList'),
	(14322, 'admin', 114, '2015-12-17 14:03:30', 'divId:dbList'),
	(14323, 'admin', 8, '2015-12-17 14:03:59', ''),
	(14324, 'admin', 92, '2015-12-17 14:04:08', ''),
	(14325, 'admin', 8, '2015-12-17 14:04:10', ''),
	(14326, 'admin', 112, '2015-12-17 14:04:15', ''),
	(14327, 'admin', 115, '2015-12-17 14:04:16', 'divId:hdfsList'),
	(14328, 'admin', 114, '2015-12-17 14:04:16', 'divId:dbList'),
	(14329, 'admin', 8, '2015-12-17 14:04:48', ''),
	(14330, 'admin', 19, '2015-12-17 14:04:50', ''),
	(14331, 'admin', 8, '2015-12-17 14:04:51', ''),
	(14332, 'admin', 6, '2015-12-17 14:05:19', ''),
	(14333, 'admin', 2, '2015-12-17 14:05:42', ''),
	(14334, 'admin', 6, '2015-12-17 14:05:47', ''),
	(14335, 'admin', 6, '2015-12-17 14:05:52', ''),
	(14336, 'admin', 111, '2015-12-17 14:05:54', ''),
	(14337, 'admin', 6, '2015-12-17 14:10:08', ''),
	(14338, 'admin', 111, '2015-12-17 14:10:11', ''),
	(14339, 'admin', 2, '2015-12-17 14:10:30', ''),
	(14340, 'admin', 8, '2015-12-17 14:10:35', ''),
	(14341, 'admin', 92, '2015-12-17 14:10:43', ''),
	(14342, 'admin', 8, '2015-12-17 14:10:45', ''),
	(14343, 'admin', 2, '2015-12-20 17:40:21', ''),
	(14344, 'admin', 67, '2015-12-20 17:40:26', ''),
	(14345, 'admin', 22, '2015-12-20 17:40:31', ''),
	(14346, 'admin', 61, '2015-12-20 17:40:37', 'id:720'),
	(14347, 'admin', 62, '2015-12-20 17:40:39', 'kid:720,id:120'),
	(14348, 'admin', 22, '2015-12-20 17:40:41', ''),
	(14349, 'admin', 64, '2015-12-20 17:40:46', 'id:720,_:1450604448857'),
	(14350, 'admin', 22, '2015-12-20 17:40:47', ''),
	(14351, 'admin', 63, '2015-12-20 17:40:51', 'id:720,_:1450604455287'),
	(14352, 'admin', 22, '2015-12-20 17:40:52', ''),
	(14353, 'admin', 2, '2015-12-20 19:56:54', ''),
	(14354, 'admin', 4, '2015-12-20 19:56:58', ''),
	(14355, 'admin', 2, '2015-12-20 20:57:11', ''),
	(14356, 'admin', 22, '2015-12-20 20:57:15', ''),
	(14357, 'admin', 61, '2015-12-20 20:57:19', 'id:716'),
	(14358, 'admin', 62, '2015-12-20 20:57:21', 'kid:716,id:120'),
	(14359, 'admin', 22, '2015-12-20 20:57:23', ''),
	(14360, 'admin', 64, '2015-12-20 20:57:27', 'id:716,_:1450616250674'),
	(14361, 'admin', 22, '2015-12-20 20:57:29', ''),
	(14362, 'admin', 63, '2015-12-20 20:57:31', 'id:716,_:1450616257067'),
	(14363, 'admin', 22, '2015-12-20 20:57:33', ''),
	(14364, 'admin', 22, '2015-12-20 21:07:44', ''),
	(14365, 'admin', 2, '2016-01-07 19:25:58', ''),
	(14366, 'admin', 4, '2016-01-07 19:26:02', ''),
	(14367, 'admin', 24, '2016-01-07 19:26:05', 'look:false'),
	(14368, 'admin', 56, '2016-01-07 19:27:28', 'hpUserName:delos,hpUserPw:delos#123,hpContacts:cc,hpPhone:13391235436,hpEmail:123@123.com,hpUserType:1,hpCulster:1,customer.id:61,min:102400,minCPU:25,max:409600,maxCPU:100,maxApps:50,weight:1'),
	(14369, 'admin', 4, '2016-01-07 19:27:30', ''),
	(14370, 'admin', 13, '2016-01-07 19:28:57', ''),
	(14371, 'admin', 2, '2016-01-14 09:28:00', ''),
	(14372, 'admin', 3, '2016-01-14 09:28:05', ''),
	(14373, 'admin', 22, '2016-01-14 09:28:09', ''),
	(14374, 'admin', 23, '2016-01-14 09:28:11', ''),
	(14375, 'admin', 22, '2016-01-14 09:29:22', ''),
	(14376, 'admin', 59, '2016-01-14 09:29:23', ''),
	(14377, 'admin', 22, '2016-01-14 09:29:41', ''),
	(14378, 'admin', 59, '2016-01-14 09:29:43', ''),
	(14379, 'admin', 60, '2016-01-14 09:29:46', 'hadoopUser:8a82948a51995da901521bd76b310003'),
	(14380, 'admin', 22, '2016-01-14 09:29:46', ''),
	(14381, 'admin', 61, '2016-01-14 09:29:50', 'id:721'),
	(14382, 'admin', 62, '2016-01-14 09:29:54', 'days:0,kid:721,id:120'),
	(14383, 'admin', 22, '2016-01-14 09:29:55', ''),
	(14384, 'admin', 63, '2016-01-14 09:29:58', 'id:721,_:1452735022404'),
	(14385, 'admin', 22, '2016-01-14 09:30:02', ''),
	(14386, 'admin', 13, '2016-01-14 09:30:11', ''),
	(14387, 'admin', 23, '2016-01-14 09:31:25', ''),
	(14388, 'admin', 22, '2016-01-14 09:35:49', ''),
	(14389, 'admin', 23, '2016-01-14 09:36:15', ''),
	(14390, 'admin', 22, '2016-01-14 09:38:48', ''),
	(14391, 'admin', 59, '2016-01-14 09:38:49', ''),
	(14392, 'admin', 61, '2016-01-14 09:38:53', 'id:721'),
	(14393, 'admin', 23, '2016-01-14 09:39:06', ''),
	(14394, 'admin', 2, '2016-02-22 14:28:12', ''),
	(14395, 'admin', 4, '2016-02-22 14:28:21', ''),
	(14396, 'admin', 13, '2016-02-22 14:28:51', ''),
	(14397, 'admin', 4, '2016-02-22 14:29:15', ''),
	(14398, 'admin', 13, '2016-02-22 14:30:07', ''),
	(14399, 'admin', 4, '2016-02-22 15:36:53', ''),
	(14400, 'admin', 4, '2016-02-22 15:36:55', ''),
	(14401, 'admin', 24, '2016-02-22 15:37:00', 'look:false'),
	(14402, 'admin', 56, '2016-02-22 15:38:35', 'hpUserName:testhive001,hpUserPw:1234qwer#,hpContacts:cc,hpPhone:18610025477,hpEmail:qweqw@qq.com,hpUserType:1,hpCulster:1,customer.id:61,min:102400,minCPU:25,max:409600,maxCPU:100,maxApps:50,weight:1'),
	(14403, 'admin', 4, '2016-02-22 15:38:41', ''),
	(14404, 'admin', 2, '2016-03-26 13:36:27', ''),
	(14405, 'admin', 1, '2016-03-26 13:36:45', ''),
	(14406, 'admin', 87, '2016-03-26 13:36:51', ''),
	(14407, 'admin', 87, '2016-03-26 13:36:57', ''),
	(14408, 'admin', 3, '2016-03-26 13:37:02', ''),
	(14409, 'admin', 6, '2016-03-26 13:38:58', ''),
	(14410, 'admin', 22, '2016-03-26 13:39:17', ''),
	(14411, 'admin', 23, '2016-03-26 13:39:19', ''),
	(14412, 'admin', 14, '2016-03-26 13:39:23', ''),
	(14413, 'admin', 44, '2016-03-26 13:39:28', ''),
	(14414, 'admin', 45, '2016-03-26 13:39:29', ''),
	(14415, 'admin', 50, '2016-03-26 13:39:33', ''),
	(14416, 'admin', 10, '2016-03-26 13:39:38', ''),
	(14417, 'admin', 51, '2016-03-26 13:39:40', ''),
	(14418, 'admin', 71, '2016-03-26 13:39:43', ''),
	(14419, 'admin', 44, '2016-03-26 13:39:45', ''),
	(14420, 'admin', 45, '2016-03-26 13:39:46', ''),
	(14421, 'admin', 2, '2016-03-26 14:09:41', ''),
	(14422, 'admin', 2, '2016-03-30 19:06:04', ''),
	(14423, 'admin', 2, '2016-03-30 19:10:13', ''),
	(14424, 'admin', 3, '2016-03-30 19:10:55', ''),
	(14425, 'admin', 6, '2016-03-30 19:16:22', ''),
	(14426, 'admin', 3, '2016-03-30 19:16:23', ''),
	(14427, 'admin', 22, '2016-03-30 19:16:25', ''),
	(14428, 'admin', 22, '2016-03-30 19:16:32', ''),
	(14429, 'admin', 3, '2016-03-30 19:16:34', ''),
	(14430, 'admin', 3, '2016-03-30 19:23:29', ''),
	(14431, 'admin', 6, '2016-03-30 19:23:31', ''),
	(14432, 'admin', 6, '2016-03-30 19:23:32', ''),
	(14433, 'admin', 3, '2016-03-30 19:23:33', ''),
	(14434, 'admin', 6, '2016-03-30 19:23:34', ''),
	(14435, 'admin', 2, '2016-03-31 10:45:27', ''),
	(14436, 'admin', 2, '2016-03-31 10:52:19', ''),
	(14437, 'admin', 121, '2016-03-31 10:55:04', ''),
	(14438, 'admin', 122, '2016-03-31 10:55:30', 'param:1'),
	(14439, 'admin', 121, '2016-03-31 10:56:51', ''),
	(14440, 'admin', 122, '2016-03-31 10:56:55', 'param:1'),
	(14441, 'admin', 123, '2016-03-31 10:56:57', 'hadoopUserId:8a82948a51995da90151a90faa8e0000'),
	(14442, 'admin', 8, '2016-03-31 10:57:03', ''),
	(14443, 'admin', 121, '2016-03-31 10:57:08', ''),
	(14444, 'admin', 122, '2016-03-31 10:57:12', 'param:1'),
	(14445, 'admin', 123, '2016-03-31 10:57:14', 'hadoopUserId:8a82948a517c90d201517cf711a00001'),
	(14446, 'admin', 2, '2016-04-05 11:26:56', ''),
	(14447, 'admin', 1, '2016-04-05 11:27:51', ''),
	(14448, 'admin', 67, '2016-04-05 11:27:53', ''),
	(14449, 'admin', 87, '2016-04-05 11:27:58', ''),
	(14450, 'admin', 3, '2016-04-05 11:28:05', ''),
	(14451, 'admin', 55, '2016-04-05 11:28:17', 'id:3569'),
	(14452, 'admin', 6, '2016-04-05 11:28:34', ''),
	(14453, 'admin', 3, '2016-04-05 11:28:42', ''),
	(14454, 'admin', 6, '2016-04-05 11:28:53', ''),
	(14455, 'admin', 16, '2016-04-05 11:29:46', 'id:12126'),
	(14456, 'admin', 3, '2016-04-05 11:29:58', ''),
	(14457, 'admin', 6, '2016-04-05 11:30:16', ''),
	(14458, 'admin', 18, '2016-04-05 11:30:21', 'id:12140'),
	(14459, 'admin', 16, '2016-04-05 11:30:26', 'id:12140'),
	(14460, 'admin', 16, '2016-04-05 11:30:44', 'id:12139'),
	(14461, 'admin', 22, '2016-04-05 11:31:03', ''),
	(14462, 'admin', 61, '2016-04-05 11:31:10', 'id:721'),
	(14463, 'admin', 61, '2016-04-05 11:31:33', 'id:721'),
	(14464, 'admin', 61, '2016-04-05 11:32:09', 'id:721'),
	(14465, 'admin', 64, '2016-04-05 11:33:04', 'id:721,_:1459827158765'),
	(14466, 'admin', 22, '2016-04-05 11:33:05', ''),
	(14467, 'admin', 61, '2016-04-05 11:34:08', 'id:721'),
	(14468, 'admin', 63, '2016-04-05 11:35:18', 'id:721,_:1459827281991'),
	(14469, 'admin', 22, '2016-04-05 11:35:19', ''),
	(14470, 'admin', 64, '2016-04-05 11:35:56', 'id:721,_:1459827415646'),
	(14471, 'admin', 22, '2016-04-05 11:35:57', ''),
	(14472, 'admin', 63, '2016-04-05 11:37:35', 'id:721,_:1459827453461'),
	(14473, 'admin', 22, '2016-04-05 11:37:36', ''),
	(14474, 'admin', 61, '2016-04-05 11:38:31', 'id:721'),
	(14475, 'admin', 61, '2016-04-05 11:38:51', 'id:720'),
	(14476, 'admin', 23, '2016-04-05 11:38:54', ''),
	(14477, 'admin', 22, '2016-04-05 11:39:11', ''),
	(14478, 'admin', 23, '2016-04-05 11:39:15', ''),
	(14479, 'admin', 22, '2016-04-05 11:39:16', ''),
	(14480, 'admin', 23, '2016-04-05 11:39:19', ''),
	(14481, 'admin', 22, '2016-04-05 11:39:28', ''),
	(14482, 'admin', 59, '2016-04-05 11:39:32', ''),
	(14483, 'admin', 60, '2016-04-05 11:39:36', 'hadoopUser:8a82948a517cfbcf01517d01c4ef0000'),
	(14484, 'admin', 22, '2016-04-05 11:39:36', ''),
	(14485, 'admin', 61, '2016-04-05 11:39:42', 'id:722'),
	(14486, 'admin', 62, '2016-04-05 11:39:57', 'days:3,kid:722,id:120'),
	(14487, 'admin', 22, '2016-04-05 11:39:58', ''),
	(14488, 'admin', 61, '2016-04-05 11:40:14', 'id:722'),
	(14489, 'admin', 59, '2016-04-05 11:40:17', ''),
	(14490, 'admin', 60, '2016-04-05 11:40:21', 'hadoopUser:8a82948a51995da90151a90faa8e0000'),
	(14491, 'admin', 22, '2016-04-05 11:40:21', ''),
	(14492, 'admin', 4, '2016-04-05 11:40:34', ''),
	(14493, 'admin', 24, '2016-04-05 11:40:37', 'look:false'),
	(14494, 'admin', 74, '2016-04-05 11:41:05', ''),
	(14495, 'admin', 4, '2016-04-05 11:41:29', ''),
	(14496, 'admin', 24, '2016-04-05 11:41:54', 'look:false'),
	(14497, 'admin', 74, '2016-04-05 11:43:41', ''),
	(14498, 'admin', 75, '2016-04-05 11:43:44', ''),
	(14499, 'admin', 103, '2016-04-05 11:44:35', 'name:东方国信,company_telephone:02153427746,contact_name:王林,contact_mobile:18917263546'),
	(14500, 'admin', 74, '2016-04-05 11:44:35', ''),
	(14501, 'admin', 4, '2016-04-05 11:44:40', ''),
	(14502, 'admin', 24, '2016-04-05 11:44:44', 'look:false'),
	(14503, 'admin', 56, '2016-04-05 11:46:40', 'hpUserName:wanghuiren,hpUserPw:qwe#123,hpContacts:王慧人,hpPhone:18918374658,hpEmail:wanghuiren@shtel.com.cn,hpUserType:1,hpCulster:2,customer.id:199,min:102400,minCPU:25,max:409600,maxCPU:100,maxApps:2,weight:1'),
	(14504, 'admin', 4, '2016-04-05 11:46:45', ''),
	(14505, 'admin', 74, '2016-04-05 11:47:54', ''),
	(14506, 'admin', 4, '2016-04-05 11:48:07', ''),
	(14507, 'admin', 74, '2016-04-05 11:48:25', ''),
	(14508, 'admin', 4, '2016-04-05 11:48:49', ''),
	(14509, 'admin', 24, '2016-04-05 11:48:52', 'id:8a82948a53ca8f090153e48785670000,look:false'),
	(14510, 'admin', 24, '2016-04-05 11:48:58', 'id:8a82948a53ca8f090153e48785670000,look:false'),
	(14511, 'admin', 24, '2016-04-05 11:49:01', 'id:8a82948a53ca8f090153e48785670000,look:true'),
	(14512, 'admin', 24, '2016-04-05 11:49:11', 'id:8a82948a53ca8f090153e48785670000,look:true'),
	(14513, 'admin', 24, '2016-04-05 11:49:15', 'id:8a82948a53ca8f090153e48785670000,look:false'),
	(14514, 'admin', 31, '2016-04-05 11:49:29', ''),
	(14515, 'admin', 33, '2016-04-05 11:49:52', 'username:gdpi,id:8a82948a517c90d201517cf711a00001'),
	(14516, 'admin', 35, '2016-04-05 11:49:55', 'username:gdpi,id:8a82948a517c90d201517cf711a00001'),
	(14517, 'admin', 4, '2016-04-05 11:50:03', ''),
	(14518, 'admin', 31, '2016-04-05 11:50:08', ''),
	(14519, 'admin', 33, '2016-04-05 11:50:43', 'username:final_test002,id:8a82948a51995da90151a9a0b1670002'),
	(14520, 'admin', 33, '2016-04-05 11:50:47', 'username:final_test002,id:8a82948a51995da90151a9a0b1670002'),
	(14521, 'admin', 35, '2016-04-05 11:50:51', 'username:final_test002,id:8a82948a51995da90151a9a0b1670002'),
	(14522, 'admin', 35, '2016-04-05 11:51:35', 'username:zxc_test2,id:8a82948a517cfbcf01517d01c4ef0000'),
	(14523, 'admin', 35, '2016-04-05 11:51:44', 'username:gdpi,id:8a82948a517c90d201517cf711a00001'),
	(14524, 'admin', 119, '2016-04-05 11:51:54', 'id:137'),
	(14525, 'admin', 35, '2016-04-05 11:52:02', 'username:gdpi,id:8a82948a517c90d201517cf711a00001'),
	(14526, 'admin', 35, '2016-04-05 11:52:05', 'username:default,id:55262513-eea0-4992-9c00-0e28de8c4712'),
	(14527, 'admin', 35, '2016-04-05 11:52:08', 'username:zxc_test2,id:8a82948a517cfbcf01517d01c4ef0000'),
	(14528, 'admin', 35, '2016-04-05 11:52:11', 'username:gdpi,id:8a82948a517c90d201517cf711a00001'),
	(14529, 'admin', 35, '2016-04-05 11:53:45', 'username:gdpi,id:8a82948a517c90d201517cf711a00001'),
	(14530, 'admin', 74, '2016-04-05 11:56:24', ''),
	(14531, 'admin', 31, '2016-04-05 11:58:16', ''),
	(14532, 'admin', 35, '2016-04-05 11:58:19', 'username:default,id:55262513-eea0-4992-9c00-0e28de8c4712'),
	(14533, 'admin', 74, '2016-04-05 11:58:33', ''),
	(14534, 'admin', 22, '2016-04-05 11:59:56', ''),
	(14535, 'admin', 23, '2016-04-05 11:59:59', ''),
	(14536, 'admin', 14, '2016-04-05 12:00:03', ''),
	(14537, 'admin', 44, '2016-04-05 12:00:09', ''),
	(14538, 'admin', 45, '2016-04-05 12:00:10', ''),
	(14539, 'admin', 50, '2016-04-05 12:00:26', ''),
	(14540, 'admin', 10, '2016-04-05 12:00:49', ''),
	(14541, 'admin', 51, '2016-04-05 12:01:14', ''),
	(14542, 'admin', 10, '2016-04-05 12:01:23', ''),
	(14543, 'admin', 51, '2016-04-05 12:01:26', ''),
	(14544, 'admin', 10, '2016-04-05 12:01:32', ''),
	(14545, 'admin', 51, '2016-04-05 12:01:55', ''),
	(14546, 'admin', 71, '2016-04-05 12:02:05', ''),
	(14547, 'admin', 8, '2016-04-05 12:02:14', ''),
	(14548, 'admin', 27, '2016-04-05 12:02:24', 'resourceId:12140,divId:groupUsers'),
	(14549, 'admin', 28, '2016-04-05 12:02:24', 'resourceId:12140,divId:otherUsers'),
	(14550, 'admin', 47, '2016-04-05 12:02:43', 'hadoopUserId:8a82948a51995da901521bd76b310003,resourceId:12140,_:1459829030669'),
	(14551, 'admin', 27, '2016-04-05 12:02:45', 'resourceId:12140,divId:groupUsers'),
	(14552, 'admin', 28, '2016-04-05 12:02:45', 'resourceId:12140,divId:otherUsers'),
	(14553, 'admin', 48, '2016-04-05 12:02:49', 'resourceId:12140,hadoopUserId:8a82948a51995da901521bd76b310003,_:1459829030670'),
	(14554, 'admin', 27, '2016-04-05 12:02:51', 'resourceId:12140,divId:groupUsers'),
	(14555, 'admin', 28, '2016-04-05 12:02:51', 'resourceId:12140,divId:otherUsers'),
	(14556, 'admin', 27, '2016-04-05 12:02:58', 'resourceId:12139,divId:groupUsers'),
	(14557, 'admin', 28, '2016-04-05 12:02:58', 'resourceId:12139,divId:otherUsers'),
	(14558, 'admin', 19, '2016-04-05 12:03:11', ''),
	(14559, 'admin', 25, '2016-04-05 12:03:14', 'resourceId:3569,divId:groupUsers'),
	(14560, 'admin', 26, '2016-04-05 12:03:14', 'resourceId:3569,divId:otherUsers'),
	(14561, 'admin', 112, '2016-04-05 12:03:26', ''),
	(14562, 'admin', 115, '2016-04-05 12:03:27', 'divId:hdfsList'),
	(14563, 'admin', 114, '2016-04-05 12:03:27', 'divId:dbList'),
	(14564, 'admin', 121, '2016-04-05 12:04:06', ''),
	(14565, 'admin', 122, '2016-04-05 12:04:13', 'param:1'),
	(14566, 'admin', 123, '2016-04-05 12:04:15', 'hadoopUserId:55262513-eea0-4992-9c00-0e28de8c4712'),
	(14567, 'admin', 123, '2016-04-05 12:04:17', 'hadoopUserId:8a82948a51995da90151a90faa8e0000'),
	(14568, 'admin', 123, '2016-04-05 12:04:29', 'hadoopUserId:8a82948a517c90d201517cf711a00001'),
	(14569, 'admin', 123, '2016-04-05 12:04:33', 'hadoopUserId:55262513-eea0-4992-9c00-0e28de8c4712'),
	(14570, 'admin', 123, '2016-04-05 12:04:35', 'hadoopUserId:8a82948a51995da90151a90faa8e0000'),
	(14571, 'admin', 123, '2016-04-05 12:04:37', 'hadoopUserId:8a82948a51995da90151a9a0b1670002'),
	(14572, 'admin', 123, '2016-04-05 12:04:40', 'hadoopUserId:8a82948a517c90d201517cf711a00001'),
	(14573, 'admin', 124, '2016-04-05 12:05:30', 'sourceClusterType:1,hadoopuser.id:8a82948a517c90d201517cf711a00001,sourceHdfs:12126,startTime:2016-02,endTime:2016-03,runCycle:6,targetClusterType:2,targetHdfsFolderName:/user/gdpi/public/sada_gdpi_adcookie'),
	(14574, 'admin', 121, '2016-04-05 12:05:30', ''),
	(14575, 'admin', 125, '2016-04-05 12:05:52', 'id:1'),
	(14576, 'admin', 121, '2016-04-05 12:05:52', ''),
	(14577, 'admin', 125, '2016-04-05 12:05:55', 'id:1'),
	(14578, 'admin', 121, '2016-04-05 12:05:55', ''),
	(14579, 'admin', 126, '2016-04-05 12:05:58', 'id:1'),
	(14580, 'admin', 121, '2016-04-05 12:05:58', ''),
	(14581, 'admin', 125, '2016-04-05 12:05:59', 'id:1'),
	(14582, 'admin', 121, '2016-04-05 12:05:59', ''),
	(14583, 'admin', 126, '2016-04-05 12:06:03', 'id:1'),
	(14584, 'admin', 121, '2016-04-05 12:06:03', ''),
	(14585, 'admin', 125, '2016-04-05 12:06:05', 'id:1'),
	(14586, 'admin', 121, '2016-04-05 12:06:05', ''),
	(14587, 'admin', 1, '2016-04-05 12:07:37', ''),
	(14588, 'admin', 3, '2016-04-05 12:07:43', ''),
	(14589, 'admin', 2, '2016-04-05 14:01:37', ''),
	(14590, 'admin', 13, '2016-04-05 14:01:45', ''),
	(14591, 'admin', 2, '2016-04-05 17:47:23', ''),
	(14592, 'admin', 2, '2016-04-05 17:47:31', ''),
	(14593, 'admin', 2, '2016-04-05 17:51:20', ''),
	(14594, 'admin', 2, '2016-04-05 17:57:36', ''),
	(14595, 'admin', 74, '2016-04-05 17:58:15', ''),
	(14596, 'admin', 2, '2016-04-05 17:59:47', ''),
	(14597, 'admin', 74, '2016-04-05 18:02:40', ''),
	(14598, 'admin', 2, '2016-04-05 18:05:34', ''),
	(14599, 'admin', 2, '2016-04-05 18:18:59', ''),
	(14600, 'admin', 31, '2016-04-05 18:19:12', ''),
	(14601, 'admin', 35, '2016-04-05 18:19:28', 'username:default,id:55262513-eea0-4992-9c00-0e28de8c4712'),
	(14602, 'admin', 35, '2016-04-05 18:19:41', 'username:meepo_test,id:8a82948a5185ad17015185ae7fa70000'),
	(14603, 'admin', 4, '2016-04-05 18:20:01', ''),
	(14604, 'admin', 74, '2016-04-05 18:20:12', ''),
	(14605, 'admin', 74, '2016-04-05 18:20:21', ''),
	(14606, 'admin', 4, '2016-04-05 18:20:43', ''),
	(14607, 'admin', 4, '2016-04-05 18:20:47', ''),
	(14608, 'admin', 4, '2016-04-05 18:20:56', ''),
	(14609, 'admin', 2, '2016-04-05 18:42:16', ''),
	(14610, 'admin', 31, '2016-04-05 18:42:32', ''),
	(14611, 'admin', 35, '2016-04-05 18:47:59', 'username:final_test001,id:8a82948a51995da90151a90faa8e0000'),
	(14612, 'admin', 2, '2016-04-05 18:53:48', ''),
	(14613, 'admin', 31, '2016-04-05 18:53:57', ''),
	(14614, 'admin', 74, '2016-04-05 18:54:06', ''),
	(14615, 'admin', 4, '2016-04-05 18:54:09', ''),
	(14616, 'admin', 121, '2016-04-05 18:56:47', ''),
	(14617, 'admin', 121, '2016-04-05 18:57:07', ''),
	(14618, 'admin', 74, '2016-04-05 18:57:23', ''),
	(14619, 'admin', 4, '2016-04-05 18:57:26', ''),
	(14620, 'admin', 2, '2016-04-05 19:00:19', ''),
	(14621, 'admin', 74, '2016-04-05 19:00:28', ''),
	(14622, 'admin', 75, '2016-04-05 19:00:47', 'id:199'),
	(14623, 'admin', 103, '2016-04-05 19:01:47', 'id:199,name:东方国信,company_telephone:02153427746,contact_name:王林,contact_mobile:18917263546,queueResourceMax:1024000,queueCpuMax:100,hdfsSpace:999999999,hdfsFileCount:999999,hadoopUserMax:100'),
	(14624, 'admin', 74, '2016-04-05 19:01:48', ''),
	(14625, 'admin', 75, '2016-04-05 19:01:52', 'id:199'),
	(14626, 'admin', 75, '2016-04-05 19:02:51', 'id:199'),
	(14627, 'admin', 4, '2016-04-05 19:02:55', ''),
	(14628, 'admin', 29, '2016-04-05 19:03:24', 'id:8a82948a53ca8f090153e48785670000,_:1459854271065'),
	(14629, 'admin', 4, '2016-04-05 19:03:26', ''),
	(14630, 'admin', 77, '2016-04-05 19:03:51', 'id:8a82948a53ca8f090153e48785670000,_:1459854302174'),
	(14631, 'admin', 4, '2016-04-05 19:03:53', ''),
	(14632, 'admin', 29, '2016-04-05 19:04:21', 'id:8a82948a53ca8f090153e48785670000,_:1459854329297'),
	(14633, 'admin', 4, '2016-04-05 19:04:25', ''),
	(14634, 'admin', 77, '2016-04-05 19:04:33', 'id:8a82948a53ca8f090153e48785670000,_:1459854360996'),
	(14635, 'admin', 4, '2016-04-05 19:04:34', ''),
	(14636, 'admin', 31, '2016-04-05 19:04:49', ''),
	(14637, 'admin', 35, '2016-04-05 19:04:52', 'username:default,id:55262513-eea0-4992-9c00-0e28de8c4712'),
	(14638, 'admin', 3, '2016-04-05 19:09:33', ''),
	(14639, 'admin', 6, '2016-04-05 19:09:50', ''),
	(14640, 'admin', 3, '2016-04-05 19:10:22', ''),
	(14641, 'admin', 4, '2016-04-05 19:10:36', ''),
	(14642, 'admin', 31, '2016-04-05 19:10:46', ''),
	(14643, 'admin', 4, '2016-04-05 19:10:58', ''),
	(14644, 'admin', 74, '2016-04-05 19:11:07', ''),
	(14645, 'admin', 75, '2016-04-05 19:11:11', 'id:199'),
	(14646, 'admin', 44, '2016-04-05 19:21:31', ''),
	(14647, 'admin', 45, '2016-04-05 19:21:32', ''),
	(14648, 'admin', 50, '2016-04-05 19:21:36', ''),
	(14649, 'admin', 10, '2016-04-05 19:21:40', ''),
	(14650, 'admin', 10, '2016-04-05 19:22:52', ''),
	(14651, 'admin', 10, '2016-04-05 19:22:57', ''),
	(14652, 'admin', 10, '2016-04-05 19:23:07', 'refresh:1'),
	(14653, 'admin', 19, '2016-04-05 19:23:29', ''),
	(14654, 'admin', 88, '2016-04-05 19:23:32', ''),
	(14655, 'admin', 19, '2016-04-05 19:23:32', ''),
	(14656, 'admin', 8, '2016-04-05 19:23:42', ''),
	(14657, 'admin', 50, '2016-04-05 19:23:48', ''),
	(14658, 'admin', 10, '2016-04-05 19:23:49', ''),
	(14659, 'admin', 10, '2016-04-05 19:23:52', 'refresh:1'),
	(14660, 'admin', 74, '2016-04-05 19:24:02', ''),
	(14661, 'admin', 4, '2016-04-05 19:24:04', ''),
	(14662, 'admin', 24, '2016-04-05 19:28:09', 'look:false'),
	(14663, 'admin', 2, '2016-04-05 19:33:08', ''),
	(14664, 'admin', 2, '2016-04-05 19:33:33', ''),
	(14665, 'admin', 31, '2016-04-05 19:33:36', ''),
	(14666, 'admin', 74, '2016-04-05 19:33:39', ''),
	(14667, 'admin', 75, '2016-04-05 19:33:43', 'id:199'),
	(14668, 'admin', 103, '2016-04-05 19:34:05', 'id:199,name:东方国信,company_telephone:02153427746,contact_name:王林,contact_mobile:18917263546,queueResourceMax:1024000,queueCpuMax:100,hdfsSpace:999,hdfsFileCount:999999,hadoopUserMax:100'),
	(14669, 'admin', 74, '2016-04-05 19:34:06', ''),
	(14670, 'admin', 75, '2016-04-05 19:34:12', 'id:199'),
	(14671, 'admin', 4, '2016-04-05 19:34:16', ''),
	(14672, 'admin', 8, '2016-04-05 19:34:20', ''),
	(14673, 'admin', 19, '2016-04-05 19:34:24', ''),
	(14674, 'admin', 112, '2016-04-05 19:34:31', ''),
	(14675, 'admin', 114, '2016-04-05 19:34:32', 'divId:dbList'),
	(14676, 'admin', 115, '2016-04-05 19:34:32', 'divId:hdfsList'),
	(14677, 'admin', 3, '2016-04-05 19:34:39', ''),
	(14678, 'admin', 6, '2016-04-05 19:34:41', ''),
	(14679, 'admin', 3, '2016-04-05 19:34:44', ''),
	(14680, 'admin', 3, '2016-04-05 19:34:59', 'page:2'),
	(14681, 'admin', 3, '2016-04-05 19:35:03', 'page:1'),
	(14682, 'admin', 22, '2016-04-05 19:35:07', ''),
	(14683, 'admin', 23, '2016-04-05 19:35:09', ''),
	(14684, 'admin', 22, '2016-04-05 19:35:11', ''),
	(14685, 'admin', 14, '2016-04-05 19:35:17', ''),
	(14686, 'admin', 44, '2016-04-05 19:35:20', ''),
	(14687, 'admin', 50, '2016-04-05 19:35:25', ''),
	(14688, 'admin', 10, '2016-04-05 19:35:31', ''),
	(14689, 'admin', 51, '2016-04-05 19:35:37', ''),
	(14690, 'admin', 71, '2016-04-05 19:35:41', ''),
	(14691, 'admin', 2, '2016-04-05 20:32:13', ''),
	(14692, 'admin', 2, '2016-04-05 20:34:24', ''),
	(14693, 'admin', 2, '2016-04-05 20:34:42', ''),
	(14694, 'admin', 2, '2016-04-05 20:35:28', ''),
	(14695, 'admin', 3, '2016-04-05 20:35:36', ''),
	(14696, 'admin', 6, '2016-04-05 20:35:47', ''),
	(14697, 'admin', 3, '2016-04-05 20:35:49', ''),
	(14698, 'admin', 3, '2016-04-05 20:36:16', 'page:2'),
	(14699, 'admin', 3, '2016-04-05 20:36:20', 'page:1'),
	(14700, 'admin', 3, '2016-04-05 20:36:22', 'page:2'),
	(14701, 'admin', 55, '2016-04-05 20:36:28', 'id:3563'),
	(14702, 'admin', 6, '2016-04-05 20:36:31', ''),
	(14703, 'admin', 3, '2016-04-05 20:37:01', ''),
	(14704, 'admin', 6, '2016-04-05 20:37:06', ''),
	(14705, 'admin', 3, '2016-04-05 20:37:12', ''),
	(14706, 'admin', 55, '2016-04-05 20:37:14', 'id:3579'),
	(14707, 'admin', 6, '2016-04-05 20:37:24', ''),
	(14708, 'admin', 3, '2016-04-05 20:37:37', ''),
	(14709, 'admin', 3, '2016-04-05 20:37:57', 'Q_LIKE_gsName:199'),
	(14710, 'admin', 5, '2016-04-05 20:38:00', 'id:61'),
	(14711, 'admin', 3, '2016-04-05 20:38:07', 'Q_LIKE_gsName:199'),
	(14712, 'admin', 6, '2016-04-05 20:38:09', ''),
	(14713, 'admin', 7, '2016-04-05 20:38:12', 'id:61'),
	(14714, 'admin', 6, '2016-04-05 20:38:25', 'Q_LIKE_gsName:199'),
	(14715, 'admin', 7, '2016-04-05 20:38:34', 'id:61'),
	(14716, 'admin', 7, '2016-04-05 20:38:46', 'id:61'),
	(14717, 'admin', 3, '2016-04-05 20:39:01', ''),
	(14718, 'admin', 5, '2016-04-05 20:39:05', 'id:61'),
	(14719, 'admin', 6, '2016-04-05 20:39:21', ''),
	(14720, 'admin', 22, '2016-04-05 20:39:23', ''),
	(14721, 'admin', 3, '2016-04-05 20:39:33', ''),
	(14722, 'admin', 5, '2016-04-05 20:39:52', 'id:61'),
	(14723, 'admin', 5, '2016-04-05 20:40:02', 'id:61'),
	(14724, 'admin', 6, '2016-04-05 20:40:16', ''),
	(14725, 'admin', 22, '2016-04-05 20:40:20', ''),
	(14726, 'admin', 23, '2016-04-05 20:40:22', ''),
	(14727, 'admin', 22, '2016-04-05 20:40:24', ''),
	(14728, 'admin', 6, '2016-04-05 20:40:28', ''),
	(14729, 'admin', 6, '2016-04-05 20:40:31', ''),
	(14730, 'admin', 111, '2016-04-05 20:40:34', ''),
	(14731, 'admin', 3, '2016-04-05 20:40:55', ''),
	(14732, 'admin', 6, '2016-04-05 20:41:01', ''),
	(14733, 'admin', 3, '2016-04-05 20:41:20', ''),
	(14734, 'admin', 22, '2016-04-05 20:41:32', ''),
	(14735, 'admin', 23, '2016-04-05 20:45:45', ''),
	(14736, 'admin', 22, '2016-04-05 20:45:47', ''),
	(14737, 'admin', 4, '2016-04-05 20:47:05', ''),
	(14738, 'admin', 30, '2016-04-05 20:47:38', 'id:8a82948a51995da90151a9a0b1670002,_:1459860521485'),
	(14739, 'admin', 4, '2016-04-05 20:47:43', ''),
	(14740, 'admin', 3, '2016-04-05 20:48:04', ''),
	(14741, 'admin', 6, '2016-04-05 20:48:14', ''),
	(14742, 'admin', 6, '2016-04-05 20:48:32', 'page:2'),
	(14743, 'admin', 3, '2016-04-05 20:49:08', ''),
	(14744, 'admin', 4, '2016-04-05 20:49:15', ''),
	(14745, 'admin', 30, '2016-04-05 20:49:36', 'id:8a82948a51995da9015307ea68000004,_:1459860651502'),
	(14746, 'admin', 4, '2016-04-05 20:49:37', ''),
	(14747, 'admin', 3, '2016-04-05 20:49:55', ''),
	(14748, 'admin', 3, '2016-04-05 20:50:04', 'page:2'),
	(14749, 'admin', 6, '2016-04-05 20:50:07', ''),
	(14750, 'admin', 3, '2016-04-05 20:50:14', ''),
	(14751, 'admin', 4, '2016-04-05 20:50:19', ''),
	(14752, 'admin', 74, '2016-04-05 20:51:21', ''),
	(14753, 'admin', 3, '2016-04-05 20:51:30', ''),
	(14754, 'admin', 4, '2016-04-05 20:51:34', ''),
	(14755, 'admin', 30, '2016-04-05 20:52:42', 'id:8a82948a517cfbcf01517d01c4ef0000,_:1459860790815'),
	(14756, 'admin', 4, '2016-04-05 20:52:43', ''),
	(14757, 'admin', 30, '2016-04-05 20:53:03', 'id:8a82948a5181053d0151845fc3be0000,_:1459860860337'),
	(14758, 'admin', 4, '2016-04-05 20:53:05', ''),
	(14759, 'admin', 30, '2016-04-05 20:53:25', 'id:8a82948a51995da90151a90faa8e0000,_:1459860882050'),
	(14760, 'admin', 4, '2016-04-05 20:53:27', ''),
	(14761, 'admin', 30, '2016-04-05 20:53:50', 'id:8a82948a53ca8f090153e48785670000,_:1459860904079'),
	(14762, 'admin', 4, '2016-04-05 20:53:52', ''),
	(14763, 'admin', 3, '2016-04-05 20:53:56', ''),
	(14764, 'admin', 8, '2016-04-05 20:54:05', ''),
	(14765, 'admin', 106, '2016-04-05 20:54:31', 'hdfsId:12135,name:/user/meepo_test/public/tttt'),
	(14766, 'admin', 8, '2016-04-05 20:54:41', ''),
	(14767, 'admin', 12, '2016-04-05 20:55:12', ''),
	(14768, 'admin', 4, '2016-04-05 20:55:29', ''),
	(14769, 'admin', 3, '2016-04-05 20:56:03', ''),
	(14770, 'admin', 6, '2016-04-05 20:56:06', ''),
	(14771, 'admin', 8, '2016-04-05 20:56:13', ''),
	(14772, 'admin', 106, '2016-04-05 20:56:19', 'hdfsId:12136,name:/user/gdpi/public/rrr'),
	(14773, 'admin', 8, '2016-04-05 20:56:27', ''),
	(14774, 'admin', 106, '2016-04-05 20:56:30', 'hdfsId:12136,name:/user/gdpi/public/rrr'),
	(14775, 'admin', 8, '2016-04-05 20:56:36', ''),
	(14776, 'admin', 106, '2016-04-05 20:56:40', 'hdfsId:12136,name:/user/gdpi/public/rrr'),
	(14777, 'admin', 8, '2016-04-05 20:56:47', ''),
	(14778, 'admin', 2, '2016-04-05 20:58:22', ''),
	(14779, 'admin', 19, '2016-04-05 20:58:48', ''),
	(14780, 'admin', 8, '2016-04-05 20:59:00', ''),
	(14781, 'admin', 19, '2016-04-05 20:59:02', ''),
	(14782, 'admin', 11, '2016-04-05 21:01:34', ''),
	(14783, 'admin', 40, '2016-04-05 21:01:42', 'parentId:27'),
	(14784, 'admin', 40, '2016-04-05 21:01:45', 'parentId:27'),
	(14785, 'admin', 40, '2016-04-05 21:01:48', 'parentId:27'),
	(14786, 'admin', 11, '2016-04-05 21:01:52', ''),
	(14787, 'admin', 40, '2016-04-05 21:01:54', 'parentId:51'),
	(14788, 'admin', 40, '2016-04-05 21:01:55', 'parentId:113'),
	(14789, 'admin', 38, '2016-04-05 21:01:59', 'rel:parentFormId,id:147'),
	(14790, 'admin', 40, '2016-04-05 21:01:59', 'parentId:128'),
	(14791, 'admin', 38, '2016-04-05 21:02:10', 'rel:parentFormId,id:147'),
	(14792, 'admin', 38, '2016-04-05 21:02:25', 'rel:parentFormId,id:139'),
	(14793, 'admin', 38, '2016-04-05 21:02:41', 'rel:parentFormId,id:128'),
	(14794, 'admin', 19, '2016-04-05 21:02:41', ''),
	(14795, 'admin', 8, '2016-04-05 21:02:43', ''),
	(14796, 'admin', 38, '2016-04-05 21:02:43', 'rel:parentFormId,id:113'),
	(14797, 'admin', 106, '2016-04-05 21:02:47', 'hdfsId:12136,name:/user/gdpi/public/rrr'),
	(14798, 'admin', 78, '2016-04-05 21:02:57', 'hdfsId:12136,password:12345'),
	(14799, 'admin', 8, '2016-04-05 21:02:59', ''),
	(14800, 'admin', 12, '2016-04-05 21:03:17', ''),
	(14801, 'admin', 52, '2016-04-05 21:03:22', ''),
	(14802, 'admin', 13, '2016-04-05 21:03:25', ''),
	(14803, 'admin', 72, '2016-04-05 21:03:36', 'id:126'),
	(14804, 'admin', 72, '2016-04-05 21:06:18', 'id:126'),
	(14805, 'admin', 72, '2016-04-05 21:06:46', 'id:126'),
	(14806, 'admin', 3, '2016-04-05 21:07:52', ''),
	(14807, 'admin', 5, '2016-04-05 21:07:56', 'id:61'),
	(14808, 'admin', 5, '2016-04-05 21:07:58', 'id:199'),
	(14809, 'admin', 5, '2016-04-05 21:08:01', 'id:61'),
	(14810, 'admin', 5, '2016-04-05 21:08:02', 'id:199'),
	(14811, 'admin', 5, '2016-04-05 21:08:06', 'id:61'),
	(14812, 'admin', 3, '2016-04-05 21:08:10', 'Q_LIKE_gsName:61,Q_LIKE_id:8a82948a51995da901521bd76b310003'),
	(14813, 'admin', 8, '2016-04-05 21:08:14', ''),
	(14814, 'admin', 19, '2016-04-05 21:08:17', ''),
	(14815, 'admin', 112, '2016-04-05 21:08:19', ''),
	(14816, 'admin', 115, '2016-04-05 21:08:20', 'divId:hdfsList'),
	(14817, 'admin', 114, '2016-04-05 21:08:20', 'divId:dbList'),
	(14818, 'admin', 121, '2016-04-05 21:08:22', ''),
	(14819, 'admin', 122, '2016-04-05 21:08:27', 'param:1'),
	(14820, 'admin', 123, '2016-04-05 21:08:28', 'hadoopUserId:55262513-eea0-4992-9c00-0e28de8c4712'),
	(14821, 'admin', 122, '2016-04-05 21:08:30', 'param:2'),
	(14822, 'admin', 123, '2016-04-05 21:08:32', 'hadoopUserId:8a82948a51995da901521bd76b310003'),
	(14823, 'admin', 121, '2016-04-05 21:08:35', ''),
	(14824, 'admin', 112, '2016-04-05 21:08:37', ''),
	(14825, 'admin', 115, '2016-04-05 21:08:38', 'divId:hdfsList'),
	(14826, 'admin', 114, '2016-04-05 21:08:38', 'divId:dbList'),
	(14827, 'admin', 74, '2016-04-05 21:08:41', ''),
	(14828, 'admin', 4, '2016-04-05 21:08:44', ''),
	(14829, 'admin', 31, '2016-04-05 21:08:59', ''),
	(14830, 'admin', 32, '2016-04-05 21:09:02', ''),
	(14831, 'admin', 4, '2016-04-05 21:10:22', ''),
	(14832, 'admin', 30, '2016-04-05 21:10:41', 'id:55262513-eea0-4992-9c00-0e28de8c4712,_:1459861917442'),
	(14833, 'admin', 4, '2016-04-05 21:10:43', ''),
	(14834, 'admin', 31, '2016-04-05 21:10:46', ''),
	(14835, 'admin', 32, '2016-04-05 21:10:47', ''),
	(14836, 'admin', 87, '2016-04-05 21:10:49', ''),
	(14837, 'admin', 3, '2016-04-05 21:10:52', ''),
	(14838, 'admin', 5, '2016-04-05 21:10:55', 'id:61'),
	(14839, 'admin', 5, '2016-04-05 21:10:59', 'id:199'),
	(14840, 'admin', 3, '2016-04-05 21:11:05', 'page:2'),
	(14841, 'admin', 3, '2016-04-05 21:11:09', 'page:1'),
	(14842, 'admin', 6, '2016-04-05 21:11:13', ''),
	(14843, 'admin', 6, '2016-04-05 21:11:15', ''),
	(14844, 'admin', 7, '2016-04-05 21:11:19', 'id:61'),
	(14845, 'admin', 6, '2016-04-05 21:11:23', 'Q_LIKE_gsName:61,Q_LIKE_id:8a82948a517c90d201517cf711a00001'),
	(14846, 'admin', 7, '2016-04-05 21:11:25', 'id:199'),
	(14847, 'admin', 22, '2016-04-05 21:11:28', ''),
	(14848, 'admin', 23, '2016-04-05 21:11:34', ''),
	(14849, 'admin', 8, '2016-04-05 21:11:40', ''),
	(14850, 'admin', 44, '2016-04-05 21:11:55', ''),
	(14851, 'admin', 45, '2016-04-05 21:11:56', ''),
	(14852, 'admin', 50, '2016-04-05 21:11:57', ''),
	(14853, 'admin', 10, '2016-04-05 21:11:58', ''),
	(14854, 'admin', 10, '2016-04-05 21:12:01', 'refresh:1'),
	(14855, 'admin', 8, '2016-04-05 21:12:46', ''),
	(14856, 'admin', 106, '2016-04-05 21:12:51', 'hdfsId:12135,name:/user/meepo_test/public/tttt'),
	(14857, 'admin', 78, '2016-04-05 21:13:01', 'hdfsId:12135,password:12345'),
	(14858, 'admin', 8, '2016-04-05 21:13:02', ''),
	(14859, 'admin', 10, '2016-04-05 21:13:20', 'refresh:1'),
	(14860, 'admin', 6, '2016-04-05 21:13:38', ''),
	(14861, 'admin', 6, '2016-04-05 21:13:42', 'page:2'),
	(14862, 'admin', 3, '2016-04-05 21:15:02', ''),
	(14863, 'admin', 55, '2016-04-05 21:15:13', 'id:3578'),
	(14864, 'admin', 3, '2016-04-05 21:21:36', 'page:2'),
	(14865, 'admin', 3, '2016-04-05 21:21:38', 'page:1'),
	(14866, 'admin', 112, '2016-04-05 21:21:42', ''),
	(14867, 'admin', 115, '2016-04-05 21:21:42', 'divId:hdfsList'),
	(14868, 'admin', 114, '2016-04-05 21:21:43', 'divId:dbList'),
	(14869, 'admin', 8, '2016-04-05 21:22:03', ''),
	(14870, 'admin', 92, '2016-04-05 21:22:10', ''),
	(14871, 'admin', 8, '2016-04-05 21:22:12', ''),
	(14872, 'admin', 112, '2016-04-05 21:22:15', ''),
	(14873, 'admin', 115, '2016-04-05 21:22:15', 'divId:hdfsList'),
	(14874, 'admin', 114, '2016-04-05 21:22:15', 'divId:dbList'),
	(14875, 'admin', 8, '2016-04-05 21:22:26', ''),
	(14876, 'admin', 10, '2016-04-05 21:23:00', 'refresh:1'),
	(14877, 'admin', 51, '2016-04-05 21:23:03', ''),
	(14878, 'admin', 71, '2016-04-05 21:23:05', ''),
	(14879, 'admin', 51, '2016-04-05 21:23:09', ''),
	(14880, 'admin', 51, '2016-04-05 21:23:14', 'page:2'),
	(14881, 'admin', 3, '2016-04-05 21:23:29', ''),
	(14882, 'admin', 3, '2016-04-05 21:23:29', ''),
	(14883, 'admin', 110, '2016-04-05 21:23:32', ''),
	(14884, 'admin', 3, '2016-04-05 21:23:34', ''),
	(14885, 'admin', 112, '2016-04-05 21:23:43', ''),
	(14886, 'admin', 115, '2016-04-05 21:23:43', 'divId:hdfsList'),
	(14887, 'admin', 114, '2016-04-05 21:23:43', 'divId:dbList'),
	(14888, 'admin', 10, '2016-04-05 21:23:46', ''),
	(14889, 'admin', 51, '2016-04-05 21:23:49', ''),
	(14890, 'admin', 51, '2016-04-05 21:24:19', 'page:2'),
	(14891, 'admin', 51, '2016-04-05 21:24:25', 'page:1'),
	(14892, 'admin', 6, '2016-04-05 21:24:41', ''),
	(14893, 'admin', 6, '2016-04-05 21:24:44', ''),
	(14894, 'admin', 111, '2016-04-05 21:24:47', ''),
	(14895, 'admin', 6, '2016-04-05 21:25:04', 'page:2'),
	(14896, 'admin', 6, '2016-04-05 21:25:16', 'page:1'),
	(14897, 'admin', 6, '2016-04-05 21:25:20', 'page:2'),
	(14898, 'admin', 6, '2016-04-05 21:25:24', 'page:1'),
	(14899, 'admin', 44, '2016-04-05 21:25:33', ''),
	(14900, 'admin', 45, '2016-04-05 21:25:34', ''),
	(14901, 'admin', 50, '2016-04-05 21:25:35', ''),
	(14902, 'admin', 10, '2016-04-05 21:25:37', ''),
	(14903, 'admin', 51, '2016-04-05 21:25:54', ''),
	(14904, 'admin', 74, '2016-04-05 21:27:21', ''),
	(14905, 'admin', 4, '2016-04-05 21:27:24', ''),
	(14906, 'admin', 30, '2016-04-05 21:27:48', 'id:8a82948a5185ad17015185ae7fa70000,_:1459862938886'),
	(14907, 'admin', 4, '2016-04-05 21:28:16', ''),
	(14908, 'admin', 74, '2016-04-05 21:28:22', ''),
	(14909, 'admin', 22, '2016-04-05 21:28:29', ''),
	(14910, 'admin', 22, '2016-04-05 21:28:30', ''),
	(14911, 'admin', 14, '2016-04-05 21:28:33', ''),
	(14912, 'admin', 3, '2016-04-05 21:28:37', ''),
	(14913, 'admin', 110, '2016-04-05 21:28:39', ''),
	(14914, 'admin', 3, '2016-04-05 21:28:40', ''),
	(14915, 'admin', 6, '2016-04-05 21:28:42', ''),
	(14916, 'admin', 6, '2016-04-05 21:28:45', ''),
	(14917, 'admin', 44, '2016-04-05 21:28:55', ''),
	(14918, 'admin', 45, '2016-04-05 21:28:56', ''),
	(14919, 'admin', 50, '2016-04-05 21:28:58', ''),
	(14920, 'admin', 10, '2016-04-05 21:29:01', ''),
	(14921, 'admin', 51, '2016-04-05 21:30:15', ''),
	(14922, 'admin', 10, '2016-04-05 21:31:34', ''),
	(14923, 'admin', 50, '2016-04-05 21:31:39', ''),
	(14924, 'admin', 44, '2016-04-05 21:31:41', ''),
	(14925, 'admin', 45, '2016-04-05 21:31:41', ''),
	(14926, 'admin', 71, '2016-04-05 21:31:44', ''),
	(14927, 'admin', 121, '2016-04-05 21:31:49', ''),
	(14928, 'admin', 112, '2016-04-05 21:31:52', ''),
	(14929, 'admin', 114, '2016-04-05 21:31:52', 'divId:dbList'),
	(14930, 'admin', 115, '2016-04-05 21:31:52', 'divId:hdfsList'),
	(14931, 'admin', 121, '2016-04-05 21:31:54', ''),
	(14932, 'admin', 122, '2016-04-05 21:31:57', 'param:1'),
	(14933, 'admin', 123, '2016-04-05 21:31:59', 'hadoopUserId:8a82948a51995da901521bd76b310003'),
	(14934, 'admin', 124, '2016-04-05 21:33:07', 'sourceClusterType.id:1,hadoopuser.id:8a82948a51995da901521bd76b310003,sourceHdfs:12143,startTime:2016-04-03,endTime:2016-04-21,run:2015-12,runCycle:3,targetClusterType.id:2,targetHdfsFolderName:/user/delos/private/mdnclick'),
	(14935, 'admin', 121, '2016-04-05 21:33:07', ''),
	(14936, 'admin', 127, '2016-04-05 21:33:12', 'id:1'),
	(14937, 'admin', 121, '2016-04-05 21:33:12', ''),
	(14938, 'admin', 44, '2016-04-05 21:33:24', ''),
	(14939, 'admin', 45, '2016-04-05 21:33:25', ''),
	(14940, 'admin', 50, '2016-04-05 21:33:26', ''),
	(14941, 'admin', 10, '2016-04-05 21:34:54', ''),
	(14942, 'admin', 51, '2016-04-05 21:34:59', ''),
	(14943, 'admin', 71, '2016-04-05 21:35:04', ''),
	(14944, 'admin', 51, '2016-04-05 21:35:06', ''),
	(14945, 'admin', 10, '2016-04-05 21:36:58', ''),
	(14946, 'admin', 50, '2016-04-05 21:37:00', ''),
	(14947, 'admin', 8, '2016-04-05 21:37:06', ''),
	(14948, 'admin', 92, '2016-04-05 21:37:13', ''),
	(14949, 'admin', 8, '2016-04-05 21:37:18', ''),
	(14950, 'admin', 19, '2016-04-05 21:37:19', ''),
	(14951, 'admin', 74, '2016-04-05 21:37:40', ''),
	(14952, 'admin', 4, '2016-04-05 21:37:42', ''),
	(14953, 'admin', 31, '2016-04-05 21:37:48', ''),
	(14954, 'admin', 32, '2016-04-05 21:37:48', ''),
	(14955, 'admin', 35, '2016-04-05 21:37:52', 'username:gdpi,id:8a82948a517c90d201517cf711a00001'),
	(14956, 'admin', 35, '2016-04-05 21:37:56', 'username:sample1,id:8a82948a51995da90151a957ee680001'),
	(14957, 'admin', 35, '2016-04-05 21:38:01', 'username:delos,id:8a82948a51995da901521bd76b310003'),
	(14958, 'admin', 3, '2016-04-05 21:40:25', ''),
	(14959, 'admin', 5, '2016-04-05 21:40:29', 'id:61'),
	(14960, 'admin', 5, '2016-04-05 21:40:40', 'id:61'),
	(14961, 'admin', 5, '2016-04-05 21:40:46', 'id:199'),
	(14962, 'admin', 5, '2016-04-05 21:41:13', 'id:61'),
	(14963, 'admin', 5, '2016-04-05 21:46:57', 'id:199'),
	(14964, 'admin', 5, '2016-04-05 21:46:59', 'id:61'),
	(14965, 'admin', 32, '2016-04-05 21:47:05', 'companyId:61'),
	(14966, 'admin', 32, '2016-04-05 21:47:14', ''),
	(14967, 'admin', 3, '2016-04-05 21:47:34', ''),
	(14968, 'admin', 5, '2016-04-05 21:47:37', 'id:61'),
	(14969, 'admin', 5, '2016-04-05 21:47:45', 'id:61'),
	(14970, 'admin', 5, '2016-04-05 21:47:47', 'id:199'),
	(14971, 'admin', 8, '2016-04-05 21:47:52', ''),
	(14972, 'admin', 3, '2016-04-05 21:48:00', ''),
	(14973, 'admin', 5, '2016-04-05 21:48:08', 'id:61'),
	(14974, 'admin', 6, '2016-04-05 21:48:13', ''),
	(14975, 'admin', 7, '2016-04-05 21:48:15', 'id:61'),
	(14976, 'admin', 7, '2016-04-05 21:51:14', 'id:61'),
	(14977, 'admin', 8, '2016-04-05 21:59:49', ''),
	(14978, 'admin', 19, '2016-04-05 21:59:53', ''),
	(14979, 'admin', 112, '2016-04-05 21:59:55', ''),
	(14980, 'admin', 115, '2016-04-05 21:59:56', 'divId:hdfsList'),
	(14981, 'admin', 114, '2016-04-05 21:59:56', 'divId:dbList'),
	(14982, 'admin', 121, '2016-04-05 21:59:58', ''),
	(14983, 'admin', 4, '2016-04-05 22:00:01', ''),
	(14984, 'admin', 74, '2016-04-05 22:00:09', ''),
	(14985, 'admin', 4, '2016-04-05 22:00:12', ''),
	(14986, 'admin', 74, '2016-04-05 22:00:26', ''),
	(14987, 'admin', 4, '2016-04-05 22:00:28', ''),
	(14988, 'admin', 74, '2016-04-05 22:00:39', ''),
	(14989, 'admin', 75, '2016-04-05 22:00:43', 'id:61'),
	(14990, 'admin', 103, '2016-04-05 22:01:49', 'id:61,name:上海理想信息产业（集团）有限公司,company_telephone:0,contact_name:张弛,contact_mobile:18918726543,queueResourceMax:1024000,queueCpuMax:100,hdfsSpace:100,hdfsFileCount:9999,hadoopUserMax:10,email:zhangchi@shtel.com.cn,address:0,legal_person:0,business_number:0,remark:0'),
	(14991, 'admin', 74, '2016-04-05 22:01:49', ''),
	(14992, 'admin', 4, '2016-04-05 22:01:55', ''),
	(14993, 'admin', 29, '2016-04-05 22:02:04', 'id:8a82948a517c90d201517cf711a00001,_:1459865012038'),
	(14994, 'admin', 4, '2016-04-05 22:02:05', ''),
	(14995, 'admin', 77, '2016-04-05 22:02:13', 'id:8a82948a517c90d201517cf711a00001,_:1459865022434'),
	(14996, 'admin', 4, '2016-04-05 22:02:14', ''),
	(14997, 'admin', 74, '2016-04-05 22:02:18', ''),
	(14998, 'admin', 8, '2016-04-05 22:02:20', ''),
	(14999, 'admin', 19, '2016-04-05 22:02:22', ''),
	(15000, 'admin', 112, '2016-04-05 22:02:24', ''),
	(15001, 'admin', 115, '2016-04-05 22:02:25', 'divId:hdfsList'),
	(15002, 'admin', 114, '2016-04-05 22:02:25', 'divId:dbList'),
	(15003, 'admin', 44, '2016-04-05 22:02:27', ''),
	(15004, 'admin', 45, '2016-04-05 22:02:27', ''),
	(15005, 'admin', 50, '2016-04-05 22:02:28', ''),
	(15006, 'admin', 10, '2016-04-05 22:02:31', ''),
	(15007, 'admin', 51, '2016-04-05 22:02:40', ''),
	(15008, 'admin', 50, '2016-04-05 22:02:43', ''),
	(15009, 'admin', 44, '2016-04-05 22:02:45', ''),
	(15010, 'admin', 45, '2016-04-05 22:02:46', ''),
	(15011, 'admin', 50, '2016-04-05 22:02:55', ''),
	(15012, 'admin', 44, '2016-04-05 22:03:01', ''),
	(15013, 'admin', 45, '2016-04-05 22:03:02', ''),
	(15014, 'admin', 50, '2016-04-05 22:03:03', ''),
	(15015, 'admin', 10, '2016-04-05 22:03:16', ''),
	(15016, 'admin', 51, '2016-04-05 22:06:01', ''),
	(15017, 'admin', 10, '2016-04-05 22:06:04', ''),
	(15018, 'admin', 51, '2016-04-05 22:07:09', ''),
	(15019, 'admin', 51, '2016-04-05 22:07:27', 'page:2'),
	(15020, 'admin', 3, '2016-04-05 22:08:57', ''),
	(15021, 'admin', 5, '2016-04-05 22:09:01', 'id:61'),
	(15022, 'admin', 5, '2016-04-05 22:09:05', 'id:199'),
	(15023, 'admin', 5, '2016-04-05 22:09:09', 'id:61'),
	(15024, 'admin', 55, '2016-04-05 22:09:30', 'id:3578'),
	(15025, 'admin', 55, '2016-04-05 22:09:40', 'id:3578'),
	(15026, 'admin', 113, '2016-04-05 22:09:52', 'id:3578,hpBusiType:哈哈'),
	(15027, 'admin', 3, '2016-04-05 22:09:52', ''),
	(15028, 'admin', 55, '2016-04-05 22:09:55', 'id:3578'),
	(15029, 'admin', 113, '2016-04-05 22:10:05', 'id:3578,hpBusiType:样例'),
	(15030, 'admin', 3, '2016-04-05 22:10:05', ''),
	(15031, 'admin', 82, '2016-04-05 22:10:56', 'id:3578'),
	(15032, 'admin', 6, '2016-04-05 22:11:03', ''),
	(15033, 'admin', 3, '2016-04-05 22:11:24', ''),
	(15034, 'admin', 110, '2016-04-05 22:11:26', ''),
	(15035, 'admin', 3, '2016-04-05 22:11:27', ''),
	(15036, 'admin', 3, '2016-04-05 22:11:42', ''),
	(15037, 'admin', 110, '2016-04-05 22:11:44', ''),
	(15038, 'admin', 3, '2016-04-05 22:11:46', ''),
	(15039, 'admin', 6, '2016-04-05 22:11:48', ''),
	(15040, 'admin', 6, '2016-04-05 22:11:50', ''),
	(15041, 'admin', 111, '2016-04-05 22:11:53', ''),
	(15042, 'admin', 3, '2016-04-05 22:12:11', ''),
	(15043, 'admin', 110, '2016-04-05 22:12:13', ''),
	(15044, 'admin', 3, '2016-04-05 22:12:15', ''),
	(15045, 'admin', 6, '2016-04-05 22:12:25', ''),
	(15046, 'admin', 3, '2016-04-05 22:12:26', ''),
	(15047, 'admin', 22, '2016-04-05 22:12:28', ''),
	(15048, 'admin', 22, '2016-04-05 22:17:27', ''),
	(15049, 'admin', 3, '2016-04-05 22:17:32', ''),
	(15050, 'admin', 3, '2016-04-05 22:17:39', 'page:2'),
	(15051, 'admin', 3, '2016-04-05 22:17:42', 'page:1'),
	(15052, 'admin', 8, '2016-04-05 22:19:59', ''),
	(15053, 'admin', 19, '2016-04-05 22:20:04', ''),
	(15054, 'admin', 8, '2016-04-05 22:20:18', ''),
	(15055, 'admin', 4, '2016-04-05 22:21:09', ''),
	(15056, 'admin', 3, '2016-04-05 22:21:14', ''),
	(15057, 'admin', 6, '2016-04-05 22:21:17', ''),
	(15058, 'admin', 2, '2016-04-05 22:53:30', ''),
	(15059, 'admin', 3, '2016-04-05 22:53:50', ''),
	(15060, 'admin', 110, '2016-04-05 22:53:52', ''),
	(15061, 'admin', 3, '2016-04-05 22:53:54', ''),
	(15062, 'admin', 6, '2016-04-05 22:54:00', ''),
	(15063, 'admin', 74, '2016-04-05 22:57:46', ''),
	(15064, 'admin', 4, '2016-04-05 22:57:49', ''),
	(15065, 'admin', 2, '2016-04-05 22:58:15', ''),
	(15066, 'admin', 3, '2016-04-05 22:58:18', ''),
	(15067, 'admin', 74, '2016-04-05 22:58:34', ''),
	(15068, 'admin', 4, '2016-04-05 22:58:36', ''),
	(15069, 'admin', 74, '2016-04-05 22:58:42', ''),
	(15070, 'admin', 4, '2016-04-05 22:58:45', ''),
	(15071, 'admin', 74, '2016-04-05 22:58:46', ''),
	(15072, 'admin', 4, '2016-04-05 22:58:50', ''),
	(15073, 'admin', 74, '2016-04-05 22:58:54', ''),
	(15074, 'admin', 8, '2016-04-05 22:58:59', ''),
	(15075, 'admin', 19, '2016-04-05 22:59:11', ''),
	(15076, 'admin', 8, '2016-04-05 22:59:14', ''),
	(15077, 'admin', 10, '2016-04-05 23:01:37', ''),
	(15078, 'admin', 51, '2016-04-05 23:01:41', ''),
	(15079, 'admin', 10, '2016-04-05 23:01:44', ''),
	(15080, 'admin', 51, '2016-04-05 23:02:19', ''),
	(15081, 'admin', 10, '2016-04-05 23:03:28', ''),
	(15082, 'admin', 71, '2016-04-05 23:03:59', ''),
	(15083, 'admin', 51, '2016-04-05 23:04:44', ''),
	(15084, 'admin', 51, '2016-04-05 23:04:45', ''),
	(15085, 'admin', 10, '2016-04-05 23:04:47', ''),
	(15086, 'admin', 10, '2016-04-05 23:04:49', ''),
	(15087, 'admin', 10, '2016-04-05 23:05:55', ''),
	(15088, 'admin', 51, '2016-04-05 23:06:01', ''),
	(15089, 'admin', 50, '2016-04-05 23:06:24', ''),
	(15090, 'admin', 44, '2016-04-05 23:06:27', ''),
	(15091, 'admin', 45, '2016-04-05 23:06:28', ''),
	(15092, 'admin', 71, '2016-04-05 23:06:29', ''),
	(15093, 'admin', 51, '2016-04-05 23:06:32', ''),
	(15094, 'admin', 74, '2016-04-05 23:06:37', ''),
	(15095, 'admin', 4, '2016-04-05 23:06:40', ''),
	(15096, 'admin', 8, '2016-04-05 23:06:52', ''),
	(15097, 'admin', 8, '2016-04-05 23:10:23', ''),
	(15098, 'admin', 8, '2016-04-05 23:11:06', ''),
	(15099, 'admin', 8, '2016-04-05 23:11:10', ''),
	(15100, 'admin', 6, '2016-04-05 23:11:20', ''),
	(15101, 'admin', 3, '2016-04-05 23:11:27', ''),
	(15102, 'admin', 3, '2016-04-05 23:13:28', ''),
	(15103, 'admin', 2, '2016-04-05 23:16:32', ''),
	(15104, 'admin', 8, '2016-04-05 23:16:36', ''),
	(15105, 'admin', 19, '2016-04-05 23:17:40', ''),
	(15106, 'admin', 8, '2016-04-05 23:17:42', ''),
	(15107, 'admin', 3, '2016-04-05 23:18:04', ''),
	(15108, 'admin', 8, '2016-04-05 23:19:39', ''),
	(15109, 'admin', 8, '2016-04-05 23:20:43', ''),
	(15110, 'admin', 19, '2016-04-05 23:20:54', ''),
	(15111, 'admin', 19, '2016-04-05 23:21:40', ''),
	(15112, 'admin', 112, '2016-04-05 23:22:05', ''),
	(15113, 'admin', 115, '2016-04-05 23:22:06', 'divId:hdfsList'),
	(15114, 'admin', 114, '2016-04-05 23:22:06', 'divId:dbList'),
	(15115, 'admin', 19, '2016-04-05 23:22:08', ''),
	(15116, 'admin', 8, '2016-04-05 23:22:37', ''),
	(15117, 'admin', 74, '2016-04-05 23:23:15', ''),
	(15118, 'admin', 3, '2016-04-05 23:23:18', ''),
	(15119, 'admin', 8, '2016-04-05 23:23:28', ''),
	(15120, 'admin', 27, '2016-04-05 23:23:33', 'resourceId:12139,divId:groupUsers'),
	(15121, 'admin', 28, '2016-04-05 23:23:33', 'resourceId:12139,divId:otherUsers'),
	(15122, 'admin', 112, '2016-04-05 23:23:57', ''),
	(15123, 'admin', 115, '2016-04-05 23:23:57', 'divId:hdfsList'),
	(15124, 'admin', 114, '2016-04-05 23:23:57', 'divId:dbList'),
	(15125, 'admin', 121, '2016-04-05 23:23:59', ''),
	(15126, 'admin', 74, '2016-04-05 23:24:16', ''),
	(15127, 'admin', 74, '2016-04-05 23:24:18', ''),
	(15128, 'admin', 4, '2016-04-05 23:24:20', ''),
	(15129, 'admin', 8, '2016-04-05 23:31:19', ''),
	(15130, 'admin', 27, '2016-04-05 23:31:55', 'resourceId:12139,divId:groupUsers'),
	(15131, 'admin', 28, '2016-04-05 23:31:55', 'resourceId:12139,divId:otherUsers'),
	(15132, 'admin', 15, '2016-04-05 23:32:01', 'rel:dirForm'),
	(15133, 'admin', 15, '2016-04-05 23:32:35', 'rel:dirForm'),
	(15134, 'admin', 46, '2016-04-05 23:33:52', 'hpFolderName:/user/sample1/public/test_a,hadoopUser.id:8a82948a51995da90151a957ee680001,hpHdfsType:aa,hpHdfsTag:aa,hpRemarks:test'),
	(15135, 'admin', 9, '2016-04-05 23:33:55', ''),
	(15136, 'admin', 106, '2016-04-05 23:33:59', 'hdfsId:12153,name:/user/sample1/public//user/sample1/public/test_a'),
	(15137, 'admin', 106, '2016-04-05 23:34:41', 'hdfsId:12153,name:/user/sample1/public//user/sample1/public/test_a'),
	(15138, 'admin', 8, '2016-04-05 23:36:22', ''),
	(15139, 'admin', 15, '2016-04-05 23:36:26', 'rel:dirForm'),
	(15140, 'admin', 46, '2016-04-05 23:36:57', 'hpFolderName:test_a,hadoopUser.id:8a82948a51995da90151a957ee680001,hpHdfsType:aa,hpHdfsTag:aa,hpRemarks:test'),
	(15141, 'admin', 9, '2016-04-05 23:36:59', ''),
	(15142, 'admin', 74, '2016-04-05 23:37:34', ''),
	(15143, 'admin', 4, '2016-04-05 23:37:35', ''),
	(15144, 'admin', 121, '2016-04-05 23:37:46', ''),
	(15145, 'admin', 112, '2016-04-05 23:37:49', ''),
	(15146, 'admin', 115, '2016-04-05 23:37:49', 'divId:hdfsList'),
	(15147, 'admin', 114, '2016-04-05 23:37:49', 'divId:dbList'),
	(15148, 'admin', 6, '2016-04-05 23:38:00', ''),
	(15149, 'admin', 6, '2016-04-05 23:38:02', ''),
	(15150, 'admin', 111, '2016-04-05 23:38:05', ''),
	(15151, 'admin', 112, '2016-04-05 23:38:07', ''),
	(15152, 'admin', 115, '2016-04-05 23:38:08', 'divId:hdfsList'),
	(15153, 'admin', 114, '2016-04-05 23:38:08', 'divId:dbList'),
	(15154, 'admin', 8, '2016-04-05 23:38:22', ''),
	(15155, 'admin', 19, '2016-04-05 23:38:46', ''),
	(15156, 'admin', 8, '2016-04-05 23:38:48', ''),
	(15157, 'admin', 87, '2016-04-05 23:38:55', ''),
	(15158, 'admin', 8, '2016-04-05 23:39:01', ''),
	(15159, 'admin', 15, '2016-04-05 23:39:08', 'rel:dirForm'),
	(15160, 'admin', 8, '2016-04-05 23:39:58', ''),
	(15161, 'admin', 15, '2016-04-05 23:39:59', 'rel:dirForm'),
	(15162, 'admin', 8, '2016-04-05 23:40:02', ''),
	(15163, 'admin', 19, '2016-04-05 23:40:04', ''),
	(15164, 'admin', 8, '2016-04-05 23:40:06', ''),
	(15165, 'admin', 112, '2016-04-05 23:40:08', ''),
	(15166, 'admin', 115, '2016-04-05 23:40:09', 'divId:hdfsList'),
	(15167, 'admin', 114, '2016-04-05 23:40:09', 'divId:dbList'),
	(15168, 'admin', 19, '2016-04-05 23:40:13', ''),
	(15169, 'admin', 8, '2016-04-05 23:40:14', ''),
	(15170, 'admin', 15, '2016-04-05 23:40:17', 'rel:dirForm'),
	(15171, 'admin', 8, '2016-04-06 00:01:40', ''),
	(15172, 'admin', 15, '2016-04-06 00:01:45', 'rel:dirForm'),
	(15173, 'admin', 46, '2016-04-06 00:02:14', 'hpFolderName:test_b,hadoopUser.id:8a82948a51995da90151a957ee680001,hpRemarks:test'),
	(15174, 'admin', 9, '2016-04-06 00:02:16', ''),
	(15175, 'admin', 15, '2016-04-06 00:10:08', 'rel:dirForm'),
	(15176, 'admin', 4, '2016-04-06 00:10:36', ''),
	(15177, 'admin', 8, '2016-04-06 00:10:46', ''),
	(15178, 'admin', 15, '2016-04-06 00:10:50', 'rel:dirForm'),
	(15179, 'admin', 46, '2016-04-06 00:11:23', 'hpFolderName:test_a,hadoopUser.id:8a82948a51995da901521bd76b310003,hpRemarks:test'),
	(15180, 'admin', 9, '2016-04-06 00:11:25', ''),
	(15181, 'admin', 8, '2016-04-06 00:32:14', ''),
	(15182, 'admin', 106, '2016-04-06 00:32:29', 'hdfsId:12157,name:/user/delos/public/test_a'),
	(15183, 'admin', 78, '2016-04-06 00:32:42', 'hdfsId:12157,password:12345'),
	(15184, 'admin', 8, '2016-04-06 00:32:44', ''),
	(15185, 'admin', 92, '2016-04-06 00:32:50', ''),
	(15186, 'admin', 8, '2016-04-06 00:32:53', ''),
	(15187, 'admin', 8, '2016-04-06 00:33:29', ''),
	(15188, 'admin', 3, '2016-04-06 00:33:33', ''),
	(15189, 'admin', 110, '2016-04-06 00:33:35', ''),
	(15190, 'admin', 3, '2016-04-06 00:33:37', ''),
	(15191, 'admin', 6, '2016-04-06 00:33:38', ''),
	(15192, 'admin', 6, '2016-04-06 00:33:40', ''),
	(15193, 'admin', 111, '2016-04-06 00:33:43', ''),
	(15194, 'admin', 8, '2016-04-06 00:33:48', ''),
	(15195, 'admin', 92, '2016-04-06 00:33:55', ''),
	(15196, 'admin', 8, '2016-04-06 00:33:58', ''),
	(15197, 'admin', 106, '2016-04-06 00:34:05', 'hdfsId:12156,name:/user/sample1/public/test_b'),
	(15198, 'admin', 15, '2016-04-06 00:34:18', 'rel:dirForm'),
	(15199, 'admin', 106, '2016-04-06 00:34:20', 'hdfsId:12156,name:/user/sample1/public/test_b'),
	(15200, 'admin', 78, '2016-04-06 00:34:28', 'hdfsId:12156,password:12345'),
	(15201, 'admin', 8, '2016-04-06 00:34:29', ''),
	(15202, 'admin', 106, '2016-04-06 00:34:32', 'hdfsId:12154,name:/user/sample1/public/test_a'),
	(15203, 'admin', 78, '2016-04-06 00:34:41', 'hdfsId:12154,password:12345'),
	(15204, 'admin', 8, '2016-04-06 00:34:43', ''),
	(15205, 'admin', 46, '2016-04-06 00:34:48', 'hpFolderName:test_a,hadoopUser.id:8a82948a51995da901521bd76b310003,hpRemarks:test'),
	(15206, 'admin', 9, '2016-04-06 00:34:50', ''),
	(15207, 'admin', 2, '2016-04-06 01:22:56', ''),
	(15208, 'admin', 1, '2016-04-06 01:23:24', ''),
	(15209, 'admin', 57, '2016-04-06 01:23:32', ''),
	(15210, 'admin', 52, '2016-04-06 01:23:33', ''),
	(15211, 'admin', 57, '2016-04-06 01:23:38', ''),
	(15212, 'admin', 12, '2016-04-06 01:23:42', ''),
	(15213, 'admin', 11, '2016-04-06 01:23:45', ''),
	(15214, 'admin', 40, '2016-04-06 01:23:49', 'parentId:147'),
	(15215, 'admin', 40, '2016-04-06 01:23:52', 'parentId:147'),
	(15216, 'admin', 40, '2016-04-06 01:23:53', 'parentId:147'),
	(15217, 'admin', 40, '2016-04-06 01:23:54', 'parentId:147'),
	(15218, 'admin', 40, '2016-04-06 01:23:57', 'parentId:139'),
	(15219, 'admin', 40, '2016-04-06 01:24:04', 'parentId:133'),
	(15220, 'admin', 40, '2016-04-06 01:24:18', 'parentId:128'),
	(15221, 'admin', 40, '2016-04-06 01:24:22', 'parentId:128'),
	(15222, 'admin', 40, '2016-04-06 01:24:50', 'parentId:113'),
	(15223, 'admin', 40, '2016-04-06 01:25:18', 'parentId:51'),
	(15224, 'admin', 40, '2016-04-06 01:25:25', 'parentId:48'),
	(15225, 'admin', 40, '2016-04-06 01:25:27', 'parentId:48'),
	(15226, 'admin', 40, '2016-04-06 01:25:47', 'parentId:27'),
	(15227, 'admin', 40, '2016-04-06 01:25:57', 'parentId:27'),
	(15228, 'admin', 40, '2016-04-06 01:25:57', 'parentId:27'),
	(15229, 'admin', 40, '2016-04-06 01:26:06', 'parentId:128'),
	(15230, 'admin', 40, '2016-04-06 01:26:07', 'parentId:133'),
	(15231, 'admin', 40, '2016-04-06 01:26:15', 'parentId:113'),
	(15232, 'admin', 40, '2016-04-06 01:26:18', 'parentId:51'),
	(15233, 'admin', 40, '2016-04-06 01:26:18', 'parentId:48'),
	(15234, 'admin', 40, '2016-04-06 01:26:20', 'parentId:27'),
	(15235, 'admin', 40, '2016-04-06 01:26:39', 'parentId:27'),
	(15236, 'admin', 12, '2016-04-06 01:26:46', ''),
	(15237, 'admin', 13, '2016-04-06 01:26:48', ''),
	(15238, 'admin', 72, '2016-04-06 01:27:01', 'id:126'),
	(15239, 'admin', 87, '2016-04-06 01:39:24', ''),
	(15240, 'admin', 1, '2016-04-06 01:39:31', ''),
	(15241, 'admin', 11, '2016-04-06 01:39:34', ''),
	(15242, 'admin', 40, '2016-04-06 01:39:45', 'parentId:128'),
	(15243, 'admin', 40, '2016-04-06 01:39:48', 'parentId:128'),
	(15244, 'admin', 40, '2016-04-06 01:39:48', 'parentId:128'),
	(15245, 'admin', 40, '2016-04-06 01:39:54', 'parentId:128'),
	(15246, 'admin', 40, '2016-04-06 01:40:13', 'parentId:128'),
	(15247, 'admin', 40, '2016-04-06 01:40:25', 'parentId:128'),
	(15248, 'admin', 40, '2016-04-06 01:41:04', 'parentId:128'),
	(15249, 'admin', 40, '2016-04-06 01:41:22', 'parentId:113'),
	(15250, 'admin', 40, '2016-04-06 01:41:28', 'parentId:113'),
	(15251, 'admin', 40, '2016-04-06 01:41:40', 'parentId:51'),
	(15252, 'admin', 40, '2016-04-06 01:41:41', 'parentId:48'),
	(15253, 'admin', 40, '2016-04-06 01:41:43', 'parentId:27'),
	(15254, 'admin', 13, '2016-04-06 01:41:48', ''),
	(15255, 'admin', 8, '2016-04-06 01:57:55', ''),
	(15256, 'admin', 8, '2016-04-06 02:02:06', ''),
	(15257, 'admin', 106, '2016-04-06 02:02:11', 'hdfsId:12158,name:/user/delos/public/test_a'),
	(15258, 'admin', 78, '2016-04-06 02:02:19', 'hdfsId:12158,password:12345'),
	(15259, 'admin', 8, '2016-04-06 02:02:21', ''),
	(15260, 'admin', 15, '2016-04-06 02:03:34', 'rel:dirForm'),
	(15261, 'admin', 15, '2016-04-06 02:03:39', 'rel:dirForm'),
	(15262, 'admin', 46, '2016-04-06 02:04:08', 'hpFolderName:test_a,hadoopUser.id:8a82948a51995da90151a957ee680001,hpRemarks:test'),
	(15263, 'admin', 9, '2016-04-06 02:04:11', ''),
	(15264, 'admin', 8, '2016-04-06 02:06:57', ''),
	(15265, 'admin', 19, '2016-04-06 02:07:04', ''),
	(15266, 'admin', 19, '2016-04-06 02:07:08', ''),
	(15267, 'admin', 88, '2016-04-06 02:07:10', ''),
	(15268, 'admin', 19, '2016-04-06 02:07:11', ''),
	(15269, 'admin', 8, '2016-04-06 02:08:01', ''),
	(15270, 'admin', 19, '2016-04-06 02:08:09', ''),
	(15271, 'admin', 8, '2016-04-06 12:58:19', ''),
	(15272, 'admin', 1, '2016-04-06 12:58:24', ''),
	(15273, 'admin', 67, '2016-04-06 12:58:26', ''),
	(15274, 'admin', 11, '2016-04-06 12:58:30', ''),
	(15275, 'admin', 3, '2016-04-06 12:58:35', ''),
	(15276, 'admin', 55, '2016-04-06 12:58:48', 'id:3582'),
	(15277, 'admin', 113, '2016-04-06 12:58:56', 'id:3582,hpRemark:aa'),
	(15278, 'admin', 3, '2016-04-06 12:58:56', ''),
	(15279, 'admin', 55, '2016-04-06 12:58:59', 'id:3582'),
	(15280, 'admin', 113, '2016-04-06 12:59:04', 'id:3582,hpBusiType:aa'),
	(15281, 'admin', 3, '2016-04-06 12:59:04', ''),
	(15282, 'admin', 55, '2016-04-06 12:59:07', 'id:3582'),
	(15283, 'admin', 113, '2016-04-06 12:59:12', 'id:3582'),
	(15284, 'admin', 3, '2016-04-06 12:59:12', ''),
	(15285, 'admin', 4, '2016-04-06 12:59:22', ''),
	(15286, 'admin', 74, '2016-04-06 12:59:24', ''),
	(15287, 'admin', 75, '2016-04-06 12:59:30', ''),
	(15288, 'admin', 4, '2016-04-06 12:59:55', ''),
	(15289, 'admin', 24, '2016-04-06 12:59:58', 'look:false'),
	(15290, 'admin', 24, '2016-04-06 13:00:08', 'look:false'),
	(15291, 'admin', 56, '2016-04-06 13:03:23', 'hpUserName:u_lx_build,hpUserPw:qwe#123,hpContacts:wanghuiren,hpPhone:18910000000,hpEmail:18910000000@189.cn,hpUserType:1,hpCulster:1,customer.id:61,min:52100,minCPU:25,max:204800,maxCPU:50,maxApps:10,weight:1,hpRemarks:测试用户'),
	(15292, 'admin', 4, '2016-04-06 13:03:26', ''),
	(15293, 'admin', 74, '2016-04-06 13:32:08', ''),
	(15294, 'admin', 4, '2016-04-06 13:32:11', ''),
	(15295, 'admin', 4, '2016-04-06 14:17:20', ''),
	(15296, 'admin', 30, '2016-04-06 14:18:14', 'id:8a82948a53e631eb0153e9f41dce0000,_:1459923537215'),
	(15297, 'admin', 4, '2016-04-06 14:18:16', ''),
	(15298, 'admin', 2, '2016-04-06 14:50:41', ''),
	(15299, 'admin', 1, '2016-04-06 14:50:49', ''),
	(15300, 'admin', 67, '2016-04-06 14:50:52', ''),
	(15301, 'admin', 11, '2016-04-06 14:50:54', ''),
	(15302, 'admin', 40, '2016-04-06 14:50:56', 'parentId:147'),
	(15303, 'admin', 40, '2016-04-06 14:51:02', 'parentId:139'),
	(15304, 'admin', 40, '2016-04-06 14:51:14', 'parentId:133'),
	(15305, 'admin', 40, '2016-04-06 14:51:26', 'parentId:128'),
	(15306, 'admin', 40, '2016-04-06 14:51:46', 'parentId:128'),
	(15307, 'admin', 40, '2016-04-06 14:52:18', 'parentId:113'),
	(15308, 'admin', 13, '2016-04-06 14:52:22', ''),
	(15309, 'admin', 3, '2016-04-06 14:52:53', ''),
	(15310, 'admin', 74, '2016-04-06 14:53:05', ''),
	(15311, 'admin', 75, '2016-04-06 14:53:19', ''),
	(15312, 'admin', 103, '2016-04-06 14:54:19', 'name:信息中心,company_telephone:18910000000,contact_name:wanghuiren,contact_mobile:18910000000,queueResourceMax:102400,queueCpuMax:100,hdfsSpace:100,hdfsFileCount:50,hadoopUserMax:10,remark:测试'),
	(15313, 'admin', 74, '2016-04-06 14:54:20', ''),
	(15314, 'admin', 4, '2016-04-06 14:54:27', ''),
	(15315, 'admin', 24, '2016-04-06 14:54:31', 'look:false'),
	(15316, 'admin', 56, '2016-04-06 14:55:48', 'hpUserName:u_lx_build,hpUserPw:qwe#123,hpContacts:wanghuiren,hpPhone:18910000000,hpEmail:18910000000@189.cn,hpUserType:2,hpCulster:1,customer.id:61,min:102400,minCPU:25,max:409600,maxCPU:100,maxApps:50,weight:1'),
	(15317, 'admin', 4, '2016-04-06 14:55:50', ''),
	(15318, 'admin', 29, '2016-04-06 14:57:03', 'id:8a82948a53e631eb0153ea5b09f00001,_:1459925847324'),
	(15319, 'admin', 4, '2016-04-06 14:57:04', ''),
	(15320, 'admin', 77, '2016-04-06 14:58:14', 'id:8a82948a53e631eb0153ea5b09f00001,_:1459925922532'),
	(15321, 'admin', 4, '2016-04-06 14:58:16', ''),
	(15322, 'admin', 3, '2016-04-06 14:58:25', ''),
	(15323, 'admin', 55, '2016-04-06 14:59:39', 'id:3580'),
	(15324, 'admin', 6, '2016-04-06 15:00:32', ''),
	(15325, 'admin', 71, '2016-04-06 15:01:09', ''),
	(15326, 'admin', 51, '2016-04-06 15:01:13', ''),
	(15327, 'admin', 112, '2016-04-06 15:01:17', ''),
	(15328, 'admin', 115, '2016-04-06 15:01:18', 'divId:hdfsList'),
	(15329, 'admin', 114, '2016-04-06 15:01:18', 'divId:dbList'),
	(15330, 'admin', 22, '2016-04-06 15:02:02', ''),
	(15331, 'admin', 23, '2016-04-06 15:02:44', ''),
	(15332, 'admin', 22, '2016-04-06 15:02:50', ''),
	(15333, 'admin', 61, '2016-04-06 15:02:52', 'id:721'),
	(15334, 'admin', 59, '2016-04-06 15:02:57', ''),
	(15335, 'admin', 60, '2016-04-06 15:03:01', 'hadoopUser:8a82948a53e631eb0153ea5b09f00001'),
	(15336, 'admin', 22, '2016-04-06 15:03:01', ''),
	(15337, 'admin', 61, '2016-04-06 15:03:06', 'id:724'),
	(15338, 'admin', 62, '2016-04-06 15:03:12', 'days:1,kid:724'),
	(15339, 'admin', 22, '2016-04-06 15:03:14', ''),
	(15340, 'admin', 61, '2016-04-06 15:03:24', 'id:724'),
	(15341, 'admin', 62, '2016-04-06 15:03:28', 'days:1,kid:724,id:120'),
	(15342, 'admin', 22, '2016-04-06 15:03:32', ''),
	(15343, 'admin', 62, '2016-04-06 15:03:32', 'days:1,kid:724,id:120'),
	(15344, 'admin', 14, '2016-04-06 15:03:44', ''),
	(15345, 'admin', 44, '2016-04-06 15:03:50', ''),
	(15346, 'admin', 44, '2016-04-06 15:03:50', ''),
	(15347, 'admin', 45, '2016-04-06 15:03:51', ''),
	(15348, 'admin', 50, '2016-04-06 15:04:35', ''),
	(15349, 'admin', 10, '2016-04-06 15:04:54', ''),
	(15350, 'admin', 51, '2016-04-06 15:05:21', ''),
	(15351, 'admin', 71, '2016-04-06 15:05:35', ''),
	(15352, 'admin', 31, '2016-04-06 15:05:42', ''),
	(15353, 'admin', 32, '2016-04-06 15:05:42', ''),
	(15354, 'admin', 35, '2016-04-06 15:05:55', 'username:u_lx_build,id:8a82948a53e631eb0153ea5b09f00001'),
	(15355, 'admin', 4, '2016-04-06 15:06:53', ''),
	(15356, 'admin', 29, '2016-04-06 15:06:58', 'id:8a82948a53e631eb0153ea5b09f00001,_:1459926510085'),
	(15357, 'admin', 4, '2016-04-06 15:07:00', ''),
	(15358, 'admin', 2, '2016-04-06 15:09:30', ''),
	(15359, 'admin', 74, '2016-04-06 15:09:32', ''),
	(15360, 'admin', 4, '2016-04-06 15:09:34', ''),
	(15361, 'admin', 4, '2016-04-06 15:11:06', ''),
	(15362, 'admin', 4, '2016-04-06 15:12:06', ''),
	(15363, 'admin', 4, '2016-04-06 15:12:08', ''),
	(15364, 'admin', 2, '2016-04-07 15:25:52', ''),
	(15365, 'admin', 74, '2016-04-07 15:27:09', ''),
	(15366, 'admin', 4, '2016-04-07 15:27:14', ''),
	(15367, 'admin', 77, '2016-04-07 15:27:27', 'id:8a82948a53e631eb0153ea5b09f00001,_:1460014078776'),
	(15368, 'admin', 4, '2016-04-07 15:27:28', ''),
	(15369, 'admin', 8, '2016-04-07 15:28:07', ''),
	(15370, 'admin', 6, '2016-04-07 15:28:33', ''),
	(15371, 'admin', 2, '2016-04-07 17:28:15', ''),
	(15372, 'admin', 13, '2016-04-07 17:28:24', ''),
	(15373, 'admin', 72, '2016-04-07 17:28:53', 'id:124'),
	(15374, 'admin', 11, '2016-04-07 17:29:06', ''),
	(15375, 'admin', 40, '2016-04-07 17:29:10', 'parentId:147'),
	(15376, 'admin', 40, '2016-04-07 17:29:15', 'parentId:128'),
	(15377, 'admin', 40, '2016-04-07 17:29:23', 'parentId:113'),
	(15378, 'admin', 40, '2016-04-07 17:29:26', 'parentId:147'),
	(15379, 'admin', 3, '2016-04-07 17:29:36', ''),
	(15380, 'admin', 74, '2016-04-07 17:30:03', ''),
	(15381, 'admin', 4, '2016-04-07 17:30:13', ''),
	(15382, 'admin', 24, '2016-04-07 17:30:19', 'look:false'),
	(15383, 'admin', 4, '2016-04-07 17:31:06', ''),
	(15384, 'admin', 24, '2016-04-07 17:31:14', 'id:8a82948a53e631eb0153ea5b09f00001,look:false'),
	(15385, 'admin', 74, '2016-04-07 17:31:25', ''),
	(15386, 'admin', 31, '2016-04-07 17:31:29', ''),
	(15387, 'admin', 32, '2016-04-07 17:31:30', ''),
	(15388, 'admin', 33, '2016-04-07 17:31:34', 'username:gdpi,id:8a82948a517c90d201517cf711a00001'),
	(15389, 'admin', 35, '2016-04-07 17:31:38', 'username:gdpi,id:8a82948a517c90d201517cf711a00001'),
	(15390, 'admin', 22, '2016-04-07 17:32:00', ''),
	(15391, 'admin', 63, '2016-04-07 17:32:08', 'id:724,_:1460021618564'),
	(15392, 'admin', 22, '2016-04-07 17:32:10', ''),
	(15393, 'admin', 44, '2016-04-07 17:32:21', ''),
	(15394, 'admin', 45, '2016-04-07 17:32:22', ''),
	(15395, 'admin', 51, '2016-04-07 17:32:24', ''),
	(15396, 'admin', 2, '2016-04-08 15:27:20', ''),
	(15397, 'admin', 6, '2016-04-08 15:27:26', ''),
	(15398, 'admin', 8, '2016-04-08 15:27:30', ''),
	(15399, 'admin', 15, '2016-04-08 15:27:32', 'rel:dirForm'),
	(15400, 'admin', 46, '2016-04-08 15:28:06', 'hpFolderName:test_b,hadoopUser.id:8a82948a53e631eb0153ea5b09f00001,hpRemarks:test_b'),
	(15401, 'admin', 9, '2016-04-08 15:28:08', ''),
	(15402, 'admin', 2, '2016-04-08 15:46:42', ''),
	(15403, 'admin', 6, '2016-04-08 15:48:02', ''),
	(15404, 'admin', 8, '2016-04-08 15:48:18', ''),
	(15405, 'admin', 15, '2016-04-08 15:48:23', 'rel:dirForm'),
	(15406, 'admin', 13, '2016-04-08 15:51:29', ''),
	(15407, 'admin', 13, '2016-04-08 16:20:53', 'page:1'),
	(15408, 'admin', 87, '2016-04-08 16:21:15', ''),
	(15409, 'admin', 44, '2016-04-08 16:21:20', ''),
	(15410, 'admin', 45, '2016-04-08 16:21:20', ''),
	(15411, 'admin', 71, '2016-04-08 16:21:24', ''),
	(15412, 'admin', 19, '2016-04-08 16:21:29', ''),
	(15413, 'admin', 26, '2016-04-08 16:23:41', 'resourceId:3580,divId:otherUsers'),
	(15414, 'admin', 25, '2016-04-08 16:23:41', 'resourceId:3580,divId:groupUsers'),
	(15415, 'admin', 8, '2016-04-08 16:23:57', ''),
	(15416, 'admin', 15, '2016-04-08 16:23:59', 'rel:dirForm'),
	(15417, 'admin', 19, '2016-04-08 16:24:10', ''),
	(15418, 'admin', 8, '2016-04-08 16:24:12', ''),
	(15419, 'admin', 28, '2016-04-08 16:32:55', 'resourceId:12160,divId:otherUsers'),
	(15420, 'admin', 27, '2016-04-08 16:32:55', 'resourceId:12160,divId:groupUsers'),
	(15421, 'admin', 2, '2016-04-08 16:49:01', ''),
	(15422, 'admin', 3, '2016-04-08 16:49:10', ''),
	(15423, 'admin', 2, '2016-04-08 16:58:36', ''),
	(15424, 'admin', 8, '2016-04-08 16:58:44', ''),
	(15425, 'admin', 15, '2016-04-08 16:58:47', 'rel:dirForm'),
	(15426, 'admin', 46, '2016-04-08 16:59:23', 'hpFolderName:test,hadoopUser.id:8a82948a53e631eb0153ea5b09f00001,hpRemarks:测试目录'),
	(15427, 'admin', 9, '2016-04-08 16:59:25', ''),
	(15428, 'admin', 15, '2016-04-08 16:59:31', 'rel:dirForm'),
	(15429, 'admin', 8, '2016-04-08 17:32:29', ''),
	(15430, 'admin', 8, '2016-04-08 17:32:38', ''),
	(15431, 'admin', 28, '2016-04-08 17:32:41', 'resourceId:12161,divId:otherUsers'),
	(15432, 'admin', 27, '2016-04-08 17:32:41', 'resourceId:12161,divId:groupUsers'),
	(15433, 'admin', 19, '2016-04-08 17:40:30', ''),
	(15434, 'admin', 2, '2016-04-12 17:47:54', ''),
	(15435, 'admin', 2, '2016-04-13 11:48:39', ''),
	(15436, 'admin', 8, '2016-04-13 11:48:45', ''),
	(15437, 'admin', 15, '2016-04-13 11:49:55', 'rel:dirForm'),
	(15438, 'admin', 46, '2016-04-13 11:54:03', 'hpFolderName:test_public,hadoopUser.id:8a82948a53e631eb0153ea5b09f00001'),
	(15439, 'admin', 9, '2016-04-13 11:54:05', ''),
	(15440, 'admin', 2, '2016-04-15 15:22:18', ''),
	(15441, 'admin', 1, '2016-04-15 15:23:30', ''),
	(15442, 'admin', 1, '2016-04-15 15:23:38', ''),
	(15443, 'admin', 67, '2016-04-15 15:23:41', ''),
	(15444, 'admin', 2, '2016-04-15 15:25:36', ''),
	(15445, 'admin', 1, '2016-04-15 15:28:42', ''),
	(15446, 'admin', 67, '2016-04-15 15:28:46', ''),
	(15447, 'admin', 112, '2016-04-15 15:28:49', ''),
	(15448, 'admin', 115, '2016-04-15 15:28:50', 'divId:hdfsList'),
	(15449, 'admin', 114, '2016-04-15 15:28:50', 'divId:dbList'),
	(15450, 'admin', 3, '2016-04-15 15:28:58', ''),
	(15451, 'admin', 3, '2016-04-15 15:29:19', ''),
	(15452, 'admin', 6, '2016-04-15 15:29:22', ''),
	(15453, 'admin', 22, '2016-04-15 15:29:28', ''),
	(15454, 'admin', 67, '2016-04-15 15:29:32', ''),
	(15455, 'admin', 1, '2016-04-15 15:29:45', ''),
	(15456, 'admin', 1, '2016-04-15 15:29:52', ''),
	(15457, 'admin', 112, '2016-04-15 15:29:57', ''),
	(15458, 'admin', 115, '2016-04-15 15:29:59', 'divId:hdfsList'),
	(15459, 'admin', 114, '2016-04-15 15:29:59', 'divId:dbList'),
	(15460, 'admin', 121, '2016-04-15 15:30:11', ''),
	(15461, 'admin', 1, '2016-04-15 15:30:18', ''),
	(15462, 'admin', 70, '2016-04-15 15:30:21', ''),
	(15463, 'admin', 91, '2016-04-15 15:31:51', 'login_name:yuj,password:!1qaz2wsx,name:余江,sex:1,mobile:15021633637,telephone:02188888888,email:y@163.com,role_id:1,customer_id:200,job_title:这里是租户职务,remark:这里是简介'),
	(15464, 'admin', 1, '2016-04-15 15:31:52', ''),
	(15465, 'admin', 93, '2016-04-15 15:32:02', 'id:151'),
	(15466, 'admin', 94, '2016-04-15 15:32:16', 'id:151,checkStatus:1,checkMessage:这里是审核信息'),
	(15467, 'admin', 1, '2016-04-15 15:32:16', ''),
	(15468, 'admin', 70, '2016-04-15 15:32:20', ''),
	(15469, 'admin', 67, '2016-04-15 15:32:47', ''),
	(15470, 'admin', 98, '2016-04-15 15:32:52', ''),
	(15471, 'admin', 99, '2016-04-15 15:32:57', 'cn_name:普通操作用户'),
	(15472, 'admin', 67, '2016-04-15 15:32:57', ''),
	(15473, 'admin', 98, '2016-04-15 15:33:03', 'id:152'),
	(15474, 'admin', 101, '2016-04-15 15:33:05', 'id:152'),
	(15475, 'admin', 101, '2016-04-15 15:36:59', 'id:152'),
	(15476, 'admin', 102, '2016-04-15 15:37:10', 'menuIds:1,287,292,roleId:152'),
	(15477, 'admin', 1, '2016-04-15 15:37:15', ''),
	(15478, 'admin', 70, '2016-04-15 15:37:20', 'id:151'),
	(15479, 'admin', 91, '2016-04-15 15:37:23', 'id:151,login_name:yuj,password:846c426b4333a99ca7e591daab806369,name:余江,sex:1,mobile:15021633637,telephone:02188888888,email:y@163.com,role_id:152,customer_id:200,job_title:这里是租户职务,remark:这里是简介'),
	(15480, 'admin', 1, '2016-04-15 15:37:23', ''),
	(15481, 'yuj', 2, '2016-04-15 15:37:40', ''),
	(15482, 'yuj', 13, '2016-04-15 15:37:45', ''),
	(15483, 'yuj', 57, '2016-04-15 15:37:48', ''),
	(15484, 'admin', 2, '2016-04-15 15:38:00', ''),
	(15485, 'admin', 1, '2016-04-15 15:38:04', ''),
	(15486, 'admin', 93, '2016-04-15 15:38:08', 'id:151'),
	(15487, 'admin', 70, '2016-04-15 15:38:20', 'id:151'),
	(15488, 'admin', 67, '2016-04-15 15:38:24', ''),
	(15489, 'admin', 1, '2016-04-15 15:38:26', ''),
	(15490, 'admin', 93, '2016-04-15 15:38:33', 'id:151'),
	(15491, 'admin', 70, '2016-04-15 15:38:44', ''),
	(15492, 'admin', 91, '2016-04-15 15:39:39', 'login_name:yuj01,password:!1qaz2wsx,name:余江,sex:1,mobile:15021633637,telephone:02166666666,email:yuboyq163@163.com,role_id:152,customer_id:199,job_title:这里是租户职务,remark:这里是用户简介'),
	(15493, 'admin', 1, '2016-04-15 15:39:39', ''),
	(15494, 'admin', 93, '2016-04-15 15:39:51', 'id:152'),
	(15495, 'admin', 94, '2016-04-15 15:39:59', 'id:152,checkStatus:2,checkMessage:拒绝测试'),
	(15496, 'admin', 1, '2016-04-15 15:39:59', ''),
	(15497, 'admin', 2, '2016-04-15 15:40:30', ''),
	(15498, 'admin', 67, '2016-04-15 15:40:35', ''),
	(15499, 'admin', 1, '2016-04-15 15:40:42', ''),
	(15500, 'admin', 67, '2016-04-15 15:40:45', ''),
	(15501, 'admin', 1, '2016-04-15 15:40:49', ''),
	(15502, 'admin', 93, '2016-04-15 15:40:55', 'id:152'),
	(15503, 'admin', 95, '2016-04-15 15:41:17', 'id:151,_:1460706114720'),
	(15504, 'admin', 1, '2016-04-15 15:41:18', ''),
	(15505, 'admin', 2, '2016-04-15 15:41:40', ''),
	(15506, 'admin', 1, '2016-04-15 15:41:44', ''),
	(15507, 'admin', 67, '2016-04-15 15:41:50', ''),
	(15508, 'admin', 101, '2016-04-15 15:42:04', 'id:1'),
	(15509, 'admin', 11, '2016-04-15 15:42:10', ''),
	(15510, 'admin', 38, '2016-04-15 15:42:29', 'rel:parentFormId,id:147'),
	(15511, 'admin', 38, '2016-04-15 15:42:36', 'parentId:0,rel:parentFormId'),
	(15512, 'admin', 40, '2016-04-15 15:42:54', 'parentId:147'),
	(15513, 'admin', 40, '2016-04-15 15:43:23', 'parentId:139'),
	(15514, 'admin', 40, '2016-04-15 15:43:26', 'parentId:133'),
	(15515, 'admin', 40, '2016-04-15 15:43:30', 'parentId:128'),
	(15516, 'admin', 38, '2016-04-15 15:43:56', 'parentId:0,rel:parentFormId'),
	(15517, 'admin', 38, '2016-04-15 15:44:08', 'parentId:0,rel:parentFormId'),
	(15518, 'admin', 40, '2016-04-15 15:44:21', 'parentId:128'),
	(15519, 'admin', 40, '2016-04-15 15:44:48', 'parentId:128'),
	(15520, 'admin', 40, '2016-04-15 15:44:54', 'parentId:128'),
	(15521, 'admin', 40, '2016-04-15 15:45:03', 'parentId:113'),
	(15522, 'admin', 40, '2016-04-15 15:45:12', 'parentId:113,page:2,divId:childrenId'),
	(15523, 'admin', 40, '2016-04-15 15:45:15', 'parentId:48'),
	(15524, 'admin', 40, '2016-04-15 15:45:18', 'parentId:48'),
	(15525, 'admin', 38, '2016-04-15 15:45:21', 'rel:childrenFormId,id:180'),
	(15526, 'admin', 40, '2016-04-15 15:45:21', 'parentId:48'),
	(15527, 'admin', 40, '2016-04-15 15:45:30', 'parentId:128'),
	(15528, 'admin', 40, '2016-04-15 15:45:32', 'parentId:133'),
	(15529, 'admin', 12, '2016-04-15 15:45:54', ''),
	(15530, 'admin', 68, '2016-04-15 15:46:24', ''),
	(15531, 'admin', 65, '2016-04-15 15:46:35', 'id:324'),
	(15532, 'admin', 65, '2016-04-15 15:46:47', 'id:309'),
	(15533, 'admin', 12, '2016-04-15 15:46:57', 'page:2'),
	(15534, 'admin', 65, '2016-04-15 15:47:02', 'id:301'),
	(15535, 'admin', 65, '2016-04-15 15:47:10', 'id:302'),
	(15536, 'admin', 13, '2016-04-15 15:47:15', ''),
	(15537, 'admin', 20, '2016-04-15 15:47:31', ''),
	(15538, 'admin', 31, '2016-04-15 15:48:05', ''),
	(15539, 'admin', 32, '2016-04-15 15:48:07', ''),
	(15540, 'admin', 2, '2016-04-15 15:48:14', ''),
	(15541, 'admin', 3, '2016-04-15 15:48:21', ''),
	(15542, 'admin', 2, '2016-04-15 15:58:38', ''),
	(15543, 'admin', 57, '2016-04-15 15:58:59', ''),
	(15544, 'admin', 85, '2016-04-15 16:08:10', ''),
	(15545, 'admin', 12, '2016-04-15 16:08:18', ''),
	(15546, 'admin', 13, '2016-04-15 16:08:21', ''),
	(15547, 'admin', 52, '2016-04-15 16:08:58', ''),
	(15548, 'admin', 76, '2016-04-15 16:09:01', ''),
	(15549, 'admin', 1, '2016-04-15 16:09:14', ''),
	(15550, 'admin', 1, '2016-04-15 16:10:17', ''),
	(15551, 'admin', 50, '2016-04-15 16:10:29', ''),
	(15552, 'admin', 23, '2016-04-15 16:10:48', ''),
	(15553, 'admin', 57, '2016-04-15 16:12:28', ''),
	(15554, 'admin', 11, '2016-04-15 16:12:39', ''),
	(15555, 'admin', 40, '2016-04-15 16:12:47', 'parentId:27'),
	(15556, 'admin', 40, '2016-04-15 16:12:48', 'parentId:147'),
	(15557, 'admin', 40, '2016-04-15 16:13:00', 'parentId:51'),
	(15558, 'admin', 40, '2016-04-15 16:13:05', 'parentId:113'),
	(15559, 'admin', 40, '2016-04-15 16:13:08', 'parentId:128'),
	(15560, 'admin', 40, '2016-04-15 16:13:11', 'parentId:133'),
	(15561, 'admin', 40, '2016-04-15 16:13:12', 'parentId:51'),
	(15562, 'admin', 38, '2016-04-15 16:13:35', 'rel:childrenFormId,id:106'),
	(15563, 'admin', 40, '2016-04-15 16:13:35', 'parentId:51'),
	(15564, 'admin', 6, '2016-04-15 16:13:49', ''),
	(15565, 'admin', 112, '2016-04-15 16:14:11', ''),
	(15566, 'admin', 115, '2016-04-15 16:14:13', 'divId:hdfsList'),
	(15567, 'admin', 114, '2016-04-15 16:14:13', 'divId:dbList'),
	(15568, 'admin', 120, '2016-04-15 16:14:18', 'id:5178'),
	(15569, 'admin', 114, '2016-04-15 16:14:18', 'divId:hdfsList'),
	(15570, 'admin', 112, '2016-04-15 16:14:28', ''),
	(15571, 'admin', 115, '2016-04-15 16:14:29', 'divId:hdfsList'),
	(15572, 'admin', 114, '2016-04-15 16:14:29', 'divId:dbList'),
	(15573, 'admin', 8, '2016-04-15 16:15:27', ''),
	(15574, 'admin', 23, '2016-04-15 16:19:51', ''),
	(15575, 'admin', 57, '2016-04-15 16:20:09', ''),
	(15576, 'admin', 85, '2016-04-15 16:20:23', ''),
	(15577, 'admin', 90, '2016-04-15 16:20:29', 'commitUserId:1,eventType:52,eventInfo:77777777'),
	(15578, 'admin', 57, '2016-04-15 16:20:30', ''),
	(15579, 'admin', 84, '2016-04-15 16:20:40', 'id:34,userId:1'),
	(15580, 'admin', 57, '2016-04-15 16:20:40', ''),
	(15581, 'admin', 85, '2016-04-15 16:21:06', ''),
	(15582, 'admin', 1, '2016-04-15 16:21:11', ''),
	(15583, 'admin', 70, '2016-04-15 16:21:18', 'id:152'),
	(15584, 'admin', 70, '2016-04-15 16:21:28', ''),
	(15585, 'admin', 91, '2016-04-15 16:22:08', 'login_name:yuj,password:!1qaz2wsx,name:余江01,sex:1,mobile:15021633637,telephone:02122223333,email:yuboyq163@163.com,role_id:1,customer_id:61,job_title:对对对,remark:对对对'),
	(15586, 'admin', 91, '2016-04-15 16:22:15', 'login_name:yuj02,password:!1qaz2wsx,name:余江01,sex:1,mobile:15021633637,telephone:02122223333,email:yuboyq163@163.com,role_id:1,customer_id:61,job_title:对对对,remark:对对对'),
	(15587, 'admin', 1, '2016-04-15 16:22:15', ''),
	(15588, 'admin', 70, '2016-04-15 16:22:21', 'id:153'),
	(15589, 'admin', 91, '2016-04-15 16:22:25', 'id:153,login_name:yuj02,password:846c426b4333a99ca7e591daab806369,name:余江02,sex:1,mobile:15021633637,telephone:02122223333,email:yuboyq163@163.com,role_id:1,customer_id:61,job_title:对对对,remark:对对对'),
	(15590, 'admin', 1, '2016-04-15 16:22:25', ''),
	(15591, 'admin', 93, '2016-04-15 16:22:33', 'id:153'),
	(15592, 'admin', 94, '2016-04-15 16:22:42', 'id:153,checkStatus:1,checkMessage:同意批准'),
	(15593, 'admin', 1, '2016-04-15 16:22:42', ''),
	(15594, 'yuj02', 2, '2016-04-15 16:22:56', ''),
	(15595, 'yuj02', 11, '2016-04-15 16:23:17', ''),
	(15596, 'yuj02', 12, '2016-04-15 16:23:21', ''),
	(15597, 'yuj02', 57, '2016-04-15 16:23:24', ''),
	(15598, 'yuj02', 52, '2016-04-15 16:23:27', ''),
	(15599, 'yuj02', 76, '2016-04-15 16:23:31', ''),
	(15600, 'yuj02', 76, '2016-04-15 16:24:56', ''),
	(15601, 'yuj02', 76, '2016-04-15 16:25:59', ''),
	(15602, 'yuj02', 89, '2016-04-15 16:26:16', 'userInfo:8a82948a53e631eb0153ea5b09f00001,mcInfo:192.2.20.12'),
	(15603, 'yuj02', 52, '2016-04-15 16:26:16', ''),
	(15604, 'yuj02', 74, '2016-04-15 16:26:31', ''),
	(15605, 'yuj02', 4, '2016-04-15 16:26:35', ''),
	(15606, 'yuj02', 24, '2016-04-15 16:27:32', 'look:false'),
	(15607, 'yuj02', 56, '2016-04-15 16:33:11', 'hpUserName:yuj,hpUserPw:!1qaz2wsx,hpContacts:余江,hpPhone:15021633637,hpEmail:yu@163.com,hpUserType:1,hpCulster:1,customer.id:61,min:102400,minCPU:25,max:409600,maxCPU:100,maxApps:50,weight:1'),
	(15608, 'yuj02', 4, '2016-04-15 16:33:15', ''),
	(15609, 'yuj02', 74, '2016-04-15 16:33:39', ''),
	(15610, 'yuj02', 4, '2016-04-15 16:33:43', ''),
	(15611, 'yuj02', 8, '2016-04-15 16:33:46', ''),
	(15612, 'yuj02', 19, '2016-04-15 16:33:53', ''),
	(15613, 'yuj02', 112, '2016-04-15 16:33:57', ''),
	(15614, 'yuj02', 115, '2016-04-15 16:33:58', 'divId:hdfsList'),
	(15615, 'yuj02', 114, '2016-04-15 16:33:58', 'divId:dbList'),
	(15616, 'yuj02', 121, '2016-04-15 16:34:01', ''),
	(15617, 'yuj02', 44, '2016-04-15 16:34:09', ''),
	(15618, 'yuj02', 45, '2016-04-15 16:34:10', ''),
	(15619, 'yuj02', 50, '2016-04-15 16:34:17', ''),
	(15620, 'yuj02', 10, '2016-04-15 16:34:25', ''),
	(15621, 'yuj02', 22, '2016-04-15 16:34:31', ''),
	(15622, 'yuj02', 59, '2016-04-15 16:34:35', ''),
	(15623, 'yuj02', 60, '2016-04-15 16:34:46', 'hadoopUser:8a82948a53e631eb0154190d6e060002'),
	(15624, 'yuj02', 22, '2016-04-15 16:34:46', ''),
	(15625, 'yuj02', 61, '2016-04-15 16:34:58', 'id:725'),
	(15626, 'yuj02', 62, '2016-04-15 16:35:05', 'days:0,kid:725,id:126'),
	(15627, 'yuj02', 22, '2016-04-15 16:35:07', ''),
	(15628, 'yuj02', 63, '2016-04-15 16:37:07', 'id:725,_:1460709373141'),
	(15629, 'yuj02', 22, '2016-04-15 16:37:09', ''),
	(15630, 'yuj02', 59, '2016-04-15 16:42:59', ''),
	(15631, 'yuj02', 4, '2016-04-15 16:43:05', ''),
	(15632, 'yuj02', 24, '2016-04-15 16:43:08', 'look:false'),
	(15633, 'yuj02', 56, '2016-04-15 16:44:21', 'hpUserName:yuj01,hpUserPw:!1qaz2wsx,hpContacts:余江01,hpPhone:15021633637,hpEmail:y@163.com,hpUserType:1,hpCulster:2,customer.id:199,min:102400,minCPU:25,max:409600,maxCPU:100,maxApps:50,weight:1'),
	(15634, 'yuj02', 4, '2016-04-15 16:44:23', ''),
	(15635, 'yuj02', 22, '2016-04-15 16:44:30', ''),
	(15636, 'yuj02', 59, '2016-04-15 16:44:34', ''),
	(15637, 'yuj02', 60, '2016-04-15 16:44:36', 'hadoopUser:8a82948a53e631eb01541917a6d90003'),
	(15638, 'yuj02', 22, '2016-04-15 16:44:37', ''),
	(15639, 'yuj02', 63, '2016-04-15 16:44:41', 'id:726,_:1460709942700'),
	(15640, 'yuj02', 22, '2016-04-15 16:44:45', ''),
	(15641, 'yuj02', 61, '2016-04-15 16:44:48', 'id:726'),
	(15642, 'yuj02', 62, '2016-04-15 16:44:51', 'days:0,kid:726,id:126'),
	(15643, 'yuj02', 22, '2016-04-15 16:44:53', ''),
	(15644, 'yuj02', 63, '2016-04-15 16:45:00', 'id:726,_:1460709959095'),
	(15645, 'yuj02', 22, '2016-04-15 16:45:01', ''),
	(15646, 'yuj02', 23, '2016-04-15 16:52:19', ''),
	(15647, 'yuj02', 57, '2016-04-15 16:52:31', ''),
	(15648, 'yuj02', 23, '2016-04-15 16:52:34', ''),
	(15649, 'yuj02', 112, '2016-04-15 16:52:40', ''),
	(15650, 'yuj02', 115, '2016-04-15 16:52:41', 'divId:hdfsList'),
	(15651, 'yuj02', 114, '2016-04-15 16:52:41', 'divId:dbList'),
	(15652, 'yuj02', 23, '2016-04-15 16:52:44', ''),
	(15653, 'yuj02', 23, '2016-04-15 16:52:53', ''),
	(15654, 'yuj02', 74, '2016-04-15 16:53:00', ''),
	(15655, 'yuj02', 4, '2016-04-15 16:53:03', ''),
	(15656, 'yuj02', 22, '2016-04-15 16:53:07', ''),
	(15657, 'yuj02', 23, '2016-04-15 16:53:41', ''),
	(15658, 'yuj02', 22, '2016-04-15 16:55:28', ''),
	(15659, 'yuj02', 112, '2016-04-15 16:55:33', ''),
	(15660, 'yuj02', 115, '2016-04-15 16:55:34', 'divId:hdfsList'),
	(15661, 'yuj02', 114, '2016-04-15 16:55:34', 'divId:dbList'),
	(15662, 'yuj02', 3, '2016-04-15 16:55:37', ''),
	(15663, 'yuj02', 4, '2016-04-15 16:55:47', ''),
	(15664, 'yuj02', 24, '2016-04-15 16:55:53', 'id:8a82948a53e631eb01541917a6d90003,look:false'),
	(15665, 'yuj02', 31, '2016-04-15 16:55:56', ''),
	(15666, 'yuj02', 35, '2016-04-15 16:56:04', 'username:gdpi,id:8a82948a517c90d201517cf711a00001'),
	(15667, 'yuj02', 14, '2016-04-15 17:04:23', ''),
	(15668, 'yuj02', 14, '2016-04-15 17:16:50', ''),
	(15669, 'yuj02', 44, '2016-04-15 17:17:08', ''),
	(15670, 'yuj02', 45, '2016-04-15 17:17:09', ''),
	(15671, 'yuj02', 50, '2016-04-15 17:17:13', ''),
	(15672, 'yuj02', 10, '2016-04-15 17:17:16', ''),
	(15673, 'yuj02', 51, '2016-04-15 17:17:22', ''),
	(15674, 'yuj02', 71, '2016-04-15 17:17:26', ''),
	(15675, 'yuj02', 14, '2016-04-15 17:17:30', ''),
	(15676, 'yuj02', 14, '2016-04-15 17:18:08', 'page:2'),
	(15677, 'yuj02', 14, '2016-04-15 17:18:24', 'page:6'),
	(15678, 'yuj02', 14, '2016-04-15 17:18:45', ''),
	(15679, 'admin', 2, '2016-04-15 17:19:15', ''),
	(15680, 'admin', 14, '2016-04-15 17:19:19', ''),
	(15681, 'admin', 14, '2016-04-15 17:19:32', 'page:2'),
	(15682, 'admin', 14, '2016-04-15 17:19:37', ''),
	(15683, 'admin', 14, '2016-04-15 17:19:49', 'Q_LIKE_userName:admin'),
	(15684, 'admin', 2, '2016-04-17 14:13:42', ''),
	(15685, 'admin', 3, '2016-04-17 14:13:49', ''),
	(15686, 'admin', 55, '2016-04-17 14:13:58', 'id:3582'),
	(15687, 'admin', 82, '2016-04-17 14:14:13', 'id:3582'),
	(15688, 'admin', 55, '2016-04-17 14:14:21', 'id:3582'),
	(15689, 'admin', 55, '2016-04-17 14:14:33', 'id:3581'),
	(15690, 'admin', 55, '2016-04-17 14:14:37', 'id:3581'),
	(15691, 'admin', 113, '2016-04-17 14:15:01', 'id:3581,hpBusiTag:测试yj,hpBusiType:测试yj'),
	(15692, 'admin', 3, '2016-04-17 14:15:01', ''),
	(15693, 'admin', 55, '2016-04-17 14:15:06', 'id:3581'),
	(15694, 'admin', 113, '2016-04-17 14:15:11', 'id:3581'),
	(15695, 'admin', 3, '2016-04-17 14:15:11', ''),
	(15696, 'admin', 6, '2016-04-17 14:15:19', ''),
	(15697, 'admin', 6, '2016-04-17 14:15:46', 'Q_LIKE_id:8a82948a53e631eb0154190d6e060002'),
	(15698, 'admin', 6, '2016-04-17 14:15:50', 'Q_LIKE_id:8a82948a53e631eb01541917a6d90003'),
	(15699, 'admin', 3, '2016-04-17 14:15:57', ''),
	(15700, 'admin', 55, '2016-04-17 14:16:07', 'id:3582'),
	(15701, 'admin', 52, '2016-04-17 14:16:34', ''),
	(15702, 'admin', 57, '2016-04-17 14:16:39', ''),
	(15703, 'admin', 14, '2016-04-17 14:16:48', ''),
	(15704, 'admin', 44, '2016-04-17 14:17:05', ''),
	(15705, 'admin', 45, '2016-04-17 14:17:06', ''),
	(15706, 'admin', 128, '2016-04-17 14:17:13', ''),
	(15707, 'admin', 50, '2016-04-17 14:17:31', ''),
	(15708, 'admin', 50, '2016-04-17 14:18:35', 'page:2'),
	(15709, 'admin', 50, '2016-04-17 14:18:46', 'page:1'),
	(15710, 'admin', 22, '2016-04-17 14:19:14', ''),
	(15711, 'admin', 23, '2016-04-17 14:19:20', ''),
	(15712, 'admin', 10, '2016-04-17 14:19:37', ''),
	(15713, 'admin', 51, '2016-04-17 14:19:51', ''),
	(15714, 'admin', 71, '2016-04-17 14:21:40', ''),
	(15715, 'admin', 71, '2016-04-17 14:21:43', ''),
	(15716, 'admin', 8, '2016-04-17 14:21:51', ''),
	(15717, 'admin', 27, '2016-04-17 14:22:07', 'resourceId:12126,divId:groupUsers'),
	(15718, 'admin', 28, '2016-04-17 14:22:07', 'resourceId:12126,divId:otherUsers'),
	(15719, 'admin', 47, '2016-04-17 14:22:25', 'hadoopUserId:8a82948a53e631eb01541917a6d90003,resourceId:12126,_:1460874179301'),
	(15720, 'admin', 27, '2016-04-17 14:22:27', 'resourceId:12126,divId:groupUsers'),
	(15721, 'admin', 28, '2016-04-17 14:22:27', 'resourceId:12126,divId:otherUsers'),
	(15722, 'admin', 19, '2016-04-17 14:22:40', ''),
	(15723, 'admin', 112, '2016-04-17 14:22:48', ''),
	(15724, 'admin', 115, '2016-04-17 14:22:49', 'divId:hdfsList'),
	(15725, 'admin', 114, '2016-04-17 14:22:49', 'divId:dbList'),
	(15726, 'admin', 121, '2016-04-17 14:22:56', ''),
	(15727, 'admin', 122, '2016-04-17 14:23:03', 'param:1'),
	(15728, 'admin', 123, '2016-04-17 14:23:10', 'hadoopUserId:8a82948a51995da901521bd76b310003'),
	(15729, 'admin', 124, '2016-04-17 14:26:17', 'sourceClusterType.id:1,hadoopuser.id:8a82948a51995da901521bd76b310003,sourceHdfs:12163,run:2016-04,targetClusterType.id:2,targetHdfsFolderName:/user/delos/public/test_a'),
	(15730, 'admin', 121, '2016-04-17 14:26:17', ''),
	(15731, 'admin', 126, '2016-04-17 14:26:39', 'id:2'),
	(15732, 'admin', 121, '2016-04-17 14:26:39', ''),
	(15733, 'admin', 74, '2016-04-17 14:35:44', ''),
	(15734, 'admin', 4, '2016-04-17 14:35:50', ''),
	(15735, 'admin', 31, '2016-04-17 14:35:54', ''),
	(15736, 'admin', 3, '2016-04-17 14:39:01', ''),
	(15737, 'admin', 5, '2016-04-17 14:39:10', 'id:61'),
	(15738, 'admin', 5, '2016-04-17 14:39:12', 'id:200'),
	(15739, 'admin', 74, '2016-04-17 14:39:25', ''),
	(15740, 'admin', 3, '2016-04-17 14:39:32', ''),
	(15741, 'admin', 6, '2016-04-17 14:42:12', ''),
	(15742, 'admin', 7, '2016-04-17 14:42:17', 'id:200'),
	(15743, 'admin', 7, '2016-04-17 14:42:19', 'id:61'),
	(15744, 'admin', 7, '2016-04-17 14:42:26', 'id:61'),
	(15745, 'admin', 6, '2016-04-17 14:42:51', 'page:3'),
	(15746, 'admin', 6, '2016-04-17 14:42:54', 'page:2'),
	(15747, 'admin', 57, '2016-04-17 14:43:34', ''),
	(15748, 'admin', 112, '2016-04-17 14:43:39', ''),
	(15749, 'admin', 115, '2016-04-17 14:43:40', 'divId:hdfsList'),
	(15750, 'admin', 114, '2016-04-17 14:43:40', 'divId:dbList'),
	(15751, 'admin', 112, '2016-04-17 14:43:44', ''),
	(15752, 'admin', 115, '2016-04-17 14:43:45', 'divId:hdfsList'),
	(15753, 'admin', 114, '2016-04-17 14:43:45', 'divId:dbList'),
	(15754, 'admin', 74, '2016-04-17 14:46:37', ''),
	(15755, 'admin', 31, '2016-04-17 14:46:44', ''),
	(15756, 'admin', 33, '2016-04-17 14:46:48', 'username:gdpi,id:8a82948a517c90d201517cf711a00001'),
	(15757, 'admin', 33, '2016-04-17 14:46:56', 'username:yuj,id:8a82948a53e631eb0154190d6e060002'),
	(15758, 'admin', 34, '2016-04-17 14:47:15', 'name:yuj,username:8a82948a53e631eb0154190d6e060002,quotaSpace:100,unit:M,fileCount:100'),
	(15759, 'admin', 33, '2016-04-17 14:47:18', 'username:yuj,id:8a82948a53e631eb0154190d6e060002'),
	(15760, 'admin', 33, '2016-04-17 14:47:23', 'username:u_lx_build,id:8a82948a53e631eb0153ea5b09f00001'),
	(15761, 'admin', 35, '2016-04-17 14:47:26', 'username:yuj,id:8a82948a53e631eb0154190d6e060002'),
	(15762, 'admin', 33, '2016-04-17 14:48:02', 'username:yuj,id:8a82948a53e631eb0154190d6e060002'),
	(15763, 'admin', 35, '2016-04-17 14:48:14', 'username:yuj,id:8a82948a53e631eb0154190d6e060002'),
	(15764, 'admin', 74, '2016-04-17 14:48:44', ''),
	(15765, 'admin', 31, '2016-04-17 14:48:48', ''),
	(15766, 'admin', 33, '2016-04-17 14:51:27', 'username:yuj,id:8a82948a53e631eb0154190d6e060002'),
	(15767, 'admin', 35, '2016-04-17 14:51:37', 'username:yuj,id:8a82948a53e631eb0154190d6e060002'),
	(15768, 'admin', 33, '2016-04-17 14:51:56', 'username:yuj,id:8a82948a53e631eb0154190d6e060002'),
	(15769, 'admin', 33, '2016-04-17 14:52:13', 'username:yuj,id:8a82948a53e631eb0154190d6e060002'),
	(15770, 'admin', 35, '2016-04-17 14:52:43', 'username:yuj,id:8a82948a53e631eb0154190d6e060002'),
	(15771, 'admin', 33, '2016-04-17 14:55:33', 'username:yuj01,id:8a82948a53e631eb01541917a6d90003'),
	(15772, 'admin', 35, '2016-04-17 14:55:36', 'username:yuj01,id:8a82948a53e631eb01541917a6d90003'),
	(15773, 'admin', 35, '2016-04-17 14:55:42', 'username:yuj,id:8a82948a53e631eb0154190d6e060002'),
	(15774, 'admin', 35, '2016-04-17 14:55:58', 'username:yuj,id:8a82948a53e631eb0154190d6e060002'),
	(15775, 'admin', 37, '2016-04-17 14:56:14', 'id:155,name:yuj,username:8a82948a53e631eb0154190d6e060002,ad:*,queue:yuj,min:1,minCPU:25,max:4,maxCPU:100,maxApps:50,weight:1.0'),
	(15776, 'admin', 74, '2016-04-17 14:56:33', ''),
	(15777, 'admin', 4, '2016-04-17 14:56:37', ''),
	(15778, 'admin', 74, '2016-04-17 14:56:47', ''),
	(15779, 'admin', 8, '2016-04-17 14:56:50', ''),
	(15780, 'admin', 19, '2016-04-17 14:56:57', ''),
	(15781, 'admin', 25, '2016-04-17 14:57:04', 'resourceId:3580,divId:groupUsers'),
	(15782, 'admin', 26, '2016-04-17 14:57:04', 'resourceId:3580,divId:otherUsers'),
	(15783, 'admin', 4, '2016-04-17 14:58:44', ''),
	(15784, 'admin', 74, '2016-04-17 14:58:48', ''),
	(15785, 'admin', 22, '2016-04-17 14:58:53', ''),
	(15786, 'admin', 61, '2016-04-17 15:00:34', 'id:726'),
	(15787, 'admin', 14, '2016-04-17 15:00:48', ''),
	(15788, 'admin', 44, '2016-04-17 15:00:55', ''),
	(15789, 'admin', 45, '2016-04-17 15:00:56', ''),
	(15790, 'admin', 50, '2016-04-17 15:01:03', ''),
	(15791, 'admin', 23, '2016-04-17 15:01:08', ''),
	(15792, 'admin', 112, '2016-04-17 15:01:32', ''),
	(15793, 'admin', 115, '2016-04-17 15:01:33', 'divId:hdfsList'),
	(15794, 'admin', 114, '2016-04-17 15:01:33', 'divId:dbList'),
	(15795, 'admin', 121, '2016-04-17 15:01:35', ''),
	(15796, 'admin', 8, '2016-04-17 15:01:45', ''),
	(15797, 'admin', 4, '2016-04-17 15:01:52', ''),
	(15798, 'admin', 23, '2016-04-17 15:02:08', ''),
	(15799, 'admin', 22, '2016-04-17 15:02:10', ''),
	(15800, 'admin', 64, '2016-04-17 15:02:16', 'id:726,_:1460876598029'),
	(15801, 'admin', 22, '2016-04-17 15:02:17', ''),
	(15802, 'admin', 23, '2016-04-17 15:03:32', ''),
	(15803, 'admin', 23, '2016-04-17 15:03:37', ''),
	(15804, 'admin', 22, '2016-04-17 15:03:39', ''),
	(15805, 'admin', 4, '2016-04-17 15:05:54', ''),
	(15806, 'admin', 29, '2016-04-17 15:06:05', 'id:8a82948a53e631eb01541917a6d90003,_:1460876822161'),
	(15807, 'admin', 4, '2016-04-17 15:06:07', ''),
	(15808, 'admin', 24, '2016-04-17 15:08:28', 'id:8a82948a53e631eb01541917a6d90003,look:false'),
	(15809, 'admin', 77, '2016-04-17 15:08:43', 'id:8a82948a53e631eb01541917a6d90003,_:1460876835025'),
	(15810, 'admin', 4, '2016-04-17 15:08:45', ''),
	(15811, 'admin', 22, '2016-04-17 15:10:11', ''),
	(15812, 'admin', 4, '2016-04-17 15:12:15', ''),
	(15813, 'admin', 29, '2016-04-17 15:12:23', 'id:8a82948a53e631eb01541917a6d90003,_:1460877203372'),
	(15814, 'admin', 4, '2016-04-17 15:12:25', ''),
	(15815, 'admin', 30, '2016-04-17 15:15:32', 'id:8a82948a53e631eb01541917a6d90003,_:1460877213260'),
	(15816, 'admin', 4, '2016-04-17 15:15:34', ''),
	(15817, 'admin', 74, '2016-04-17 15:15:38', ''),
	(15818, 'admin', 4, '2016-04-17 15:16:09', ''),
	(15819, 'admin', 121, '2016-04-17 15:16:29', ''),
	(15820, 'admin', 23, '2016-04-17 15:18:42', ''),
	(15821, 'admin', 22, '2016-04-17 15:18:45', ''),
	(15822, 'admin', 64, '2016-04-17 15:19:34', 'id:725,_:1460877592788'),
	(15823, 'admin', 22, '2016-04-17 15:19:36', ''),
	(15824, 'admin', 63, '2016-04-17 15:46:21', 'id:725,_:1460877644441'),
	(15825, 'admin', 22, '2016-04-17 15:46:22', ''),
	(15826, 'admin', 23, '2016-04-17 15:46:33', ''),
	(15827, 'admin', 22, '2016-04-17 15:46:52', ''),
	(15828, 'admin', 23, '2016-04-17 15:47:58', ''),
	(15829, 'admin', 22, '2016-04-17 16:15:53', ''),
	(15830, 'admin', 87, '2016-04-17 16:34:57', ''),
	(15831, 'admin', 3, '2016-04-17 16:35:01', ''),
	(15832, 'admin', 44, '2016-04-17 16:35:09', ''),
	(15833, 'admin', 45, '2016-04-17 16:35:10', ''),
	(15834, 'admin', 10, '2016-04-17 16:35:14', ''),
	(15835, 'admin', 51, '2016-04-17 16:35:20', ''),
	(15836, 'admin', 71, '2016-04-17 16:35:28', ''),
	(15837, 'admin', 121, '2016-04-17 16:35:41', ''),
	(15838, 'admin', 121, '2016-04-17 16:38:55', ''),
	(15839, 'admin', 2, '2016-04-17 20:47:18', ''),
	(15840, 'admin', 19, '2016-04-17 20:47:25', ''),
	(15841, 'admin', 8, '2016-04-17 20:47:35', ''),
	(15842, 'admin', 15, '2016-04-17 20:47:44', 'rel:dirForm'),
	(15843, 'admin', 23, '2016-04-17 20:47:58', ''),
	(15844, 'admin', 51, '2016-04-17 20:49:40', ''),
	(15845, 'admin', 71, '2016-04-17 20:49:49', ''),
	(15846, 'admin', 50, '2016-04-17 20:50:05', ''),
	(15847, 'admin', 44, '2016-04-17 20:50:15', ''),
	(15848, 'admin', 45, '2016-04-17 20:50:16', ''),
	(15849, 'admin', 50, '2016-04-17 20:50:22', ''),
	(15850, 'admin', 23, '2016-04-17 20:50:30', ''),
	(15851, 'admin', 2, '2016-04-17 21:27:00', ''),
	(15852, 'admin', 3, '2016-04-17 21:27:03', ''),
	(15853, 'admin', 5, '2016-04-17 21:27:15', 'id:199'),
	(15854, 'admin', 5, '2016-04-17 21:27:21', 'id:200'),
	(15855, 'admin', 31, '2016-04-17 21:27:25', ''),
	(15856, 'admin', 32, '2016-04-17 21:27:26', ''),
	(15857, 'admin', 6, '2016-04-17 21:27:34', ''),
	(15858, 'admin', 16, '2016-04-17 21:27:40', 'id:12162'),
	(15859, 'admin', 6, '2016-04-17 21:27:57', 'Q_LIKE_hpFolderName:test'),
	(15860, 'admin', 18, '2016-04-17 21:28:12', 'id:12150'),
	(15861, 'admin', 8, '2016-04-17 21:28:30', ''),
	(15862, 'admin', 121, '2016-04-17 21:28:40', ''),
	(15863, 'admin', 2, '2016-04-18 14:11:41', ''),
	(15864, 'admin', 8, '2016-04-18 14:13:12', ''),
	(15865, 'admin', 74, '2016-04-18 14:13:23', ''),
	(15866, 'admin', 4, '2016-04-18 14:13:29', ''),
	(15867, 'admin', 31, '2016-04-18 14:13:38', ''),
	(15868, 'admin', 32, '2016-04-18 14:13:40', ''),
	(15869, 'admin', 2, '2016-04-18 15:30:13', ''),
	(15870, 'admin', 8, '2016-04-18 15:36:48', ''),
	(15871, 'admin', 23, '2016-04-18 15:36:58', ''),
	(15872, 'admin', 22, '2016-04-18 15:37:09', ''),
	(15873, 'admin', 23, '2016-04-18 15:37:15', ''),
	(15874, 'admin', 31, '2016-04-18 15:38:19', ''),
	(15875, 'admin', 32, '2016-04-18 15:38:21', ''),
	(15876, 'admin', 33, '2016-04-18 15:49:46', 'username:sample1,id:8a82948a51995da90151a957ee680001'),
	(15877, 'admin', 33, '2016-04-18 15:49:53', 'username:yuj,id:8a82948a53e631eb0154190d6e060002'),
	(15878, 'admin', 35, '2016-04-18 15:49:58', 'username:yuj,id:8a82948a53e631eb0154190d6e060002'),
	(15879, 'admin', 33, '2016-04-18 15:52:09', 'username:yuj,id:8a82948a53e631eb0154190d6e060002'),
	(15880, 'admin', 35, '2016-04-18 15:52:18', 'username:yuj,id:8a82948a53e631eb0154190d6e060002'),
	(15881, 'admin', 22, '2016-04-18 15:52:43', ''),
	(15882, 'admin', 64, '2016-04-18 15:52:59', 'id:725,_:1460966030387'),
	(15883, 'admin', 22, '2016-04-18 15:53:00', ''),
	(15884, 'admin', 63, '2016-04-18 15:53:46', 'id:725,_:1460966049148'),
	(15885, 'admin', 22, '2016-04-18 15:53:48', ''),
	(15886, 'admin', 23, '2016-04-18 15:54:52', ''),
	(15887, 'admin', 44, '2016-04-18 15:55:10', ''),
	(15888, 'admin', 45, '2016-04-18 15:55:11', ''),
	(15889, 'admin', 71, '2016-04-18 15:55:34', ''),
	(15890, 'admin', 51, '2016-04-18 15:55:39', ''),
	(15891, 'admin', 44, '2016-04-18 15:56:47', ''),
	(15892, 'admin', 45, '2016-04-18 15:56:48', ''),
	(15893, 'admin', 50, '2016-04-18 15:56:51', ''),
	(15894, 'admin', 2, '2016-04-18 16:55:35', ''),
	(15895, 'admin', 121, '2016-04-18 16:56:45', ''),
	(15896, 'admin', 2, '2016-04-18 18:09:43', ''),
	(15897, 'admin', 14, '2016-04-18 18:09:47', ''),
	(15898, 'admin', 22, '2016-04-18 18:09:55', ''),
	(15899, 'admin', 23, '2016-04-18 18:10:03', ''),
	(15900, 'admin', 22, '2016-04-18 18:10:08', ''),
	(15901, 'admin', 23, '2016-04-18 18:10:12', ''),
	(15902, 'admin', 14, '2016-04-18 18:10:55', ''),
	(15903, 'admin', 8, '2016-04-18 18:10:59', ''),
	(15904, 'admin', 4, '2016-04-18 18:11:13', ''),
	(15905, 'admin', 29, '2016-04-18 18:11:21', 'id:8a82948a53e631eb0154190d6e060002,_:1460974340604'),
	(15906, 'admin', 4, '2016-04-18 18:11:23', ''),
	(15907, 'admin', 22, '2016-04-18 18:11:27', ''),
	(15908, 'admin', 2, '2016-04-18 18:35:14', ''),
	(15909, 'admin', 22, '2016-04-18 18:35:18', ''),
	(15910, 'admin', 4, '2016-04-18 18:35:30', ''),
	(15911, 'admin', 77, '2016-04-18 18:35:37', 'id:8a82948a53e631eb0154190d6e060002,_:1460975797724'),
	(15912, 'admin', 4, '2016-04-18 18:35:39', ''),
	(15913, 'admin', 23, '2016-04-18 18:37:55', ''),
	(15914, 'admin', 22, '2016-04-18 18:37:58', ''),
	(15915, 'admin', 2, '2016-04-19 13:59:27', ''),
	(15916, 'admin', 4, '2016-04-19 13:59:32', ''),
	(15917, 'admin', 6, '2016-04-19 13:59:43', ''),
	(15918, 'admin', 3, '2016-04-19 13:59:47', ''),
	(15919, 'admin', 3, '2016-04-19 13:59:52', 'Q_LIKE_id:8a82948a51995da90151a957ee680001'),
	(15920, 'admin', 6, '2016-04-19 14:00:16', ''),
	(15921, 'admin', 6, '2016-04-19 14:00:25', 'Q_LIKE_id:8a82948a51995da90151a957ee680001'),
	(15922, 'admin', 19, '2016-04-19 14:00:42', ''),
	(15923, 'admin', 25, '2016-04-19 14:00:49', 'resourceId:3582,divId:groupUsers'),
	(15924, 'admin', 26, '2016-04-19 14:00:49', 'resourceId:3582,divId:otherUsers'),
	(15925, 'admin', 8, '2016-04-19 14:00:57', ''),
	(15926, 'admin', 19, '2016-04-19 14:02:10', ''),
	(15927, 'admin', 3, '2016-04-19 14:02:26', ''),
	(15928, 'admin', 3, '2016-04-19 14:05:19', 'Q_LIKE_id:8a82948a53e631eb0154190d6e060002'),
	(15929, 'admin', 3, '2016-04-19 14:05:24', 'Q_LIKE_id:8a82948a51995da90151a957ee680001'),
	(15930, 'admin', 3, '2016-04-19 14:16:58', 'Q_LIKE_id:8a82948a53e631eb0154190d6e060002'),
	(15931, 'admin', 3, '2016-04-19 14:17:01', 'Q_LIKE_id:8a82948a53e631eb0154190d6e060002'),
	(15932, 'admin', 6, '2016-04-19 14:17:04', ''),
	(15933, 'admin', 6, '2016-04-19 14:17:10', 'page:2'),
	(15934, 'admin', 6, '2016-04-19 14:17:15', 'page:3'),
	(15935, 'admin', 3, '2016-04-19 14:17:19', ''),
	(15936, 'admin', 3, '2016-04-19 14:17:23', 'Q_LIKE_id:8a82948a53e631eb0154190d6e060002'),
	(15937, 'admin', 3, '2016-04-19 14:18:05', ''),
	(15938, 'admin', 4, '2016-04-19 14:18:11', ''),
	(15939, 'admin', 19, '2016-04-19 14:18:20', ''),
	(15940, 'admin', 88, '2016-04-19 14:18:25', ''),
	(15941, 'admin', 19, '2016-04-19 14:18:27', ''),
	(15942, 'admin', 8, '2016-04-19 14:18:35', ''),
	(15943, 'admin', 3, '2016-04-19 14:18:40', ''),
	(15944, 'admin', 55, '2016-04-19 14:18:47', 'id:3587'),
	(15945, 'admin', 22, '2016-04-19 14:19:38', ''),
	(15946, 'admin', 3, '2016-04-19 14:20:08', ''),
	(15947, 'admin', 3, '2016-04-19 14:20:22', 'Q_LIKE_id:8a82948a517c90d201517cf711a00001'),
	(15948, 'admin', 55, '2016-04-19 14:20:47', 'id:3565'),
	(15949, 'admin', 3, '2016-04-19 14:36:37', ''),
	(15950, 'admin', 3, '2016-04-19 14:36:41', 'Q_LIKE_id:8a82948a53e631eb0154190d6e060002'),
	(15951, 'admin', 55, '2016-04-19 14:36:46', 'id:3587'),
	(15952, 'admin', 3, '2016-04-19 14:36:54', ''),
	(15953, 'admin', 110, '2016-04-19 14:36:56', ''),
	(15954, 'admin', 3, '2016-04-19 14:36:58', ''),
	(15955, 'admin', 55, '2016-04-19 14:37:02', 'id:3587'),
	(15956, 'admin', 3, '2016-04-19 14:37:17', 'Q_LIKE_id:8a82948a53e631eb0154190d6e060002'),
	(15957, 'admin', 110, '2016-04-19 14:39:06', ''),
	(15958, 'admin', 3, '2016-04-19 14:39:07', ''),
	(15959, 'admin', 55, '2016-04-19 14:39:12', 'id:3588'),
	(15960, 'admin', 55, '2016-04-19 14:39:21', 'id:3587'),
	(15961, 'admin', 6, '2016-04-19 14:51:26', ''),
	(15962, 'admin', 6, '2016-04-19 14:51:33', 'Q_LIKE_id:8a82948a53e631eb0154190d6e060002'),
	(15963, 'admin', 6, '2016-04-19 14:51:36', ''),
	(15964, 'admin', 6, '2016-04-19 14:51:40', 'Q_LIKE_id:8a82948a53e631eb0154190d6e060002'),
	(15965, 'admin', 111, '2016-04-19 14:51:42', ''),
	(15966, 'admin', 8, '2016-04-19 14:51:50', ''),
	(15967, 'admin', 27, '2016-04-19 14:51:59', 'resourceId:12127,divId:groupUsers'),
	(15968, 'admin', 28, '2016-04-19 14:51:59', 'resourceId:12127,divId:otherUsers'),
	(15969, 'admin', 31, '2016-04-19 14:52:07', ''),
	(15970, 'admin', 32, '2016-04-19 14:52:08', ''),
	(15971, 'admin', 33, '2016-04-19 14:52:10', 'username:yuj,id:8a82948a53e631eb0154190d6e060002'),
	(15972, 'admin', 35, '2016-04-19 14:52:13', 'username:yuj,id:8a82948a53e631eb0154190d6e060002'),
	(15973, 'admin', 52, '2016-04-19 14:52:24', ''),
	(15974, 'admin', 57, '2016-04-19 14:52:30', ''),
	(15975, 'admin', 12, '2016-04-19 14:52:34', ''),
	(15976, 'admin', 23, '2016-04-19 14:52:43', ''),
	(15977, 'admin', 14, '2016-04-19 14:52:49', ''),
	(15978, 'admin', 14, '2016-04-19 14:52:55', 'Q_LIKE_userName:yuj'),
	(15979, 'admin', 44, '2016-04-19 14:53:10', ''),
	(15980, 'admin', 45, '2016-04-19 14:53:11', ''),
	(15981, 'admin', 50, '2016-04-19 14:53:16', ''),
	(15982, 'admin', 10, '2016-04-19 14:53:19', ''),
	(15983, 'admin', 51, '2016-04-19 14:53:33', ''),
	(15984, 'admin', 51, '2016-04-19 14:53:52', 'Q_hadoopUser:yuj'),
	(15985, 'admin', 8, '2016-04-19 14:54:06', ''),
	(15986, 'admin', 15, '2016-04-19 14:54:12', 'rel:dirForm'),
	(15987, 'admin', 19, '2016-04-19 14:54:22', ''),
	(15988, 'admin', 8, '2016-04-19 14:54:31', ''),
	(15989, 'admin', 15, '2016-04-19 14:54:36', 'rel:dirForm'),
	(15990, 'admin', 46, '2016-04-19 14:55:10', 'hpFolderName:yj_table_test,hadoopUser.id:8a82948a53e631eb0154190d6e060002'),
	(15991, 'admin', 9, '2016-04-19 14:55:14', ''),
	(15992, 'admin', 27, '2016-04-19 14:55:24', 'resourceId:12169,divId:groupUsers'),
	(15993, 'admin', 28, '2016-04-19 14:55:24', 'resourceId:12169,divId:otherUsers'),
	(15994, 'admin', 92, '2016-04-19 15:03:14', ''),
	(15995, 'admin', 8, '2016-04-19 15:03:16', ''),
	(15996, 'admin', 8, '2016-04-19 15:10:03', ''),
	(15997, 'admin', 27, '2016-04-19 15:10:13', 'resourceId:12169,divId:groupUsers'),
	(15998, 'admin', 28, '2016-04-19 15:10:13', 'resourceId:12169,divId:otherUsers'),
	(15999, 'admin', 112, '2016-04-19 15:10:25', ''),
	(16000, 'admin', 115, '2016-04-19 15:10:26', 'divId:hdfsList'),
	(16001, 'admin', 114, '2016-04-19 15:10:26', 'divId:dbList'),
	(16002, 'admin', 121, '2016-04-19 15:10:39', ''),
	(16003, 'admin', 19, '2016-04-19 15:10:44', ''),
	(16004, 'admin', 8, '2016-04-19 15:10:49', ''),
	(16005, 'admin', 2, '2016-04-19 17:42:26', ''),
	(16006, 'admin', 19, '2016-04-19 17:43:16', '');
/*!40000 ALTER TABLE `t_webapp_log` ENABLE KEYS */;
/*!40101 SET SQL_MODE=IFNULL(@OLD_SQL_MODE, '') */;
/*!40014 SET FOREIGN_KEY_CHECKS=IF(@OLD_FOREIGN_KEY_CHECKS IS NULL, 1, @OLD_FOREIGN_KEY_CHECKS) */;
/*!40101 SET CHARACTER_SET_CLIENT=@OLD_CHARACTER_SET_CLIENT */;
-- 导出  表 hadoopadminweb_db.d_machin_type 结构
CREATE TABLE IF NOT EXISTS `d_machin_type` (
  `id` int(100) NOT NULL,
  `name` varchar(50) DEFAULT NULL,
  `note` varchar(50) DEFAULT NULL,
  PRIMARY KEY (`id`)
) ENGINE=InnoDB DEFAULT CHARSET=utf8;

INSERT INTO `d_machin_type` (`id`, `name`, `note`) VALUES
	(1, 'NN', NULL),
	(2, 'DN', NULL),
	(3, 'Client', NULL),
	(4, 'KDC', NULL),
	(5, 'Hive', NULL),
	(6, 'Clushell', NULL),
	(7, 'RM', NULL),
	(9, 'WebApp', NULL);