-- --------------------------------------------------------
-- 主机:                           localhost
-- 服务器版本:                        5.7.11 - MySQL Community Server (GPL)
-- 服务器操作系统:                      Win64
-- HeidiSQL 版本:                  8.3.0.4795
-- --------------------------------------------------------

/*!40101 SET @OLD_CHARACTER_SET_CLIENT=@@CHARACTER_SET_CLIENT */;
/*!40101 SET NAMES utf8 */;
/*!40014 SET @OLD_FOREIGN_KEY_CHECKS=@@FOREIGN_KEY_CHECKS, FOREIGN_KEY_CHECKS=0 */;
/*!40101 SET @OLD_SQL_MODE=@@SQL_MODE, SQL_MODE='NO_AUTO_VALUE_ON_ZERO' */;

-- 导出 hadoopadmin_mybaties 的数据库结构
CREATE DATABASE IF NOT EXISTS `hadoopadmin_mybaties` /*!40100 DEFAULT CHARACTER SET utf8 */;
USE `hadoopadmin_mybaties`;


-- 导出  表 hadoopadmin_mybaties.cluster_cluster_type 结构
CREATE TABLE IF NOT EXISTS `cluster_cluster_type` (
  `id` int(11) NOT NULL AUTO_INCREMENT COMMENT '集群标识',
  `clusterTypeId` varchar(45) NOT NULL,
  `clusterTypeName` varchar(45) NOT NULL COMMENT '集群类型名称',
  `note` varchar(45) NOT NULL COMMENT '集群类型备注',
  PRIMARY KEY (`id`),
  UNIQUE KEY `clusterTypeId_UNIQUE` (`clusterTypeId`)
) ENGINE=InnoDB AUTO_INCREMENT=3 DEFAULT CHARSET=utf8 COMMENT='集群类型表';

-- 正在导出表  hadoopadmin_mybaties.cluster_cluster_type 的数据：~2 rows (大约)
/*!40000 ALTER TABLE `cluster_cluster_type` DISABLE KEYS */;
INSERT INTO `cluster_cluster_type` (`id`, `clusterTypeId`, `clusterTypeName`, `note`) VALUES
	(1, '1', '沙箱集群', '1'),
	(2, '2', '正式集群', '2');
/*!40000 ALTER TABLE `cluster_cluster_type` ENABLE KEYS */;


-- 导出  表 hadoopadmin_mybaties.cluster_machine 结构
CREATE TABLE IF NOT EXISTS `cluster_machine` (
  `id` int(11) NOT NULL AUTO_INCREMENT,
  `machineIp` varchar(15) NOT NULL COMMENT '机器ip地址',
  `loginUserName` varchar(45) NOT NULL COMMENT '机器登陆用户',
  `loginPassWord` varchar(45) NOT NULL COMMENT '机器登陆密码',
  `clusterTypeId` int(11) NOT NULL COMMENT '机器所属集群',
  `machineTypeId` int(11) unsigned NOT NULL COMMENT '机器类型',
  `isAddUser` int(11) NOT NULL COMMENT '是否添加用户:0-添加,1-不添加',
  `status` int(11) NOT NULL COMMENT '机器状态:0-正常,1-停机',
  `note` varchar(45) NOT NULL COMMENT '机器备注',
  PRIMARY KEY (`id`)
) ENGINE=InnoDB AUTO_INCREMENT=121 DEFAULT CHARSET=utf8 COMMENT='集群机器信息';

-- 正在导出表  hadoopadmin_mybaties.cluster_machine 的数据：~11 rows (大约)
/*!40000 ALTER TABLE `cluster_machine` DISABLE KEYS */;
INSERT INTO `cluster_machine` (`id`, `machineIp`, `loginUserName`, `loginPassWord`, `clusterTypeId`, `machineTypeId`, `isAddUser`, `status`, `note`) VALUES
	(55, '10.5.24.149', 'hadoop', 'ShTb,Ts.hd', 1, 1, 0, 0, 'namenode'),
	(56, '10.5.24.151', 'hadoop', 'ShTb,Ts.hd', 1, 3, 1, 1, 'client'),
	(57, '10.5.24.151', 'I-Hadoop', 'ideal123', 1, 9, 0, 1, 'webApp'),
	(58, '10.5.24.148', 'hadoop', 'ShTb,Ts.hd', 1, 4, 0, 1, 'KDC'),
	(59, '10.5.24.151', 'hadoop', 'ShTb,Ts.hd', 1, 5, 0, 1, 'hive'),
	(60, '10.5.24.151', 'hadoop', 'ShTb,Ts.hd', 1, 6, 0, 1, 'clushell'),
	(108, '0.0.0.0', 'hadoop', 'ShTb,Ts.hd', 1, 2, 0, 1, 'datanode只提供账户'),
	(115, '10.5.24.149', 'hadoop', 'ShTb,Ts.hd', 1, 7, 0, 1, 'resource manage'),
	(119, '10.5.30.98', 'hadoop', 'ShTb,Ts.hd', 1, 8, 0, 1, 'client'),
/*!40000 ALTER TABLE `cluster_machine` ENABLE KEYS */;


-- 导出  表 hadoopadmin_mybaties.cluster_machine_type 结构
CREATE TABLE IF NOT EXISTS `cluster_machine_type` (
  `id` int(11) NOT NULL AUTO_INCREMENT,
  `machineTypeId` varchar(45) NOT NULL COMMENT '机器类型id',
  `machineTypeName` varchar(45) NOT NULL COMMENT '机器类型名称',
  `note` varchar(45) NOT NULL COMMENT '备注',
  PRIMARY KEY (`id`),
  UNIQUE KEY `machineTypeId_UNIQUE` (`machineTypeId`)
) ENGINE=InnoDB AUTO_INCREMENT=10 DEFAULT CHARSET=utf8 COMMENT='集群机器类型';

-- 正在导出表  hadoopadmin_mybaties.cluster_machine_type 的数据：~8 rows (大约)
/*!40000 ALTER TABLE `cluster_machine_type` DISABLE KEYS */;
INSERT INTO `cluster_machine_type` (`id`, `machineTypeId`, `machineTypeName`, `note`) VALUES
	(2, '1', 'NN', 'NN'),
	(3, '2', 'DN', 'DN'),
	(4, '3', 'Client', 'Client'),
	(5, '4', 'KDC', 'KDC'),
	(6, '5', 'Hive', 'Hive'),
	(7, '6', 'ClusShell', 'ClusShell'),
	(8, '7', 'RM', 'RM'),
	(9, '9', 'WebApp', 'WebApp');
/*!40000 ALTER TABLE `cluster_machine_type` ENABLE KEYS */;


-- 导出  表 hadoopadmin_mybaties.cluster_parameter 结构
CREATE TABLE IF NOT EXISTS `cluster_parameter` (
  `id` int(11) NOT NULL AUTO_INCREMENT,
  `parameterKey` varchar(50) NOT NULL DEFAULT '' COMMENT '参数key值',
  `parameterVal` varchar(200) NOT NULL DEFAULT '' COMMENT '参数val值',
  `parentId` int(11) NOT NULL COMMENT '父参数Id',
  `note` varchar(50) NOT NULL DEFAULT '' COMMENT '备注',
  PRIMARY KEY (`id`),
  UNIQUE KEY `parameterKey` (`parameterKey`)
) ENGINE=InnoDB AUTO_INCREMENT=187 DEFAULT CHARSET=utf8;

-- 正在导出表  hadoopadmin_mybaties.cluster_parameter 的数据：~60 rows (大约)
/*!40000 ALTER TABLE `cluster_parameter` DISABLE KEYS */;
INSERT INTO `cluster_parameter` (`id`, `parameterKey`, `parameterVal`, `parentId`, `note`) VALUES
	(1, 'WEBAPP_INIT_PATH', '/home/I-Hadoop/cc/test/shell/init', 22, '初始系统参数地址'),
	(2, 'HIVE_HDFSPATH_PREFIX', 'hdfs://ns3', 20, ''),
	(4, 'HDFS_SUPER_USER', 'hdfs', 21, ''),
	(5, 'HDFS_CLUSH_DN_RANGE', 'ddp-tst-dn', 21, ''),
	(6, 'HDFS_GROUP_SUFFIX', '_group', 21, ''),
	(7, 'HDFS_HIVE_TEMP_DIR', '/tmp/hive-', 21, ''),
	(8, 'HDFS_PATH_PREFIX', '/user/', 21, ''),
	(9, 'HDFS_PUBLIC_PATH_SUFFIX', '/public', 21, ''),
	(10, 'HDFS_TRASH_PATH_SUFFIX', '/.Trash', 21, ''),
	(11, 'HDFS_PRIVATE_PATH_SUFFIX', '/private', 21, ''),
	(12, 'HIVE_CLIENT_LOG_DIR', '/tmp/', 20, ''),
	(13, 'HIVE_SENTRY_PRINCIPAL', 'principal=hive/ddp-tst-203@EXAMPLE.COM', 20, ''),
	(14, 'HIVE_SENTRY_JDBC', 'jdbc:hive2://localhost:10000/', 20, ''),
	(15, 'HIVE_SENTRY_ROLE_TEMPLET', 'role_@item@_@principle@_@path@', 20, ''),
	(16, 'HIVE_SUPER_USER', 'hive', 20, ''),
	(17, 'KDC_REALM', '@EXAMPLE.COM', 21, 'KDC认证'),
	(18, 'Des_Ticket_Cache_Path', '/home/I-Hadoop/cc/test/shell/ticket_cache/', 22, 'kerberos ticket cache 存放地址'),
	(19, 'Linux_Group_Path', '/etc/group', 22, 'Linux组信息_初始hdfsvisiter信息'),
	(20, 'Hive parameters', 'Hive parameters', 0, 'hive参数'),
	(21, 'HADOOP', 'Hadoop parameters', 0, 'hadoop参数'),
	(22, 'SYSTEM', 'System parameter', 0, '系统配置参数'),
	(23, 'RM_SCHEDULE_XML_DES_PATH', '/tmp/fair-scheduler.xml', 21, ''),
	(24, 'RM_SCHEDULE_XML_FILE_NAME', 'fair-scheduler.xml', 21, ''),
	(25, 'RM_SCHEDULE_XML_SRC_PATH', 'c:\\', 21, ''),
	(28, 'WEBAPP_SHELL_PATH', '/home/I-Hadoop/cc/test/shell/sh/', 0, ''),
	(29, 'PublicPw', '12345', 22, '公共的验证密码');
/*!40000 ALTER TABLE `cluster_parameter` ENABLE KEYS */;


-- 导出  表 hadoopadmin_mybaties.cluster_user 结构
CREATE TABLE IF NOT EXISTS `cluster_user` (
  `id` int(11) NOT NULL AUTO_INCREMENT COMMENT '自增id',
  `userName` varchar(45) DEFAULT NULL COMMENT '用户名',
  `clientPW` varchar(45) DEFAULT NULL COMMENT '用户客户端密码',
  `systemPW` varchar(45) DEFAULT NULL COMMENT '用户服务器密码',
  `companyId` int(11) DEFAULT NULL COMMENT '用户所属公司',
  `contactPerson` varchar(45) DEFAULT NULL COMMENT '联系人名字',
  `phoneNumber` varchar(11) DEFAULT NULL COMMENT '联系电话',
  `email` varchar(45) DEFAULT NULL COMMENT '用户邮箱',
  `remark` varchar(45) DEFAULT NULL COMMENT '用户备注',
  `userTypeId` int(11) DEFAULT NULL COMMENT '用户类型',
  `status` int(1) DEFAULT NULL COMMENT '用户状态:0-启用,1-停用',
  `clusterTypeId` int(11) DEFAULT NULL COMMENT '用户所属集群',
  `changeTime` bigint(20) DEFAULT NULL COMMENT '修改时间',
  `createTime` bigint(20) DEFAULT NULL COMMENT '创建时间',
  PRIMARY KEY (`id`)
) ENGINE=InnoDB AUTO_INCREMENT=110 DEFAULT CHARSET=utf8 COMMENT='集群用户表';

-- 正在导出表  hadoopadmin_mybaties.cluster_user 的数据：~109 rows (大约)
/*!40000 ALTER TABLE `cluster_user` DISABLE KEYS */;
INSERT INTO `cluster_user` (`id`, `userName`, `clientPW`, `systemPW`, `companyId`, `contactPerson`, `phoneNumber`, `email`, `remark`, `userTypeId`, `status`, `clusterTypeId`, `changeTime`, `createTime`) VALUES
	(1, 'u_hulianwangbu_1', 'UlXChLW,,3j', 'UlXChLW,,3j', 1, '1111', '1111', '', '', 2, 3, 1, 1458207989000, 1458207989000),
	(2, 'u_huashida_1', 'UxhsD,,abn', 'UxhsD,,abn', 1, '', '', '', '', 2, 3, 1, 1458207989000, 1458207989000),
	(3, 'zhangxc', '1qasw2', '1qasw2', 1, '1111', '', '', '', 1, 1, 1, 1458207989000, 1458207989000),
	(4, 'cdr', '1qasw2', '1qasw2', 1, '1111111111111', '11111111', '@@@@@@@@', '-------', 2, 0, 1, 1458207989000, 1458207989000),
	(5, 'hadoopnew', 'server@123', 'server@123', 1, '1111111111111', '11111111', '@@@@@@@@', '-------', 2, 0, 1, 1458207989000, 1458207989000),
	(6, 'u_yanjiuyuan_huanglei', 'UYjyHl01a', 'UYjyHl01a', 1, '1111111111111', '11111111', '@@@@@@@@', '-------', 2, 0, 1, 1458207989000, 1458207989000),
	(7, 'gdpi', '1qasw2', '1qasw2', 1, '1111111111111', '11111111', '@@@@@@@@', '-------', 2, 0, 1, 1458207989000, 1458207989000),
	(8, 'u_yixing_1', 'UxYxg,,abY', 'UxYxg,,abY', 1, '1111111111111', '11111111', '@@@@@@@@', '-------', 2, 0, 1, 1458207989000, 1458207989000),
	(9, 'u_yanjiuyuan_kefushun', 'UYjyKfs01a', 'UYjyKfs01a', 1, '1111111111111', '11111111', '@@@@@@@@', '-------', 2, 0, 1, 1458207989000, 1458207989000),
	(10, 'u_dingshu_1', 'UxDgS,,abz', 'UxDgS,,abz', 1, '1111111111111', '11111111', '@@@@@@@@', '-------', 2, 0, 1, 1458207989000, 1458207989000),
	(11, 'oidd', '1qasw2', '1qasw2', 1, '1111111111111', '11111111', '@@@@@@@@', '-------', 1, 0, 1, 1458207989000, 1458207989000),
	(12, 'u_lx_qiyz', 'ULQyz805,cB', 'ULQyz805,cB', 1, '1111111111111', '11111111', '@@@@@@@@', '-------', 2, 0, 1, 1458207989000, 1458207989000),
	(13, 'iptv', '1qasw2', '1qasw2', 1, '1111111111111', '11111111', '@@@@@@@@', '-------', 2, 0, 1, 1458207989000, 1458207989000),
	(14, 'u_yjy_zf', 'UYjyZf9056', 'UYjyZf9056', 1, '1111111111111', '11111111', '@@@@@@@@', '-------', 2, 0, 1, 1458207989000, 1458207989000),
	(15, 'u_heshuo_1', 'UxHs,,abh', 'UxHs,,abh', 1, '1111111111111', '11111111', '@@@@@@@@', '-------', 2, 0, 1, 1458207989000, 1458207989000),
	(16, 'rest', '1qasw2', '1qasw2', 1, '1111111111111', '11111111', '@@@@@@@@', '-------', 2, 0, 1, 1458207989000, 1458207989000),
	(17, 'testtest', 'testtest', 'testtest', 1, '1111111111111', '11111111', '@@@@@@@@', '-------', 1, 0, 1, 1458207989000, 1458207989000),
	(18, 'u_datayes_yiming', 'UDy,Ym.23a', 'UDy,Ym.23a', 1, '1111111111111', '11111111', '@@@@@@@@', '-------', 2, 0, 1, 1458207989000, 1458207989000),
	(19, 'default', 'ideal123', 'ideal123', 1, '1111111111111', '11111111', '@@@@@@@@', '-------', 2, 0, 1, 1458207989000, 1458207989000),
	(20, 'u_it_ciscofw', 'ICk,.123cic', 'ICk,.123cic', 1, '1111111111111', '11111111', '@@@@@@@@', '-------', 2, 0, 1, 1458207989000, 1458207989000),
	(21, 'e_hadoop', '1qasw2', '1qasw2', 1, '1111111111111', '11111111', '@@@@@@@@', '-------', 1, 0, 1, 1458207989000, 1458207989000),
	(22, 'u_tele_eda', 'UTlEda324', 'UTlEda324', 1, '1111111111111', '11111111', '@@@@@@@@', '-------', 2, 0, 1, 1458207989000, 1458207989000),
	(23, 'e_besttone', 'cKEgsd09', 'cKEgsd09', 1, '1111111111111', '11111111', '@@@@@@@@', '-------', 1, 0, 1, 1458207989000, 1458207989000),
	(24, 'e_bestlinks', 'Ebsl1030!#', 'Ebsl1030!#', 1, '1111111111111', '11111111', '@@@@@@@@', '-------', 1, 0, 1, 1458207989000, 1458207989000),
	(25, 'u_huaat_zzz', 'HaZz9,87a', 'HaZz9,87a', 1, '1111111111111', '11111111', '@@@@@@@@', '-------', 2, 0, 1, 1458207989000, 1458207989000),
	(26, 'zhou', '123', '123', 1, '1111111111111', '11111111', '@@@@@@@@', '-------', 1, 0, 1, 1458207989000, 1458207989000),
	(27, 'u_dys_maxj', '4f33d045f4484da2a60626745b6f95', '4f33d045f4484da2a60626745b6f95', 1, '1111111111111', '11111111', '@@@@@@@@', '-------', 2, 0, 1, 1458207989000, 1458207989000),
	(28, 'e_yalian', '9yU7nsB2', '9yU7nsB2', 1, '1111111111111', '11111111', '@@@@@@@@', '-------', 1, 0, 1, 1458207989000, 1458207989000),
	(29, 'B001', '2b45c5283a2b4341b728df9b05a53f', '2b45c5283a2b4341b728df9b05a53f', 1, '1111111111111', '11111111', '@@@@@@@@', '-------', 1, 0, 1, 1458207989000, 1458207989000),
	(30, 'u_lx_test', '123456', '123456', 1, '1111111111111', '11111111', '@@@@@@@@', '-------', 2, 0, 1, 1458207989000, 1458207989000),
	(31, 'u_dzqd_1', 'UxYDzq,.12', 'UxYDzq,.12', 1, '1111111111111', '11111111', '@@@@@@@@', '-------', 2, 0, 1, 1458207989000, 1458207989000),
	(32, 'e_baidu', 'agiwDJO2', 'agiwDJO2', 1, '1111111111111', '11111111', '@@@@@@@@', '-------', 1, 0, 1, 1458207989000, 1458207989000),
	(33, 'wushuo', 'wushuo', 'wushuo', 1, '1111111111111', '11111111', '@@@@@@@@', '-------', 1, 0, 1, 1458207989000, 1458207989000),
	(34, 'u_tydic_1', 'UTyDic901', 'UTyDic901', 1, '1111111111111', '11111111', '@@@@@@@@', '-------', 2, 0, 1, 1458207989000, 1458207989000),
	(35, 'bluesky', '1qasw2', '1qasw2', 1, '1111111111111', '11111111', '@@@@@@@@', '-------', 2, 0, 1, 1458207989000, 1458207989000),
	(36, 'A001', 'e36145ff54a142bfbcb83d47f4d97d', 'e36145ff54a142bfbcb83d47f4d97d', 1, '1111111111111', '11111111', '@@@@@@@@', '-------', 1, 0, 1, 1458207989000, 1458207989000),
	(37, 'u_yaxin_1', 'YxU1ad11z#', 'MUSmus39##', 1, '王传对', '18916595439', 'wangcd@asiainfosec.com', '', 1, 0, 1, 1458207989000, 1458207989000),
	(38, 'infa', 'ShIfa1#2!17b', 'INZinz54#!', 1, '芦振明', '278931604', 'luzhenming1984@163.com', '', 1, 0, 1, 1458207989000, 1458207989000),
	(39, 'e_xxywzx_fd1', 'UFdZ1p2#2', 'ZADzad47#@', 1, '张鹏', '13120953906', 'zhpll@126.com', '', 1, 0, 1, 1458207989000, 1458207989000),
	(40, 'e_xxywzx_fd2', 'UFdLs#31a', 'OPRopr12!#', 1, '连少华', '18521093069', '14210690014@fudan.edu.cn', '', 1, 0, 1, 1458207989000, 1458207989000),
	(41, 'u_tongji_zhuwei', 'TongJi#H12', 'LQRlqr29!#', 1, '朱玮', '13661757947', 'weizhu@tongji.edu.cn', '', 1, 0, 1, 1458207989000, 1458207989000),
	(42, 'e_xxywzx_jt', 'UdzXx@ee#l123', 'UUPuup73%@', 199, '朱浩瑾', '18019360656', 'zhuhaojin@gmail.com', '', 1, 0, 1, 1458207989000, 1458207989000),
	(43, 'meepo_job', 'meepo#123', 'PLZplz08%%', 1, 'meepo', '15516241787', 'meepo@qq.com', '', 2, 0, 1, 1458207989000, 1458207989000),
	(44, 's_it_twq', 'STbx#6TxYe', 'IDPidp36%!', 1, '唐文琪', '18916800253', 'tangwenqi@shtel.com.cn', '', 2, 0, 1, 1458207989000, 1458207989000),
	(45, 'e_xxywzx_zxx', 'Ug3rzxx#12', 'BCBbcb23@%', 131, '周小翔', '18910181626', 'silentmanlr@gmail.com', '', 1, 0, 1, 1458207989000, 1458207989000),
	(46, 'e_xxywzx_lj', 'Uxx1yw$zxT', 'OLXolx50!@', 131, '刘俊', '15821349024', 'liujun@admaster.com.cn', '', 1, 0, 1, 1458207989000, 1458207989000),
	(47, 'e_tel_hlwb_guishi', 'Seh$LWgs99', 'GLFglf14@%', 126, '王凡', '13301014262', 'jw@questmobile.com.cn', '', 1, 0, 1, 1458207989000, 1458207989000),
	(48, 'u_it_lxfbdp1', 'GBh#678y', 'VGVvgv67@!', 1, '孙文博', '18917090212', 'sunwenbo@shtel.com.cn', '', 2, 0, 1, 1458207989000, 1458207989000),
	(49, 'u_it_lxfbdp2', 'BaR%223a', 'AAJaaj19%!', 1, '孙文博', '18917090212', 'sunwenbo@shtel.com.cn', '', 2, 0, 1, 1458207989000, 1458207989000),
	(50, 's_xxywzx_lwz', 'XxL#4Jda1', 'ADGadg18%!', 131, '廖文昭', '18901899816', 'liaowenzhao@shtel.com.cn', '', 2, 0, 1, 1458207989000, 1458207989000),
	(51, 'e_xxywzx_tjh_01', 'Eknt#b01kLL', 'REGreg01!!', 200, '唐钰', '18502114399', '454216621@qq.com', '', 1, 0, 1, 1458207989000, 1458207989000),
	(52, 'e_xxywzx_tjh_02', 'Eknt#b2ikkLL', 'CXKcxk50@!', 198, '周启帆', '13671560355', '13307130080@fudan.edu.cn', '', 1, 0, 1, 1458207989000, 1458207989000),
	(53, 'e_xxywzx_tjh_03', 'Eknt#b8ju3kLL', 'AHNahn16%!', 201, '黄媛洁', '18600869326', 'huangyuan_jie@163.com', '', 1, 0, 1, 1458207989000, 1458207989000),
	(54, 'e_xxywzx_tjh_04', 'Eknt#b0rf4kLL', 'VOGvog67%!', 199, '赵国旗', '15221913010', '455108978@qq.com', '', 1, 0, 1, 1458207989000, 1458207989000),
	(55, 'e_xxywzx_tjh_05', 'Eknt#b0tgb5kLL', 'CORcor59@%', 202, '王 启', '18800232613', '1014167148@qq.com', '', 1, 0, 1, 1458207989000, 1458207989000),
	(56, 'e_xxywzx_tjh_06', 'Eknt#b07tf6kLL', 'SBLsbl14@%', 203, '刘丛加', '18817323504', 'shuijingxiu007@163.com', '', 1, 0, 1, 1458207989000, 1458207989000),
	(57, 'e_xxywzx_tjh_07', 'Eknt#b0rsx7kLL', 'CJPcjp94!%', 198, '毛一凡', '18321791893', '13307130211@fudan.edu.cn', '', 1, 0, 1, 1458207989000, 1458207989000),
	(58, 'e_xxywzx_tjh_08', 'Eknt#b6gjj08kLL', 'DIVdiv25!!', 204, '谢俊良', '18721959512', '718779792@qq.com', '', 1, 0, 1, 1458207989000, 1458207989000),
	(59, 'e_xxywzx_tjh_09', 'Eknt#b0olm9kLL', 'REHreh89@!', 203, '唐洁', '18516599156', '1056078088@qq.com', '', 1, 0, 1, 1458207989000, 1458207989000),
	(60, 'e_xxywzx_tjh_10', 'Eknt#b10dxzzkLL', 'JGUjgu09%@', 199, '高策', '15921592066', 'gaocegege@hotmail.com', '', 1, 0, 1, 1458207989000, 1458207989000),
	(61, 'e_xxywzx_tjh_11', 'Eknt#b11$knkLL', 'TVPtvp48%@', 200, '徐清悦', '18321149303', '490136664@qq.com', '', 1, 0, 1, 1458207989000, 1458207989000),
	(62, 'e_xxywzx_tjh_12', 'Eknt#b12$8jnnkLL', 'WSGwsg97@!', 205, '代晓菊', '15196611622', '287854616@qq.com', '', 1, 0, 1, 1458207989000, 1458207989000),
	(63, 'e_xxywzx_tjh_13', 'Eknt#b13&dbvhkLL', 'URZurz12!@', 198, '鲍洁', '15316822396', '13307100374@fudan.edu.cn', '', 1, 0, 1, 1458207989000, 1458207989000),
	(64, 'e_xxywzx_tjh_14', 'Eknt#bi&hbv14kLL', 'ODKodk74%@', 198, '李皓南', '13331072219', '12307130091@fudan.edu.cn', '', 1, 0, 1, 1458207989000, 1458207989000),
	(65, 'e_xxywzx_tjh_15', 'Eknt#b15&&jdvbkLL', 'SBMsbm54%%', 199, '刘飒', '15201772269', '506825897@qq.com', '', 1, 0, 1, 1458207989000, 1458207989000),
	(66, 'e_xxywzx_tjh_16', 'Eknt#b16iubkLL', 'DCHdch87%!', 199, '王培新', '13916778852', 'peter007008@qq.com', '', 1, 0, 1, 1458207989000, 1458207989000),
	(67, 'e_xxywzx_tjh_17', 'Eknt#b13f9ih7kLL', 'BIKbik43%%', 199, '徐亚南', '15821170537', 'xuyanan2012@126.com', '', 1, 0, 1, 1458207989000, 1458207989000),
	(68, 'e_xxywzx_tjh_18', 'Eknt#b1845gvkLL', 'YZNyzn96@@', 199, '刘涛', '18817551644', 'liutaodeemail@126.com', '', 1, 0, 1, 1458207989000, 1458207989000),
	(69, 'e_xxywzx_tjh_19', 'Eknt#b19okvkLL', 'EWXewx35%%', 198, '成庆荣', '15201760183', '13307130336@fudan.edu.cn', '', 1, 0, 1, 1458207989000, 1458207989000),
	(70, 'e_xxywzx_tjh_20', 'Eknt#b$dxs20kLL', 'HAGhag89@@', 198, '谢晨昊', '13621615982', 'redreamality@gmail.com', '', 1, 0, 1, 1458207989000, 1458207989000),
	(71, 'e_xxywzx_tjh_21', 'Eknt#b21&bvclkLL', 'FBCfbc64%@', 198, '王燚', '13764083623', 'evonne_w@126.com', '', 1, 0, 1, 1458207989000, 1458207989000),
	(72, 'e_xxywzx_tjh_22', 'Eknt#b22uhaakLL', 'PGQpgq41@@', 198, '毛江云', '18801912037', 'maojiangyun@163.com', '', 1, 0, 1, 1458207989000, 1458207989000),
	(73, 'e_xxywzx_tjh_23', 'Eknt#b234fsaqkLL', 'TJUtju24%%', 206, '郝逸先', '18964195070', 'haoyixian1994@hotmail.com', '', 1, 0, 1, 1458207989000, 1458207989000),
	(74, 'e_xxywzx_tjh_24', 'Eknt#b24vwckLL', 'YJFyjf36@%', 200, '章志达', '15221629003', '813252812@qq.com', '', 1, 0, 1, 1458207989000, 1458207989000),
	(75, 'e_xxywzx_tjh_25', 'Eknt#b25jqebkLL', 'CCBccb75%!', 204, '张神风', '18721233795', '1587985496@qq.com', '', 1, 0, 1, 1458207989000, 1458207989000),
	(76, 'e_xxywzx_tjh_26', 'Eknt#b26eqwvnkLL', 'DPOdpo80@@', 207, '阿布都克然木·阿迪力', '15221109013', '406386776@qq.com', '', 1, 0, 1, 1458207989000, 1458207989000),
	(77, 'e_xxywzx_tjh_27', 'Eknt#b27jtgokLL', 'TLYtly20%%', 198, '宋柳漪', '13761819968', '12300180119@fudan.edu.cn', '', 1, 0, 1, 1458207989000, 1458207989000),
	(78, 'e_xxywzx_tjh_28', 'Eknt#b28fvlpkLL', 'SHLshl56!%', 198, '高杨', '15931006319', '13307100210@fudan.edu.cn', '', 1, 0, 1, 1458207989000, 1458207989000),
	(79, 's_haobai_jtdx', 'SHb#5Bxabi', 'GQHgqh33@@', 199, '王永坤', '13012823586', 'ykw@sjtu.edu.cn', '', 2, 0, 1, 1458207989000, 1458207989000),
	(80, 'e_iresearch', 'pS45K8', 'pS45K8', 1, '1111111111111', '11111111', '@@@@@@@@', '-------', 1, 0, 1, 1458207989000, 1458207989000),
	(81, 'u_sfc_wangyang', 'SfcWy1,45', 'SfcWy1,45', 1, '1111111111111', '11111111', '@@@@@@@@', '-------', 2, 0, 1, 1458207989000, 1458207989000),
	(82, 'aa1', 'aa1pw', 'aa1pw', 1, '1111111111111', '11111111', '@@@@@@@@', '-------', 1, 0, 1, 1458207989000, 1458207989000),
	(83, 'e_fengxun', 'Efxun!23$qa', 'Efxun!23$qa', 1, '1111111111111', '11111111', '@@@@@@@@', '-------', 1, 0, 1, 1458207989000, 1458207989000),
	(84, 'cdpi', '1qasw2', '1qasw2', 1, '1111111111111', '11111111', '@@@@@@@@', '-------', 2, 0, 1, 1458207989000, 1458207989000),
	(85, 'gu', '123', '123', 1, '1111111111111', '11111111', '@@@@@@@@', '-------', 1, 0, 1, 1458207989000, 1458207989000),
	(86, 'wang', '123', '123', 1, '1111111111111', '11111111', '@@@@@@@@', '-------', 1, 0, 1, 1458207989000, 1458207989000),
	(87, 'u_dzqd_2', 'UyzWDzq,.j5', 'UyzWDzq,.j5', 1, '1111111111111', '11111111', '@@@@@@@@', '-------', 2, 0, 1, 1458207989000, 1458207989000),
	(88, 'cs_test', 'fsf', 'fsf', 1, '1111111111111', '11111111', '@@@@@@@@', '-------', 1, 0, 1, 1458207989000, 1458207989000),
	(89, 'I-Hadoop', 'ideal123', 'ideal123', 1, '1111111111111', '11111111', '@@@@@@@@', '-------', 2, 0, 1, 1458207989000, 1458207989000),
	(90, 'u_ruer_1', 'Urr,,AB1c', 'Urr,,AB1c', 1, '1111111111111', '11111111', '@@@@@@@@', '-------', 2, 0, 1, 1458207989000, 1458207989000),
	(91, 'zxc88', '1qasw2', '1qasw2', 1, '1111111111111', '11111111', '@@@@@@@@', '-------', 1, 0, 1, 1458207989000, 1458207989000),
	(92, 'e_hexiang', 'u8RIJg2s', 'u8RIJg2s', 1, '1111111111111', '11111111', '@@@@@@@@', '-------', 1, 0, 1, 1458207989000, 1458207989000),
	(93, 'u_hsd_yz', 'Uhsd!Q23A', 'Uhsd!Q23A', 1, '1111111111111', '11111111', '@@@@@@@@', '-------', 2, 0, 1, 1458207989000, 1458207989000),
	(94, 'u_yihubu_1', 'UgJFyhb,,1a', 'UgJFyhb,,1a', 1, '1111111111111', '11111111', '@@@@@@@@', '-------', 2, 0, 1, 1458207989000, 1458207989000),
	(95, 'test1234', 'ideal123', 'ideal123', 1, '1111111111111', '11111111', '@@@@@@@@', '-------', 1, 0, 1, 1458207989000, 1458207989000),
	(96, 'u_ibm_1', 'Uxibm,,aba', 'Uxibm,,aba', 1, '1111111111111', '11111111', '@@@@@@@@', '-------', 2, 0, 1, 1458207989000, 1458207989000),
	(97, 'u_fengxun_1', 'Uxfxun,,abC', 'Uxfxun,,abC', 1, '1111111111111', '11111111', '@@@@@@@@', '-------', 2, 0, 1, 1458207989000, 1458207989000),
	(98, 'u_chs_cxm', 'Uch84xm,g', 'Uch84xm,g', 1, '1111111111111', '11111111', '@@@@@@@@', '-------', 1, 0, 1, 1458207989000, 1458207989000),
	(99, 'dfsw', '123', '123', 1, '1111111111111', '11111111', '@@@@@@@@', '-------', 1, 0, 1, 1458207989000, 1458207989000),
	(100, 'B_1', 'C*', 'C*', 1, '1111111111111', '11111111', '@@@@@@@@', '-------', 1, 0, 1, 1458207989000, 1458207989000),
	(101, 'e_geo', '8tX5p3Sq', '8tX5p3Sq', 1, '1111111111111', '11111111', '@@@@@@@@', '-------', 1, 0, 1, 1458207989000, 1458207989000),
	(102, 'zfj2', '58ce459010e94d488ecc27063f2e3d', '58ce459010e94d488ecc27063f2e3d', 1, '1111111111111', '11111111', '@@@@@@@@', '-------', 2, 0, 1, 1458207989000, 1458207989000),
	(103, 'fske', 'at103', 'at103', 1, '1111111111111', '11111111', '@@@@@@@@', '-------', 2, 0, 1, 1458207989000, 1458207989000),
	(104, 'e_pingan', 'WIdajogEI24', 'WIdajogEI24', 1, '1111111111111', '11111111', '@@@@@@@@', '-------', 1, 0, 1, 1458207989000, 1458207989000),
	(105, 'u_haobai_1', 'UbXHba,.2a', 'UbXHba,.2a', 1, '1111111111111', '11111111', '@@@@@@@@', '-------', 2, 0, 1, 1458207989000, 1458207989000),
	(106, 'u_tengxun_zhanghua', 'UTx,Zh.k73', 'UTx,Zh.k73', 1, '1111111111111', '11111111', '@@@@@@@@', '-------', 2, 0, 1, 1458207989000, 1458207989000),
	(107, 'u_yjy_lxs', 'UYjyLx0609', 'UYjyLx0609', 1, '1111111111111', '11111111', '@@@@@@@@', '-------', 2, 0, 1, 1458207989000, 1458207989000),
	(108, 'u_qianzhi_1', 'uQz1,abz', 'uQz1,abz', 1, '1111111111111', '11111111', '@@@@@@@@', '-------', 2, 0, 1, 1458207989000, 1458207989000),
	(109, 'xltest', 'xuliang1989', 'xuliang1989', 1, '1111111111111', '11111111', '@@@@@@@@', '-------', 1, 0, 1, 1458207989000, 1458207989000);
/*!40000 ALTER TABLE `cluster_user` ENABLE KEYS */;


-- 导出  表 hadoopadmin_mybaties.cluster_user_hdfsquota 结构
CREATE TABLE IF NOT EXISTS `cluster_user_hdfsquota` (
  `id` int(11) NOT NULL AUTO_INCREMENT,
  `userId` int(11) NOT NULL COMMENT '集群用户标识',
  `hdfsSpace` int(11)  COMMENT 'hdfs用户空间大小',
  `hdfsFileCount` int(11)  COMMENT 'hdfs文件数量',
  `hdfsSpaceUnit` varchar(1) NOT NULL COMMENT 'hdfs空间单位',
  `hdfsPath` varchar(100) NOT NULL COMMENT 'hdfs地址',
  PRIMARY KEY (`id`)
) ENGINE=InnoDB AUTO_INCREMENT=19 DEFAULT CHARSET=utf8;

-- 正在导出表  hadoopadmin_mybaties.cluster_user_hdfsquota 的数据：~0 rows (大约)
/*!40000 ALTER TABLE `cluster_user_hdfsquota` DISABLE KEYS */;
/*!40000 ALTER TABLE `cluster_user_hdfsquota` ENABLE KEYS */;


-- 导出  表 hadoopadmin_mybaties.cluster_user_kbrauth 结构
CREATE TABLE IF NOT EXISTS `cluster_user_kbrauth` (
  `id` int(11) NOT NULL AUTO_INCREMENT,
  `userId` int(11) NOT NULL COMMENT '集群用户标识',
  `machineId` int(11) NOT NULL COMMENT '机器id',
  `startTime` bigint(20) NOT NULL COMMENT '票据生效时间',
  `endTime` bigint(20) NOT NULL COMMENT '票据失效时间',
  `principal` varchar(50) NOT NULL COMMENT '认证主体',
  `ticketPath` varchar(50) NOT NULL COMMENT 'kerberos票据具体地址',
  `status` int(11) NOT NULL COMMENT 'kerberos认证状态:0-成功,1-失败',
  `createTime` bigint(20) NOT NULL,
  PRIMARY KEY (`id`)
) ENGINE=InnoDB DEFAULT CHARSET=utf8 COMMENT='集群用户kerberos认证情况';

-- 正在导出表  hadoopadmin_mybaties.cluster_user_kbrauth 的数据：~0 rows (大约)
/*!40000 ALTER TABLE `cluster_user_kbrauth` DISABLE KEYS */;
/*!40000 ALTER TABLE `cluster_user_kbrauth` ENABLE KEYS */;


-- 导出  表 hadoopadmin_mybaties.cluster_user_kbrconfig 结构
CREATE TABLE IF NOT EXISTS `cluster_user_kbrconfig` (
  `id` int(11) NOT NULL AUTO_INCREMENT,
  `userId` int(11) NOT NULL COMMENT '集群用户标识',
  `validDay` int(10) unsigned zerofill NOT NULL COMMENT 'kerberos有效期',
  `machineIds` varchar(100) NOT NULL COMMENT '机器列表(存储机器id)',
  `status` int(1) unsigned zerofill NOT NULL COMMENT 'kerberos状态:0-启用,1-停用',
  `changeTime` bigint(20) NOT NULL COMMENT '修改时间',
  `createTime` bigint(20) NOT NULL COMMENT '创建时间',
  `startTime` bigint(20) NOT NULL COMMENT '有效时间开始日期',
  `endTime` bigint(20) NOT NULL COMMENT '有效时间结束日期',
  PRIMARY KEY (`id`)
) ENGINE=InnoDB AUTO_INCREMENT=69 DEFAULT CHARSET=utf8 COMMENT='集群用户kerberos配置表';

-- 正在导出表  hadoopadmin_mybaties.cluster_user_kbrconfig 的数据：~50 rows (大约)
/*!40000 ALTER TABLE `cluster_user_kbrconfig` DISABLE KEYS */;
INSERT INTO `cluster_user_kbrconfig` (`id`, `userId`, `validDay`, `machineIds`, `status`, `changeTime`, `createTime`, `startTime`, `endTime`) VALUES
	(15, 22, 0000000004, '1,2', 0, 1457508674059, 1457081285812, 1457081285812, 1457081285812),
	(16, 26, 0000000000, '1,2', 0, 1457515734851, 1457515734851, 1457515734851, 1457515734851),
	(18, 31, 0000000000, '1', 0, 1458011777622, 1458011777622, 1458011777622, 1458011777622),
	(22, 49, 0000000000, '3', 0, 1458108482605, 1458108482605, 1458108482605, 1458108482605),
	(23, 50, 0000000000, '3', 0, 1458108634811, 1458108634811, 1458108634811, 1458108634811),
	(24, 51, 0000000000, '3,5', 0, 1458109150197, 1458109150197, 1458109150197, 1458109150197),
	(25, 52, 0000000000, '3,5', 0, 1458109278520, 1458109278520, 1458109278520, 1458109278520),
	(26, 53, 0000000000, '3,5', 0, 1458109776340, 1458109776340, 1458109776340, 1458109776340),
	(27, 54, 0000000000, '3,5', 0, 1458109830898, 1458109830898, 1458109830898, 1458109830898),
	(28, 55, 0000000000, '3,5', 0, 1458109899184, 1458109899184, 1458109899184, 1458109899184),
	(29, 56, 0000000000, '3,5', 0, 1458110224940, 1458110224940, 1458110224940, 1458110224940),
	(30, 57, 0000000000, '3,5', 0, 1458110411184, 1458110411184, 1458110411184, 1458110411184),
	(31, 58, 0000000000, '3,5', 0, 1458110635721, 1458110635721, 1458110635721, 1458110635721),
	(32, 59, 0000000000, '3,5', 0, 1458111672120, 1458111672120, 1458111672120, 1458111672120),
	(33, 60, 0000000000, '3,5', 0, 1458111816891, 1458111816891, 1458111816891, 1458111816891),
	(34, 61, 0000000000, '3,5', 0, 1458112013113, 1458112013113, 1458112013113, 1458112013113),
	(35, 62, 0000000000, '3,5', 0, 1458112356658, 1458112356658, 1458112356658, 1458112356658),
	(36, 63, 0000000000, '3,5', 0, 1458112405440, 1458112405440, 1458112405440, 1458112405440),
	(37, 64, 0000000000, '3,5', 0, 1458112610108, 1458112610108, 1458112610108, 1458112610108),
	(38, 65, 0000000000, '3,5', 0, 1458112939520, 1458112939520, 1458112939520, 1458112939520),
	(39, 66, 0000000000, '3,5', 0, 1458113111019, 1458113111019, 1458113111019, 1458113111019),
	(40, 67, 0000000000, '3,5', 0, 1458113694455, 1458113694455, 1458113694455, 1458113694455),
	(41, 68, 0000000000, '3,5', 0, 1458113947616, 1458113947616, 1458113947616, 1458113947616),
	(42, 69, 0000000000, '3,5', 0, 1458114309141, 1458114309141, 1458114309141, 1458114309141),
	(43, 70, 0000000000, '3,5', 0, 1458114450404, 1458114450404, 1458114450404, 1458114450404),
	(44, 71, 0000000000, '3,5', 0, 1458115367677, 1458115367677, 1458115367677, 1458115367677),
	(45, 72, 0000000000, '3,5', 0, 1458115707544, 1458115707544, 1458115707544, 1458115707544),
	(46, 73, 0000000000, '3,5', 0, 1458115960032, 1458115960032, 1458115960032, 1458115960032),
	(47, 74, 0000000000, '3,5', 0, 1458116811564, 1458116811564, 1458116811564, 1458116811564),
	(48, 75, 0000000000, '3,5', 0, 1458116892874, 1458116892874, 1458116892874, 1458116892874),
	(49, 76, 0000000000, '3,5', 0, 1458116923921, 1458116923921, 1458116923921, 1458116923921),
	(50, 77, 0000000000, '3,5', 0, 1458117366475, 1458117366475, 1458117366475, 1458117366475),
	(51, 78, 0000000000, '3,5', 0, 1458117603448, 1458117603448, 1458117603448, 1458117603448),
	(52, 79, 0000000000, '3,5', 0, 1458117680049, 1458117680049, 1458117680049, 1458117680049),
	(53, 80, 0000000000, '3,5', 0, 1458117897984, 1458117897984, 1458117897984, 1458117897984),
	(54, 81, 0000000000, '3,5', 0, 1458118087172, 1458118087172, 1458118087172, 1458118087172),
	(55, 82, 0000000000, '3,5', 0, 1458118115862, 1458118115862, 1458118115862, 1458118115862),
	(56, 83, 0000000000, '3,5', 0, 1458118198780, 1458118198780, 1458118198780, 1458118198780),
	(57, 84, 0000000000, '3,5', 0, 1458118299593, 1458118299593, 1458118299593, 1458118299593),
	(58, 85, 0000000000, '3,5', 0, 1458118354129, 1458118354129, 1458118354129, 1458118354129),
	(59, 86, 0000000000, '3,5', 0, 1458118385374, 1458118385374, 1458118385374, 1458118385374),
	(60, 87, 0000000000, '3,5', 0, 1458119980670, 1458119980670, 1458119980670, 1458119980670),
	(61, 88, 0000000000, '3,5', 0, 1458121428817, 1458121428817, 1458121428817, 1458121428817),
	(62, 89, 0000000000, '3,5', 0, 1458122424547, 1458122424547, 1458122424547, 1458122424547),
	(63, 90, 0000000000, '3,5', 0, 1458122929289, 1458122929289, 1458122929289, 1458122929289),
	(64, 91, 0000000000, '3,5', 0, 1458123604451, 1458123604451, 1458123604451, 1458123604451),
	(65, 92, 0000000000, '3,5', 0, 1458180624740, 1458180624740, 1458180624740, 1458180624740),
	(66, 93, 0000000000, '3,5', 0, 1458180686406, 1458180686406, 1458180686406, 1458180686406),
	(67, 94, 0000000000, '3,5', 0, 1458180801141, 1458180801141, 1458180801141, 1458180801141),
	(68, 95, 0000000000, '3,5', 0, 1458180844560, 1458180844560, 1458180844560, 1458180844560);
/*!40000 ALTER TABLE `cluster_user_kbrconfig` ENABLE KEYS */;


-- 导出  表 hadoopadmin_mybaties.cluster_user_queue 结构
CREATE TABLE IF NOT EXISTS `cluster_user_queue` (
  `id` int(11) NOT NULL AUTO_INCREMENT,
  `userId` int(11) NOT NULL COMMENT '用户id',
  `queueName` varchar(50) NOT NULL DEFAULT '' COMMENT '队列名称',
  `minResource` int(11) NOT NULL COMMENT '最小资源数',
  `maxResource` int(11) NOT NULL COMMENT '最大资源数',
  `maxApp` int(11) NOT NULL COMMENT '最大app数',
  `weight` float NOT NULL COMMENT '权重值',
  `acl` varchar(50) NOT NULL DEFAULT '' COMMENT 'acl值',
  `minCpu` int(11) NOT NULL COMMENT '最小cpu值',
  `maxCpu` int(11) NOT NULL COMMENT '最大cpu值',
  `modifyTime` bigint(20) NOT NULL COMMENT '修改时间',
  PRIMARY KEY (`id`),
  KEY `userId` (`userId`)
) ENGINE=InnoDB AUTO_INCREMENT=64 DEFAULT CHARSET=utf8;

-- 正在导出表  hadoopadmin_mybaties.cluster_user_queue 的数据：~50 rows (大约)
/*!40000 ALTER TABLE `cluster_user_queue` DISABLE KEYS */;
INSERT INTO `cluster_user_queue` (`id`, `userId`, `queueName`, `minResource`, `maxResource`, `maxApp`, `weight`, `acl`, `minCpu`, `maxCpu`, `modifyTime`) VALUES
	(10, 22, 'dfess_queue', 102400, 409600, 50, 1, '*', 25, 100, 1457499613020),
	(11, 26, 'eesef2222_queue', 102400, 409600, 50, 1, '*', 25, 100, 1457515734854),
	(13, 31, 'admin_queue', 102400, 409600, 50, 1, '*', 25, 100, 1458011777625),
	(17, 49, 'fdsd_queue', 102400, 409600, 50, 1, '*', 25, 100, 1458108482606),
	(18, 50, 'eer_queue', 102400, 409600, 50, 1, '*', 25, 100, 1458108634815),
	(19, 51, 'tesres_queue', 102400, 409600, 50, 1, '*', 25, 100, 1458109150201),
	(20, 52, 'dfsfs_queue', 102400, 409600, 50, 1, '*', 25, 100, 1458109278521),
	(21, 53, 'admin123123_queue', 102400, 409600, 50, 1, '*', 25, 100, 1458109776340),
	(22, 54, 'adminsdfsdf_queue', 102400, 409600, 50, 1, '*', 25, 100, 1458109830898),
	(23, 55, 'adminaasd_queue', 102400, 409600, 50, 1, '*', 25, 100, 1458109899184),
	(24, 56, 'admin12_queue', 102400, 409600, 50, 1, '*', 25, 100, 1458110226021),
	(25, 57, 'admin11_queue', 102400, 409600, 50, 1, '*', 25, 100, 1458110411184),
	(26, 58, 'qwe_queue', 102400, 409600, 50, 1, '*', 25, 100, 1458110635993),
	(27, 59, 'rew_queue', 102400, 409600, 50, 1, '*', 25, 100, 1458111672120),
	(28, 60, 'dfdds_queue', 102400, 409600, 50, 1, '*', 25, 100, 1458111816894),
	(29, 61, 'dfsfsee_queue', 102400, 409600, 50, 1, '*', 25, 100, 1458112013113),
	(30, 62, 'refefs_queue', 102400, 409600, 50, 1, '*', 25, 100, 1458112356658),
	(31, 63, 'esese_queue', 102400, 409600, 50, 1, '*', 25, 100, 1458112405440),
	(32, 64, 'dfdfdf_queue', 102400, 409600, 50, 1, '*', 25, 100, 1458112610108),
	(33, 65, 'dfs_queue', 102400, 409600, 50, 1, '*', 25, 100, 1458112939520),
	(34, 66, 'ewe_queue', 102400, 409600, 50, 1, '*', 25, 100, 1458113111023),
	(35, 67, 'erwwwe_queue', 102400, 409600, 50, 1, '*', 25, 100, 1458113694459),
	(36, 68, 'erese_queue', 102400, 409600, 50, 1, '*', 25, 100, 1458113947621),
	(37, 69, 'esess_queue', 102400, 409600, 50, 1, '*', 25, 100, 1458114309145),
	(38, 70, 'tertr_queue', 102400, 409600, 50, 1, '*', 25, 100, 1458114450407),
	(39, 71, 'sefddd_queue', 102400, 409600, 50, 1, '*', 25, 100, 1458115367682),
	(40, 72, 'eses_queue', 102400, 409600, 50, 1, '*', 25, 100, 1458115707549),
	(41, 73, 'eses4_queue', 102400, 409600, 50, 1, '*', 25, 100, 1458115960032),
	(42, 74, 'rwer_queue', 102400, 409600, 50, 1, '*', 25, 100, 1458116811564),
	(43, 75, 'ewe_queue', 102400, 409600, 50, 1, '*', 25, 100, 1458116892874),
	(44, 76, 'ewe3_queue', 102400, 409600, 50, 1, '*', 25, 100, 1458116923921),
	(45, 77, 'dfdf_queue', 102400, 409600, 50, 1, '*', 25, 100, 1458117366476),
	(46, 78, 'eese_queue', 102400, 409600, 50, 1, '*', 25, 100, 1458117603448),
	(47, 79, 'ffed_queue', 102400, 409600, 50, 1, '*', 25, 100, 1458117680049),
	(48, 80, 'hhjg_queue', 102400, 409600, 50, 1, '*', 25, 100, 1458117897984),
	(49, 81, 'rss_queue', 102400, 409600, 50, 1, '*', 25, 100, 1458118087172),
	(50, 82, 'dfdfeeeee_queue', 102400, 409600, 50, 1, '*', 25, 100, 1458118115862),
	(51, 83, 'ersdf_queue', 102400, 409600, 50, 1, '*', 25, 100, 1458118198780),
	(52, 84, 'fdfd_queue', 102400, 409600, 50, 1, '*', 25, 100, 1458118299595),
	(53, 85, 'er_queue', 102400, 409600, 50, 1, '*', 25, 100, 1458118354129),
	(54, 86, 'erdddd_queue', 102400, 409600, 50, 1, '*', 25, 100, 1458118385374),
	(55, 87, 'fedfsd_queue', 102400, 409600, 50, 1, '*', 25, 100, 1458119980673),
	(56, 88, 'rdg_queue', 102400, 409600, 50, 1, '*', 25, 100, 1458121428821),
	(57, 89, 'rrs_queue', 102400, 409600, 50, 1, '*', 25, 100, 1458122424547),
	(58, 90, 'dddsss_queue', 102400, 409600, 50, 1, '*', 25, 100, 1458122929289),
	(59, 91, 'dddsssd_queue', 102400, 409600, 50, 1, '*', 25, 100, 1458123604451),
	(60, 92, 'dfddefsdf_queue', 102400, 409600, 50, 1, '*', 25, 100, 1458180624744),
	(61, 93, 'dfcvdf_queue', 102400, 409600, 50, 1, '*', 25, 100, 1458180686407),
	(62, 94, 'fse_queue', 102400, 409600, 50, 1, '*', 25, 100, 1458180801141),
	(63, 95, 'fdsffsdfs_queue', 102400, 409600, 50, 1, '*', 25, 100, 1458180844560);
/*!40000 ALTER TABLE `cluster_user_queue` ENABLE KEYS */;


-- 导出  表 hadoopadmin_mybaties.cluster_user_type 结构
CREATE TABLE IF NOT EXISTS `cluster_user_type` (
  `id` int(11) NOT NULL AUTO_INCREMENT COMMENT '用户类型标识',
  `userTypeId` varchar(45) NOT NULL,
  `userTypeName` varchar(45) NOT NULL COMMENT '用户类型名称',
  `note` varchar(45) NOT NULL COMMENT '用户类型备注',
  PRIMARY KEY (`id`),
  UNIQUE KEY `userTypeId_UNIQUE` (`userTypeId`)
) ENGINE=InnoDB AUTO_INCREMENT=4 DEFAULT CHARSET=utf8 COMMENT='集群用户类型';

-- 正在导出表  hadoopadmin_mybaties.cluster_user_type 的数据：~3 rows (大约)
/*!40000 ALTER TABLE `cluster_user_type` DISABLE KEYS */;
INSERT INTO `cluster_user_type` (`id`, `userTypeId`, `userTypeName`, `note`) VALUES
	(1, '1', '厂商用户', 'zd'),
	(2, '2', '内部用户', '的'),
	(3, '3', '其他', ' ');
/*!40000 ALTER TABLE `cluster_user_type` ENABLE KEYS */;

-- 正在导出表  hadoopadmin_mybaties.cluster_user_wizard 的数据：~3 rows (大约)
/*!40000 ALTER TABLE `cluster_user_wizard` DISABLE KEYS */;
INSERT INTO `cluster_user_wizard` (`id`, `title`, `url`, `sort`) VALUES
	(1, '第一步', ' ', 1),
	(2, '第二部', ' ', 2),
	(3, '第三部', ' ', 3);
/*!40000 ALTER TABLE `cluster_user_wizard` ENABLE KEYS */;


-- 导出  表 hadoopadmin_mybaties.meta_hdfs_access 结构
CREATE TABLE IF NOT EXISTS `meta_hdfs_access` (
  `id` int(11) NOT NULL AUTO_INCREMENT,
  `clusterUserId` int(11) NOT NULL COMMENT '集群用户',
  `hdfsInfoId` int(11) NOT NULL COMMENT 'hdfspath信息',
  `createTime` bigint(20) NOT NULL,
  PRIMARY KEY (`id`)
) ENGINE=InnoDB AUTO_INCREMENT=3 DEFAULT CHARSET=utf8 COMMENT='hdsf访问权限表';

-- 正在导出表  hadoopadmin_mybaties.meta_hdfs_access 的数据：~1 rows (大约)
/*!40000 ALTER TABLE `meta_hdfs_access` DISABLE KEYS */;
INSERT INTO `meta_hdfs_access` (`id`, `clusterUserId`, `hdfsInfoId`, `createTime`) VALUES
	(2, 3, 5, 1458123877869);
/*!40000 ALTER TABLE `meta_hdfs_access` ENABLE KEYS */;


-- 导出  表 hadoopadmin_mybaties.meta_hdfs_info 结构
CREATE TABLE IF NOT EXISTS `meta_hdfs_info` (
  `id` int(11) NOT NULL AUTO_INCREMENT,
  `hdfsPath` varchar(45) NOT NULL COMMENT 'hdfs地址',
  `clusterUserId` int(11) NOT NULL COMMENT '根据地址截取的用户',
  `hdfsGroup` varchar(45) NOT NULL COMMENT '地址所属组',
  `hdfsOwner` varchar(45) NOT NULL COMMENT '地址的权限所属人',
  `hdfsPerm` varchar(45) NOT NULL COMMENT '地址所属权限',
  `note` varchar(45) NOT NULL COMMENT '备注',
  `createTime` bigint(20) NOT NULL COMMENT '创建时间',
  PRIMARY KEY (`id`)
) ENGINE=InnoDB AUTO_INCREMENT=12 DEFAULT CHARSET=utf8 COMMENT='hdfs公有的元数据信息';

-- 正在导出表  hadoopadmin_mybaties.meta_hdfs_info 的数据：~3 rows (大约)
/*!40000 ALTER TABLE `meta_hdfs_info` DISABLE KEYS */;
INSERT INTO `meta_hdfs_info` (`id`, `hdfsPath`, `clusterUserId`, `hdfsGroup`, `hdfsOwner`, `hdfsPerm`, `note`, `createTime`) VALUES
	(1, 'a/a/a', 1, 'w', 'w', 'w', 'w', 0),
	(3, 'c/c/c', 3, 'e', 'e', 'e', 'ee', 0),
	(5, '/user/张三三/public/aaa', 3, '张三三_aaa', '张三三', 'drwxr-x---', 'bbb', 1456394843390);
/*!40000 ALTER TABLE `meta_hdfs_info` ENABLE KEYS */;


-- 导出  表 hadoopadmin_mybaties.meta_hdfs_info_bak 结构
CREATE TABLE IF NOT EXISTS `meta_hdfs_info_bak` (
  `id` int(11) NOT NULL AUTO_INCREMENT,
  `hdfsPath` varchar(45) NOT NULL COMMENT 'hdfs地址',
  `clusterUserId` int(11) NOT NULL COMMENT '根据地址截取的用户',
  `hdfsGroup` varchar(45) NOT NULL COMMENT '地址所属组',
  `hdfsOwner` varchar(45) NOT NULL COMMENT '地址的权限所属人',
  `hdfsPerm` varchar(45) NOT NULL COMMENT '地址所属权限',
  `note` varchar(45) NOT NULL COMMENT '备注',
  `createTime` bigint(20) NOT NULL COMMENT '创建时间',
  `properties` int(1) NOT NULL COMMENT '0 公有 1 私有 ',
  PRIMARY KEY (`id`)
) ENGINE=InnoDB AUTO_INCREMENT=16 DEFAULT CHARSET=utf8 COMMENT='hdfs元数据信息';

-- 正在导出表  hadoopadmin_mybaties.meta_hdfs_info_bak 的数据：~2 rows (大约)
/*!40000 ALTER TABLE `meta_hdfs_info_bak` DISABLE KEYS */;
INSERT INTO `meta_hdfs_info_bak` (`id`, `hdfsPath`, `clusterUserId`, `hdfsGroup`, `hdfsOwner`, `hdfsPerm`, `note`, `createTime`, `properties`) VALUES
	(1, 'a/a/a', 1, 'w', 'w', 'w', 'w', 0, 0),
	(3, 'c/c/c', 3, 'e', 'e', 'e', 'ee', 0, 0);
/*!40000 ALTER TABLE `meta_hdfs_info_bak` ENABLE KEYS */;


-- 导出  表 hadoopadmin_mybaties.meta_hive_access 结构
CREATE TABLE IF NOT EXISTS `meta_hive_access` (
  `id` int(11) NOT NULL AUTO_INCREMENT,
  `clusterUserId` int(11) NOT NULL COMMENT '集群用户标识',
  `hiveInfoId` int(11) NOT NULL COMMENT 'hive数据标识',
  `createTime` bigint(20) NOT NULL COMMENT '创建时间',
  PRIMARY KEY (`id`)
) ENGINE=InnoDB AUTO_INCREMENT=16 DEFAULT CHARSET=utf8 COMMENT='集群hive数据访问权限';

-- 正在导出表  hadoopadmin_mybaties.meta_hive_access 的数据：~1 rows (大约)
/*!40000 ALTER TABLE `meta_hive_access` DISABLE KEYS */;
INSERT INTO `meta_hive_access` (`id`, `clusterUserId`, `hiveInfoId`, `createTime`) VALUES
	(1, 1, 1, 0);
/*!40000 ALTER TABLE `meta_hive_access` ENABLE KEYS */;


-- 导出  表 hadoopadmin_mybaties.meta_hive_info 结构
CREATE TABLE IF NOT EXISTS `meta_hive_info` (
  `id` int(11) NOT NULL AUTO_INCREMENT,
  `dbName` varchar(45) NOT NULL COMMENT 'HIVE数据库名称',
  `tableName` varchar(45) NOT NULL COMMENT 'HIVE表名',
  `hdfsInfoBakId` int(11) NOT NULL COMMENT 'hdfs_bak表信息',
  `createTime` bigint(20) NOT NULL COMMENT '创建时间',
  `clusterUserId` int(11) NOT NULL COMMENT '用户id',
  `hiveSqlId` int(11) NOT NULL COMMENT 'hiveSQL',
  PRIMARY KEY (`id`)
) ENGINE=InnoDB AUTO_INCREMENT=5 DEFAULT CHARSET=utf8 COMMENT='集群公有的hive元数据信息';

-- 正在导出表  hadoopadmin_mybaties.meta_hive_info 的数据：~1 rows (大约)
/*!40000 ALTER TABLE `meta_hive_info` DISABLE KEYS */;
INSERT INTO `meta_hive_info` (`id`, `dbName`, `tableName`, `hdfsInfoBakId`, `createTime`, `clusterUserId`, `hiveSqlId`) VALUES
	(4, 'aa/a/', 'ss', 1, 0, 1, 1);
/*!40000 ALTER TABLE `meta_hive_info` ENABLE KEYS */;


-- 导出  表 hadoopadmin_mybaties.meta_hive_sql 结构
CREATE TABLE IF NOT EXISTS `meta_hive_sql` (
  `id` int(11) NOT NULL AUTO_INCREMENT,
  `hiveSql` text NOT NULL COMMENT 'hive建表sql',
  PRIMARY KEY (`id`)
) ENGINE=InnoDB AUTO_INCREMENT=2 DEFAULT CHARSET=utf8 COMMENT='hive的建表sql语句';

-- 正在导出表  hadoopadmin_mybaties.meta_hive_sql 的数据：~0 rows (大约)
/*!40000 ALTER TABLE `meta_hive_sql` DISABLE KEYS */;
INSERT INTO `meta_hive_sql` (`id`, `hiveSql`) VALUES
	(1, '建表sql');
/*!40000 ALTER TABLE `meta_hive_sql` ENABLE KEYS */;


-- 导出  表 hadoopadmin_mybaties.system_company 结构
CREATE TABLE IF NOT EXISTS `system_company` (
  `id` int(11) NOT NULL AUTO_INCREMENT COMMENT '公司唯一标识',
  `companyName` varchar(45) NOT NULL COMMENT '公司名称',
  `note` varchar(45) NOT NULL,
  `contactName` varchar(255) NOT NULL,
  `contactMobile` varchar(255) NOT NULL,
  `delTag` int(11) NOT NULL DEFAULT '0',
  PRIMARY KEY (`id`)
) ENGINE=InnoDB AUTO_INCREMENT=136 DEFAULT CHARSET=utf8 COMMENT='集群公司表';

-- 正在导出表  hadoopadmin_mybaties.system_company 的数据：~72 rows (大约)
/*!40000 ALTER TABLE `system_company` DISABLE KEYS */;
INSERT INTO `system_company` (`id`, `companyName`, `note`, `contactName`, `contactMobile`, `delTag`) VALUES
	(1, '上海电信', '0', '0', '0', 0),
	(3, '上海亚联公司', '0', '0', '0', 0),
	(4, '上海鸿观', '0', '0', '0', 0),
	(61, '上海理想信息有限公司', '0', '0', '0', 0),
	(68, '鸿冠(基础位置营销)', '0', '0', '0', 0),
	(69, '电子支付大数据项目-海高', '0', '0', '0', 0),
	(70, '大数据可视化展示系统优化项目-理想', '0', '0', '0', 0),
	(71, '2014年大数据基础位置营销及内部应用工作台-理想', '0', '0', '0', 0),
	(72, '运维网格项目-海高', '0', '0', '0', 0),
	(73, '东方国信', '0', '0', '0', 0),
	(74, 'c网dpi应用', '0', '0', '0', 0),
	(75, 'C网DPI报表', '0', '0', '0', 0),
	(76, '计费话单', '0', '0', '0', 0),
	(77, '原始资源表', '0', '0', '0', 0),
	(78, 'DMP厂商-百度', '0', '0', '0', 0),
	(79, 'DMP厂商-百事灵', '0', '0', '0', 0),
	(80, 'DMP厂商-百事通', '0', '0', '0', 0),
	(81, 'DMP厂商-定象优动', '0', '0', '0', 0),
	(82, 'DMP厂商-集团测试（集奥）', '0', '0', '0', 0),
	(83, 'DMP厂商-风寻', '0', '0', '0', 0),
	(84, 'DMP厂商-集奥', '0', '0', '0', 0),
	(85, 'DMP厂商-和翔', '0', '0', '0', 0),
	(86, 'DMP厂商-惠生', '0', '0', '0', 0),
	(87, 'DMP厂商-艾瑞咨询集团', '0', '0', '0', 0),
	(88, 'DMP厂商-聚胜万和', '0', '0', '0', 0),
	(89, 'DMP厂商-凭安', '0', '0', '0', 0),
	(90, 'DMP厂商-启冠', '0', '0', '0', 0),
	(91, 'DMP厂商-清源', '0', '0', '0', 0),
	(92, 'DMP厂商-北研', '0', '0', '0', 0),
	(93, 'DMP厂商-百分点', '0', '0', '0', 0),
	(94, 'DMP厂商-亚联', '0', '0', '0', 0),
	(95, 'DMP厂商-云逸', '0', '0', '0', 0),
	(96, 'DMP厂商-一号店', '0', '0', '0', 0),
	(97, 'DMP厂商-爰金', '0', '0', '0', 0),
	(98, 'DMP厂商-晶赞', '0', '0', '0', 0),
	(99, 'DMP厂商-昭兰', '0', '0', '0', 0),
	(100, 'DMP厂商-智子信息', '0', '0', '0', 0),
	(101, '固网dpi应用', '0', '0', '0', 0),
	(102, '东方国信kdls标签', '0', '0', '0', 0),
	(103, 'mac扫描数据', '0', '0', '0', 0),
	(104, 'meepo任务调度', '0', '0', '0', 0),
	(105, 'ODS数据', '0', '0', '0', 0),
	(106, 'OIDD数据', '0', '0', '0', 0),
	(107, 'iptv,wifi等应用', '0', '0', '0', 0),
	(108, '东方国信集团RTB应用', '0', '0', '0', 0),
	(109, '海高清单查询', '0', '0', '0', 0),
	(110, '商务e云', '0', '0', '0', 0),
	(111, '东方国信dpi标签应用', '0', '0', '0', 0),
	(112, 'IT安全管控平台', '0', '0', '0', 0),
	(113, '号百', '0', '0', '0', 0),
	(114, '鸿冠（WIFI运营支撑）', '0', '0', '0', 0),
	(115, '华师大', '0', '0', '0', 0),
	(116, 'IBP', '0', '0', '0', 0),
	(117, 'IT部', '0', '0', '0', 0),
	(118, '思科', '0', '0', '0', 0),
	(119, '理想公司数据组(工单)', '0', '0', '0', 0),
	(120, '理想公司数据', '0', '0', '0', 0),
	(121, '理想公司标签', '0', '0', '0', 0),
	(122, '理想公司人口分析', '0', '0', '0', 0),
	(123, '理想公司', '0', '0', '0', 0),
	(124, 'CDR清单查询', '0', '0', '0', 0),
	(125, '移动互联网部', '0', '0', '0', 0),
	(126, '互联网部', '0', '0', '0', 0),
	(127, 'EDA', '0', '0', '0', 0),
	(128, 'IT部-田宏强', '0', '0', '0', 0),
	(129, '南区', '0', '0', '0', 0),
	(130, '翼之城', '0', '0', '0', 0),
	(131, '新兴业务中心', '0', '0', '0', 0),
	(132, '新业务部', '0', '0', '0', 0),
	(133, '研究院', '0', '0', '0', 0),
	(134, 'IT账务测试', '0', '0', '0', 0),
	(135, '鸿冠(WIFI）', '0', '0', '0', 0);
/*!40000 ALTER TABLE `system_company` ENABLE KEYS */;


-- 导出  表 hadoopadmin_mybaties.system_menu 结构
CREATE TABLE IF NOT EXISTS `system_menu` (
  `id` int(11) NOT NULL AUTO_INCREMENT,
  `title` varchar(45) NOT NULL COMMENT '菜单名',
  `url` varchar(100) NOT NULL DEFAULT ' ' COMMENT '菜单路径',
  `cssClass` varchar(45) NOT NULL DEFAULT '' COMMENT '菜单样式',
  `parentId` int(11) NOT NULL COMMENT '父菜单id',
  `code` varchar(50) NOT NULL DEFAULT '',
  `sort` int(11) NOT NULL DEFAULT '0' COMMENT '排序',
  `createTime` bigint(20) NOT NULL DEFAULT '0' COMMENT '创建时间',
  `isParent` int(1) NOT NULL COMMENT '0是父菜单;1:不是父菜单',
  `type` int(1) NOT NULL,
  PRIMARY KEY (`id`)
) ENGINE=InnoDB AUTO_INCREMENT=66 DEFAULT CHARSET=utf8 COMMENT='系统菜单';

-- 正在导出表  hadoopadmin_mybaties.system_menu 的数据：~55 rows (大约)
/*!40000 ALTER TABLE `system_menu` DISABLE KEYS */;
INSERT INTO `system_menu` (`id`, `title`, `url`, `cssClass`, `parentId`, `code`, `sort`, `createTime`, `isParent`, `type`) VALUES
	(1, '系统管理', '', 'ace-icon fa fa-cogs   ', 0, '', 0, 0, 0, 1),
	(2, '集群管理', '', 'ace-icon fa fa-users', 0, '', 1, 0, 0, 1),
	(3, '元数据管理', '', 'ace-icon fa fa-adjust', 0, '', 2, 0, 0, 1),
	(4, '报表管理', '', 'ace-icon fa fa-bar-chart-o', 0, '', 3, 0, 0, 1),
	(5, '用户管理', '/cluster/user/query_clusterUser_list.do', ' ', 2, '', 2, 0, 1, 1),
	(6, '机器管理', '/cluster/clusterMachine/clusterMachine_list.do', ' ', 2, '', 3, 0, 1, 1),
	(7, '参数管理', '/cluster/parameter/parameter_list.do', ' ', 2, '', 4, 0, 1, 1),
	(8, '参数管理父参数新增按钮', '', '', 7, 'parameter_parent_add', 0, 0, 1, 2),
	(9, '参数管理父参数修改按钮', ' ', '', 7, 'parameter_parent_modify', 0, 0, 1, 2),
	(10, '参数管理父参数删除按钮', ' ', '', 7, 'parameter_parent_delete', 0, 0, 1, 2),
	(11, '参数管理子参数新增按钮', ' ', '', 7, 'parameter_children_add', 0, 0, 1, 2),
	(12, '参数管理子参数修改按钮', ' ', '', 7, 'parameter_children_modify', 0, 0, 1, 2),
	(13, '参数管理子参数删除按钮', ' ', '', 7, 'parameter_children_delete', 0, 0, 1, 2),
	(14, ' hive元数据管理', '/meta/hive/hive_metadata_management.do', '', 3, '', 0, 0, 1, 1),
	(15, 'hdfs元数据管理', '/meta/hdfs/hdfs_metadata_management.do', '', 3, '', 0, 0, 1, 1),
	(16, '租户管理', '/system/company/system_company.do', '', 2, '', 1, 0, 1, 1),
	(17, '租户管理新建按钮', ' ', '', 16, 'customerAdd', 0, 0, 1, 2),
	(18, '租户管理修改按钮', ' ', '', 16, 'customer_modify', 0, 0, 1, 2),
	(19, '租户管理删除按钮', ' ', '', 16, 'customer_delete', 0, 0, 1, 2),
	(21, '菜单管理', '/system/menu/menu_manage.do', '', 1, '', 0, 0, 1, 1),
	(22, '角色管理', '/system/role/role_manage.do', '', 1, '', 0, 0, 1, 1),
	(23, '账户管理', '/system/user/user_manage.do', '', 1, '', 0, 0, 1, 1),
	(24, '新增用户', '', '', 23, 'user_add', 0, 1457925235087, 1, 2),
	(25, '新增角色', '', '', 22, 'role_add', 0, 1457925337772, 1, 2),
	(26, '修改角色', '', '', 22, 'role_modify', 0, 1457925482748, 1, 2),
	(27, '删除角色', '', '', 22, 'role_delete', 0, 1457925573489, 1, 2),
	(28, '授权角色', '', '', 22, 'role_authority', 0, 1457925638923, 1, 2),
	(29, '修改用户', '', '', 23, 'user_modify', 0, 1457925911431, 1, 2),
	(30, '重置用户密码', '', '', 23, 'user_resetPassword', 0, 1457926031603, 1, 2),
	(31, '删除用户', '', '', 23, 'user_delete', 0, 1457943996299, 1, 2),
	(32, '日志管理', '/system/log/view_daily.do', '', 1, '', 0, 1458018880039, 1, 1),
	(33, '用户报表', '/report/userFormReport/user_report_form.do', '', 4, '', 0, 0, 1, 1),
	(34, '队列资源报表', '/report/queue/queue_list.do', '', 4, '', 0, 0, 1, 1),
	(35, '用户认证信息报表', '/report/userApprove/userApprove_list.do', '', 4, '', 0, 0, 1, 1),
	(45, '用户管理新增用户按钮', '', '', 5, 'addClusterUser', 0, 1458191937156, 1, 2),
	(46, '用户管理修改用户按钮', '', '', 5, 'editClusterUser', 0, 1458192008355, 1, 2),
	(47, '用户管理查看用户按钮', '', '', 5, 'seeClusterUser', 0, 1458192064354, 1, 2),
	(48, '用户管理删除用户按钮', '', '', 5, 'deleteClusterUser', 0, 1458192136659, 1, 2),
	(49, '用户管理重置用户密码', '', '', 5, 'resetClusterUserPassword', 0, 1458192247599, 1, 2),
	(50, '用户管理用户启用按钮', '', '', 5, 'openClusterUser', 0, 1458192339491, 1, 2),
	(51, '用户管理用户暂停按钮', '', '', 5, 'closeClusterUser', 0, 1458192378089, 1, 2),
	(52, '机器管理增加机器按钮', '', '', 6, 'addClusterMachine', 0, 1458192434587, 1, 2),
	(53, '机器管理删除机器按钮', '', '', 6, 'deleteClusterMachine', 0, 1458192463794, 1, 2),
	(54, '机器管理修改机器按钮', '', '', 6, 'editeClusterMachine', 0, 1458192497692, 1, 2),
	(55, '用户管理批量新增用户按钮', '', '', 5, 'batchProcess', 0, 1458193829990, 1, 2),
	(56, 'hive元数据管理查看hive按钮', '', '', 14, 'seeHive', 0, 1458195728293, 1, 2),
	(57, 'hive元数据管理配置用户按钮', '', '', 14, 'hiveConfigureUser', 0, 1458195799384, 1, 2),
	(58, 'hive元数据管理刷新列表按钮', '', '', 14, 'pushHive', 0, 1458195960763, 1, 2),
	(59, 'hdfs元数据管理新增目录按钮', '', '', 15, 'addHdfs', 0, 1458196062150, 1, 2),
	(60, 'hdfs元数据管理刷新列表按钮', '', '', 15, 'pushHdfs', 0, 1458196094965, 1, 2),
	(61, 'hdfs元数据管理修改hdfs按钮', '', '', 15, 'editHdfs', 0, 1458196133397, 1, 2),
	(62, 'hdfs元数据管理配置用户按钮', '', '', 15, 'hdfsConfigureUser', 0, 1458196184394, 1, 2),
	(63, 'hdfs元数据管理删除hdfs按钮', '', '', 15, 'deleteHdfs', 0, 1458196465642, 1, 2),
	(64, '队列资源报表下载按钮', '', '', 34, 'downloadQueueResource', 0, 1458196874689, 1, 2),
	(65, '用户认证信息报表下载按钮', '', '', 35, 'downloadUserAuthentication', 0, 1458196954235, 1, 2),
	(66, '集群管理', '/cluster/type/cluster_list.do', '', 2, '', 0, 0, 1, 1),
	(67, '集群管理新增集群按钮', '', '', 66, 'addCluster', 0, 0, 1, 2),
	(68, '集群管理修改集群按钮', '', '', 66, 'editCluster', 0, 0, 1, 2),
	(69, '集群管理删除集群按钮', '', '', 66, 'deleteCluster', 0, 0, 1, 2),
	(70, '数据迁移', '/cluster/transfer/transfer_list.do', '', 2, '', 5, 0, 1, 1),
	(71, '数据迁移开启按钮', '', '', 70, 'tranferOpen', 0, 1461135363142, 1, 2),
	(72, '数据迁移暂停按钮', '', '', 70, 'tranferPause', 1, 1461135445092, 1, 2),
	(73, '数据迁移删除按钮', '', '', 70, 'tranferDelete', 0, 1461135472065, 1, 2),
	(75, '权限报表(HDFS地址主导)', '/report/hdfsPathAccess/hdfsPathAccess_list.do', '', 4, '', 4, 0, 1, 1),
	(76, '权限报表(HIVE表名主导)', '/report/hiveTableAccess/hiveTableAccess_list.do', '', 4, '', 5, 1462861295244, 1, 1);


/*!40000 ALTER TABLE `system_menu` ENABLE KEYS */;


-- 导出  表 hadoopadmin_mybaties.system_role 结构
CREATE TABLE IF NOT EXISTS `system_role` (
  `id` int(11) NOT NULL AUTO_INCREMENT,
  `name` varchar(45) NOT NULL COMMENT '角色名',
  `status` varchar(45) NOT NULL COMMENT '生效0 无效1',
  `createTime` bigint(20) NOT NULL,
  PRIMARY KEY (`id`)
) ENGINE=InnoDB AUTO_INCREMENT=2 DEFAULT CHARSET=utf8 COMMENT='角色表';

-- 正在导出表  hadoopadmin_mybaties.system_role 的数据：~1 rows (大约)
/*!40000 ALTER TABLE `system_role` DISABLE KEYS */;
INSERT INTO `system_role` (`id`, `name`, `status`, `createTime`) VALUES
	(1, 'admin', '0', 0);
/*!40000 ALTER TABLE `system_role` ENABLE KEYS */;


-- 导出  表 hadoopadmin_mybaties.system_role_menu 结构
CREATE TABLE IF NOT EXISTS `system_role_menu` (
  `id` int(11) NOT NULL AUTO_INCREMENT,
  `roleId` int(11) NOT NULL,
  `menuId` int(11) NOT NULL,
  PRIMARY KEY (`id`)
) ENGINE=InnoDB AUTO_INCREMENT=237 DEFAULT CHARSET=utf8 COMMENT='角色菜单对照表';

-- 正在导出表  hadoopadmin_mybaties.system_role_menu 的数据：~55 rows (大约)
/*!40000 ALTER TABLE `system_role_menu` DISABLE KEYS */;
INSERT INTO `system_role_menu` (`id`, `roleId`, `menuId`) VALUES
	(182, 1, 1),
	(183, 1, 16),
	(184, 1, 17),
	(185, 1, 18),
	(186, 1, 19),
	(187, 1, 21),
	(188, 1, 22),
	(189, 1, 25),
	(190, 1, 26),
	(191, 1, 27),
	(192, 1, 28),
	(193, 1, 23),
	(194, 1, 24),
	(195, 1, 29),
	(196, 1, 30),
	(197, 1, 31),
	(198, 1, 32),
	(199, 1, 2),
	(200, 1, 5),
	(201, 1, 45),
	(202, 1, 46),
	(203, 1, 47),
	(204, 1, 48),
	(205, 1, 49),
	(206, 1, 50),
	(207, 1, 51),
	(208, 1, 55),
	(209, 1, 6),
	(210, 1, 52),
	(211, 1, 53),
	(212, 1, 54),
	(213, 1, 7),
	(214, 1, 8),
	(215, 1, 9),
	(216, 1, 10),
	(217, 1, 11),
	(218, 1, 12),
	(219, 1, 13),
	(220, 1, 3),
	(221, 1, 14),
	(222, 1, 56),
	(223, 1, 57),
	(224, 1, 58),
	(225, 1, 15),
	(226, 1, 59),
	(227, 1, 60),
	(228, 1, 61),
	(229, 1, 62),
	(230, 1, 63),
	(231, 1, 4),
	(232, 1, 33),
	(233, 1, 34),
	(234, 1, 64),
	(235, 1, 35),
	(236, 1, 65),
	(237, 1, 66),
	(238, 1, 67),
	(239, 1, 68),
	(240, 1, 69),
	(241, 1, 70),
	(285, 1, 71),
	(286, 1, 72),
	(287, 1, 73),
	(354, 1, 75),
	(355, 1, 76);
/*!40000 ALTER TABLE `system_role_menu` ENABLE KEYS */;


-- 导出  表 hadoopadmin_mybaties.system_user 结构
CREATE TABLE IF NOT EXISTS `system_user` (
  `id` int(11) NOT NULL AUTO_INCREMENT,
  `userName` varchar(45) NOT NULL,
  `passWord` varchar(45) NOT NULL,
  `email` varchar(45) NOT NULL,
  `phoneNumber` varchar(45) NOT NULL,
  `remark` varchar(45) NOT NULL,
  `createTime` bigint(20) NOT NULL,
  `changeTime` bigint(20) NOT NULL,
  `systemCompanyId` int(11) NOT NULL,
  PRIMARY KEY (`id`)
) ENGINE=InnoDB AUTO_INCREMENT=2 DEFAULT CHARSET=utf8 COMMENT='webapp用户';

-- 正在导出表  hadoopadmin_mybaties.system_user 的数据：~1 rows (大约)
/*!40000 ALTER TABLE `system_user` DISABLE KEYS */;
INSERT INTO `system_user` (`id`, `userName`, `passWord`, `email`, `phoneNumber`, `remark`, `createTime`, `changeTime`, `systemCompanyId`) VALUES
	(1, 'admin', '202cb962ac59075b964b07152d234b70', '', '', '', 0, 0, 0);
/*!40000 ALTER TABLE `system_user` ENABLE KEYS */;


-- 导出  表 hadoopadmin_mybaties.system_user_role 结构
CREATE TABLE IF NOT EXISTS `system_user_role` (
  `id` int(11) NOT NULL AUTO_INCREMENT,
  `userId` int(11) NOT NULL,
  `roleId` int(11) NOT NULL,
  PRIMARY KEY (`id`)
) ENGINE=InnoDB AUTO_INCREMENT=2 DEFAULT CHARSET=utf8 COMMENT='用户角色对照表';

-- 正在导出表  hadoopadmin_mybaties.system_user_role 的数据：~0 rows (大约)
/*!40000 ALTER TABLE `system_user_role` DISABLE KEYS */;
INSERT INTO `system_user_role` (`id`, `userId`, `roleId`) VALUES
	(1, 1, 1);
/*!40000 ALTER TABLE `system_user_role` ENABLE KEYS */;


-- 导出  表 hadoopadmin_mybaties.system_web_log 结构
CREATE TABLE IF NOT EXISTS `system_web_log` (
  `id` int(11) NOT NULL AUTO_INCREMENT,
  `userName` varchar(255) NOT NULL,
  `operationId` int(11) NOT NULL,
  `createtime` bigint(20) NOT NULL,
  `parameter` varchar(255) NOT NULL,
  PRIMARY KEY (`id`)
) ENGINE=InnoDB AUTO_INCREMENT=644 DEFAULT CHARSET=utf8;

-- 正在导出表  hadoopadmin_mybaties.system_web_log 的数据：~643 rows (大约)
/*!40000 ALTER TABLE `system_web_log` DISABLE KEYS */;
INSERT INTO `system_web_log` (`id`, `userName`, `operationId`, `createtime`, `parameter`) VALUES
	(1, 'admin', 1, 1458104235777, ''),
	(2, 'admin', 2, 1458104253163, ''),
	(3, 'admin', 3, 1458104255694, 'operate:add'),
	(4, 'admin', 2, 1458106816268, ''),
	(5, 'admin', 2, 1458107188796, ''),
	(6, 'admin', 2, 1458107516631, ''),
	(7, 'admin', 2, 1458107617518, ''),
	(8, 'admin', 2, 1458107927328, ''),
	(9, 'admin', 3, 1458107963867, 'operate:add'),
	(10, 'admin', 2, 1458107993477, ''),
	(11, 'admin', 3, 1458107997113, 'operate:add'),
	(12, 'admin', 2, 1458108599518, ''),
	(13, 'admin', 3, 1458108612756, 'operate:add'),
	(14, 'admin', 2, 1458109115905, ''),
	(15, 'admin', 1, 1458109116754, ''),
	(16, 'admin', 2, 1458109121122, ''),
	(17, 'admin', 3, 1458109123741, 'operate:add'),
	(18, 'admin', 2, 1458109253774, ''),
	(19, 'admin', 3, 1458109254917, 'operate:add'),
	(20, 'admin', 1, 1458109467887, ''),
	(21, 'admin', 2, 1458109474206, ''),
	(22, 'admin', 3, 1458109477031, 'operate:add'),
	(23, 'admin', 2, 1458109549939, ''),
	(24, 'admin', 2, 1458109581179, ''),
	(25, 'admin', 3, 1458109629109, 'operate:add'),
	(26, 'admin', 2, 1458109671923, ''),
	(27, 'admin', 3, 1458109677537, 'operate:add'),
	(28, 'admin', 2, 1458109750390, ''),
	(29, 'admin', 3, 1458109753295, 'operate:add'),
	(30, 'admin', 2, 1458109802458, ''),
	(31, 'admin', 3, 1458109807843, 'operate:add'),
	(32, 'admin', 2, 1458109861517, ''),
	(33, 'admin', 2, 1458109877144, ''),
	(34, 'admin', 3, 1458109878972, 'operate:add'),
	(35, 'admin', 1, 1458110175910, ''),
	(36, 'admin', 5, 1458110180505, ''),
	(37, 'admin', 2, 1458110184044, ''),
	(38, 'admin', 3, 1458110192119, 'operate:add'),
	(39, 'admin', 2, 1458110389156, ''),
	(40, 'admin', 3, 1458110391074, 'operate:add'),
	(41, 'admin', 2, 1458110607168, ''),
	(42, 'admin', 3, 1458110609860, 'operate:add'),
	(43, 'admin', 2, 1458110821329, ''),
	(44, 'admin', 3, 1458110824502, 'operate:add'),
	(45, 'admin', 2, 1458110996618, ''),
	(46, 'admin', 3, 1458111000835, 'operate:add'),
	(47, 'admin', 2, 1458111243790, ''),
	(48, 'admin', 3, 1458111249094, 'operate:add'),
	(49, 'admin', 2, 1458111257048, 'page:7'),
	(50, 'admin', 2, 1458111259364, 'page:2'),
	(51, 'admin', 2, 1458111261477, 'page:3'),
	(52, 'admin', 2, 1458111263622, 'page:1'),
	(53, 'admin', 3, 1458111264763, 'operate:add'),
	(54, 'admin', 2, 1458111403986, 'page:1'),
	(55, 'admin', 3, 1458111407580, 'operate:add'),
	(56, 'admin', 2, 1458111569198, 'page:1'),
	(57, 'admin', 3, 1458111574236, 'operate:add'),
	(58, 'admin', 1, 1458111627505, ''),
	(59, 'admin', 2, 1458111630859, ''),
	(60, 'admin', 3, 1458111632432, 'operate:add'),
	(61, 'admin', 2, 1458111772210, ''),
	(62, 'admin', 3, 1458111776058, 'operate:add'),
	(63, 'admin', 2, 1458111986601, ''),
	(64, 'admin', 3, 1458111990094, 'operate:add'),
	(65, 'admin', 2, 1458112339350, ''),
	(66, 'admin', 3, 1458112342708, 'operate:add'),
	(67, 'admin', 2, 1458112365231, ''),
	(68, 'admin', 1, 1458112368802, ''),
	(69, 'admin', 1, 1458112383701, ''),
	(70, 'admin', 1, 1458112385811, ''),
	(71, 'admin', 2, 1458112387920, ''),
	(72, 'admin', 3, 1458112389919, 'operate:add'),
	(73, 'admin', 2, 1458112416310, ''),
	(74, 'admin', 2, 1458112591992, ''),
	(75, 'admin', 3, 1458112594318, 'operate:add'),
	(76, 'admin', 2, 1458112922290, ''),
	(77, 'admin', 3, 1458112924779, 'operate:add'),
	(78, 'admin', 2, 1458113090852, ''),
	(79, 'admin', 3, 1458113094246, 'operate:add'),
	(80, 'admin', 2, 1458113675156, ''),
	(81, 'admin', 3, 1458113678444, 'operate:add'),
	(82, 'admin', 2, 1458113923724, ''),
	(83, 'admin', 3, 1458113927805, 'operate:add'),
	(84, 'admin', 2, 1458114281491, ''),
	(85, 'admin', 3, 1458114289472, 'operate:add'),
	(86, 'admin', 2, 1458114426833, ''),
	(87, 'admin', 3, 1458114430814, 'operate:add'),
	(88, 'admin', 2, 1458115346646, ''),
	(89, 'admin', 3, 1458115350306, 'operate:add'),
	(90, 'admin', 1, 1458115670070, ''),
	(91, 'admin', 2, 1458115673461, ''),
	(92, 'admin', 3, 1458115676046, 'operate:add'),
	(93, 'admin', 2, 1458116794959, ''),
	(94, 'admin', 3, 1458116798520, 'operate:add'),
	(95, 'admin', 2, 1458116879025, ''),
	(96, 'admin', 3, 1458116880893, 'operate:add'),
	(97, 'admin', 1, 1458117350038, ''),
	(98, 'admin', 2, 1458117352144, ''),
	(99, 'admin', 3, 1458117353734, 'operate:add'),
	(100, 'admin', 2, 1458117587740, ''),
	(101, 'admin', 3, 1458117590723, 'operate:add'),
	(102, 'admin', 2, 1458117657237, ''),
	(103, 'admin', 3, 1458117659970, 'operate:add'),
	(104, 'admin', 2, 1458117662676, ''),
	(105, 'admin', 2, 1458117663903, ''),
	(106, 'admin', 2, 1458117664976, ''),
	(107, 'admin', 3, 1458117666197, 'operate:add'),
	(108, 'admin', 2, 1458117680343, ''),
	(109, 'admin', 2, 1458117872994, ''),
	(110, 'admin', 2, 1458117875123, ''),
	(111, 'admin', 2, 1458117877495, ''),
	(112, 'admin', 6, 1458117879585, ''),
	(113, 'admin', 2, 1458117880924, ''),
	(114, 'admin', 3, 1458117882002, 'operate:add'),
	(115, 'admin', 2, 1458117898321, ''),
	(116, 'admin', 2, 1458117965081, ''),
	(117, 'admin', 2, 1458117965919, ''),
	(118, 'admin', 2, 1458118057041, ''),
	(119, 'admin', 2, 1458118061975, ''),
	(120, 'admin', 2, 1458118063317, ''),
	(121, 'admin', 3, 1458118064437, 'operate:add'),
	(122, 'admin', 1, 1458118097154, ''),
	(123, 'admin', 2, 1458118099769, ''),
	(124, 'admin', 3, 1458118101383, 'operate:add'),
	(125, 'admin', 2, 1458118122762, ''),
	(126, 'admin', 2, 1458118142206, ''),
	(127, 'admin', 3, 1458118144960, 'operate:add'),
	(128, 'admin', 3, 1458118184720, 'operate:add'),
	(129, 'admin', 2, 1458118228753, ''),
	(130, 'admin', 1, 1458118253304, ''),
	(131, 'admin', 1, 1458118253685, ''),
	(132, 'admin', 1, 1458118253925, ''),
	(133, 'admin', 1, 1458118254170, ''),
	(134, 'admin', 1, 1458118254387, ''),
	(135, 'admin', 1, 1458118254792, ''),
	(136, 'admin', 1, 1458118255028, ''),
	(137, 'admin', 1, 1458118278912, ''),
	(138, 'admin', 2, 1458118285280, ''),
	(139, 'admin', 3, 1458118287268, 'operate:add'),
	(140, 'admin', 2, 1458118334001, ''),
	(141, 'admin', 2, 1458118335506, ''),
	(142, 'admin', 2, 1458118337125, ''),
	(143, 'admin', 2, 1458118337482, ''),
	(144, 'admin', 3, 1458118340121, 'operate:add'),
	(145, 'admin', 2, 1458119962083, ''),
	(146, 'admin', 3, 1458119966519, 'operate:add'),
	(147, 'admin', 2, 1458120424407, ''),
	(148, 'admin', 2, 1458120445907, ''),
	(149, 'admin', 6, 1458120497050, ''),
	(150, 'admin', 7, 1458120500512, ''),
	(151, 'admin', 7, 1458120508629, ''),
	(152, 'admin', 8, 1458120514971, 'id:1,page:1'),
	(153, 'admin', 8, 1458120518390, 'id:3,page:1'),
	(154, 'admin', 6, 1458120520801, 'page:3'),
	(155, 'admin', 6, 1458120523304, 'Q_EQ_clusterType.clusterTypeId:1'),
	(156, 'admin', 6, 1458120527206, 'Q_EQ_clusterType.clusterTypeId:2'),
	(157, 'admin', 6, 1458120530150, ''),
	(158, 'admin', 9, 1458120531498, ''),
	(159, 'admin', 6, 1458120534463, ''),
	(160, 'admin', 6, 1458120536340, 'page:3'),
	(161, 'admin', 10, 1458120538575, 'id:4,_:1458120536542'),
	(162, 'admin', 6, 1458120539753, 'page:3'),
	(163, 'admin', 2, 1458120542625, ''),
	(164, 'admin', 2, 1458120544330, 'page:3'),
	(165, 'admin', 11, 1458120547805, 'id:4,_:1458120544524'),
	(166, 'admin', 2, 1458120548681, 'page:3'),
	(167, 'admin', 2, 1458120555287, 'page:1'),
	(168, 'admin', 2, 1458120560314, 'page:2'),
	(169, 'admin', 6, 1458120562344, ''),
	(170, 'admin', 2, 1458120563775, ''),
	(171, 'admin', 2, 1458121404164, ''),
	(172, 'admin', 3, 1458121407284, 'operate:add'),
	(173, 'admin', 2, 1458121478431, ''),
	(174, 'admin', 1, 1458122349744, ''),
	(175, 'admin', 2, 1458122352601, ''),
	(176, 'admin', 3, 1458122354049, 'operate:add'),
	(177, 'admin', 2, 1458122404944, ''),
	(178, 'admin', 3, 1458122407765, 'operate:add'),
	(179, 'admin', 3, 1458122910971, 'operate:add'),
	(180, 'admin', 2, 1458123737026, ''),
	(181, 'admin', 6, 1458123750935, ''),
	(182, 'admin', 6, 1458123752397, 'page:2'),
	(183, 'admin', 6, 1458123755681, 'page:1'),
	(184, 'admin', 6, 1458123756803, 'page:2'),
	(185, 'admin', 12, 1458123841219, ''),
	(186, 'admin', 13, 1458123843399, ''),
	(187, 'admin', 12, 1458123847278, ''),
	(188, 'admin', 13, 1458123851006, ''),
	(189, 'admin', 14, 1458123877536, 'resourceId:5'),
	(190, 'admin', 15, 1458123877917, 'resourceId:5,divId:otherUsers'),
	(191, 'admin', 16, 1458123877966, 'resourceId:5,divId:groupUsers'),
	(192, 'admin', 12, 1458123899295, ''),
	(193, 'admin', 12, 1458123904118, ''),
	(194, 'admin', 13, 1458123911012, ''),
	(195, 'admin', 17, 1458123919217, 'id:1'),
	(196, 'admin', 13, 1458123929298, 'Q_EQ_company.id:1,Q_EQ_cu.id:70'),
	(197, 'admin', 17, 1458123934363, ''),
	(198, 'admin', 13, 1458123935229, ''),
	(199, 'admin', 2, 1458124031209, ''),
	(200, 'admin', 12, 1458124041589, ''),
	(201, 'admin', 13, 1458124044194, ''),
	(202, 'admin', 12, 1458124047528, ''),
	(203, 'admin', 13, 1458124049783, ''),
	(204, 'admin', 2, 1458124116753, ''),
	(205, 'admin', 3, 1458124175786, 'operate:add'),
	(206, 'admin', 3, 1458124210150, 'userIds:91,operate:update'),
	(207, 'admin', 6, 1458124525254, ''),
	(208, 'admin', 9, 1458124542967, ''),
	(209, 'admin', 18, 1458124545090, 'parentId:2'),
	(210, 'admin', 6, 1458124546950, ''),
	(211, 'admin', 6, 1458124750638, 'page:2'),
	(212, 'admin', 6, 1458124756696, 'page:1'),
	(213, 'admin', 2, 1458124771275, ''),
	(214, 'admin', 1, 1458180577083, ''),
	(215, 'admin', 2, 1458180580420, ''),
	(216, 'admin', 3, 1458180584299, 'operate:add'),
	(217, 'admin', 1, 1458180638450, ''),
	(218, 'admin', 2, 1458180640287, ''),
	(219, 'admin', 3, 1458180642112, 'operate:add'),
	(220, 'admin', 2, 1458180784426, ''),
	(221, 'admin', 3, 1458180786495, 'operate:add'),
	(222, 'admin', 2, 1458180820837, ''),
	(223, 'admin', 2, 1458180824476, ''),
	(224, 'admin', 6, 1458180826074, ''),
	(225, 'admin', 2, 1458180828758, ''),
	(226, 'admin', 2, 1458180830229, ''),
	(227, 'admin', 3, 1458180831756, 'operate:add'),
	(228, 'admin', 2, 1458180876234, ''),
	(229, 'admin', 2, 1458182859250, ''),
	(230, 'admin', 2, 1458183916654, ''),
	(231, 'admin', 1, 1458187391466, ''),
	(232, 'admin', 2, 1458187421286, ''),
	(233, 'admin', 6, 1458187603141, ''),
	(234, 'admin', 2, 1458187679677, ''),
	(235, 'admin', 3, 1458187681431, 'operate:add'),
	(236, 'admin', 6, 1458187696070, ''),
	(237, 'admin', 2, 1458188061024, ''),
	(238, 'admin', 3, 1458188062696, 'operate:add'),
	(239, 'admin', 3, 1458188067197, 'userIds:95,operate:see'),
	(240, 'admin', 2, 1458188161202, 'page:3'),
	(241, 'admin', 2, 1458188164445, 'page:4'),
	(242, 'admin', 2, 1458188166845, 'page:3'),
	(243, 'admin', 6, 1458188171044, ''),
	(244, 'admin', 2, 1458188172928, ''),
	(245, 'admin', 1, 1458188178285, ''),
	(246, 'admin', 2, 1458188181813, ''),
	(247, 'admin', 12, 1458188187826, ''),
	(248, 'admin', 1, 1458189744014, ''),
	(249, 'admin', 1, 1458189917814, ''),
	(250, 'admin', 19, 1458189920487, ''),
	(251, 'admin', 20, 1458189922944, ''),
	(252, 'admin', 21, 1458189923934, ''),
	(253, 'admin', 22, 1458189925975, ''),
	(254, 'admin', 1, 1458189928021, ''),
	(255, 'admin', 1, 1458189930572, ''),
	(256, 'admin', 1, 1458189933486, ''),
	(257, 'admin', 19, 1458189995466, ''),
	(258, 'admin', 19, 1458189997344, ''),
	(259, 'admin', 20, 1458189999904, ''),
	(260, 'admin', 21, 1458190000304, ''),
	(261, 'admin', 20, 1458190006373, 'page:3'),
	(262, 'admin', 21, 1458190006867, ''),
	(263, 'admin', 20, 1458190008049, 'page:4'),
	(264, 'admin', 21, 1458190008527, ''),
	(265, 'admin', 22, 1458190009935, ''),
	(266, 'admin', 5, 1458190013808, ''),
	(267, 'admin', 23, 1458190015534, ''),
	(268, 'admin', 23, 1458190115331, ''),
	(269, 'admin', 5, 1458190119818, ''),
	(270, 'admin', 23, 1458190122270, ''),
	(271, 'admin', 24, 1458190130108, ''),
	(272, 'admin', 23, 1458190131749, ''),
	(273, 'admin', 24, 1458190151977, ''),
	(274, 'admin', 25, 1458190154011, ''),
	(275, 'admin', 26, 1458190155224, ''),
	(276, 'admin', 24, 1458190156475, ''),
	(277, 'admin', 23, 1458190157623, ''),
	(278, 'admin', 26, 1458190167577, ''),
	(279, 'admin', 24, 1458190169531, ''),
	(280, 'admin', 25, 1458190170708, ''),
	(281, 'admin', 23, 1458190173163, ''),
	(282, 'admin', 25, 1458190180905, ''),
	(283, 'admin', 23, 1458190191066, ''),
	(284, 'admin', 25, 1458190206093, ''),
	(285, 'admin', 24, 1458190208644, ''),
	(286, 'admin', 23, 1458190210682, ''),
	(287, 'admin', 26, 1458190217441, ''),
	(288, 'admin', 25, 1458190218987, ''),
	(289, 'admin', 24, 1458190221366, ''),
	(290, 'admin', 2, 1458190289446, ''),
	(291, 'admin', 6, 1458190296758, ''),
	(292, 'admin', 2, 1458190298292, ''),
	(293, 'admin', 9, 1458190299358, ''),
	(294, 'admin', 6, 1458190301878, ''),
	(295, 'admin', 2, 1458191535741, ''),
	(296, 'admin', 23, 1458191576247, ''),
	(297, 'admin', 27, 1458191593064, 'pid:5'),
	(298, 'admin', 28, 1458191652142, 'title:租户管理新增租户按钮,type:1,parentId:2,code:addClusterUser'),
	(299, 'admin', 23, 1458191652617, ''),
	(300, 'admin', 29, 1458191666513, 'id:44'),
	(301, 'admin', 23, 1458191668498, ''),
	(302, 'admin', 27, 1458191671690, ''),
	(303, 'admin', 30, 1458191681843, 'type:2'),
	(304, 'admin', 23, 1458191874907, ''),
	(305, 'admin', 23, 1458191877866, ''),
	(306, 'admin', 23, 1458191878698, ''),
	(307, 'admin', 23, 1458191879891, ''),
	(308, 'admin', 23, 1458191881560, ''),
	(309, 'admin', 5, 1458191882249, ''),
	(310, 'admin', 23, 1458191883391, ''),
	(311, 'admin', 27, 1458191885974, ''),
	(312, 'admin', 30, 1458191889369, 'type:2'),
	(313, 'admin', 28, 1458191937325, 'title:租户管理新增租户按钮,type:2,parentId:5,sort:11,code:addClusterUser'),
	(314, 'admin', 23, 1458191937431, ''),
	(315, 'admin', 1, 1458191972058, ''),
	(316, 'admin', 2, 1458191974910, ''),
	(317, 'admin', 27, 1458191984073, ''),
	(318, 'admin', 30, 1458192005394, 'type:2'),
	(319, 'admin', 28, 1458192008552, 'title:租户菜单管理修改租户按钮,type:2,parentId:5,sort:12'),
	(320, 'admin', 23, 1458192008709, ''),
	(321, 'admin', 27, 1458192027595, 'id:46'),
	(322, 'admin', 28, 1458192032871, 'id:46,createTime:1458192008355,title:租户管理修改租户按钮,type:2,parentId:5,sort:12'),
	(323, 'admin', 23, 1458192032984, ''),
	(324, 'admin', 27, 1458192040378, ''),
	(325, 'admin', 30, 1458192050879, 'type:2'),
	(326, 'admin', 28, 1458192064433, 'title:租户管理查看租户按钮,type:2,parentId:5,code:seeClusterUser'),
	(327, 'admin', 23, 1458192065117, ''),
	(328, 'admin', 27, 1458192074091, 'id:47'),
	(329, 'admin', 28, 1458192081356, 'id:47,createTime:1458192064354,title:租户管理查看租户按钮,type:2,parentId:5,sort:0,code:seeClusterUser'),
	(330, 'admin', 23, 1458192081423, ''),
	(331, 'admin', 27, 1458192093552, 'id:45'),
	(332, 'admin', 28, 1458192096526, 'id:45,createTime:1458191937156,title:租户管理新增租户按钮,type:2,parentId:5,sort:0,code:addClusterUser'),
	(333, 'admin', 23, 1458192096618, ''),
	(334, 'admin', 27, 1458192104024, 'id:46'),
	(335, 'admin', 28, 1458192106199, 'id:46,createTime:1458192008355,title:租户管理修改租户按钮,type:2,parentId:5,sort:0'),
	(336, 'admin', 23, 1458192106278, ''),
	(337, 'admin', 27, 1458192108969, ''),
	(338, 'admin', 30, 1458192111054, 'type:2'),
	(339, 'admin', 28, 1458192136829, 'title:租户管理删除租户按钮,type:2,parentId:5,code:deleteClusterUser'),
	(340, 'admin', 23, 1458192136942, ''),
	(341, 'admin', 27, 1458192144377, 'id:46'),
	(342, 'admin', 28, 1458192157515, 'id:46,createTime:1458192008355,title:租户管理修改租户按钮,type:2,parentId:5,sort:0,code:editClusterUser'),
	(343, 'admin', 23, 1458192157594, ''),
	(344, 'admin', 27, 1458192170410, ''),
	(345, 'admin', 30, 1458192171852, 'type:2'),
	(346, 'admin', 28, 1458192247797, 'title:租户管理重置用户密码,type:2,parentId:5,code:resetClusterUserPassword'),
	(347, 'admin', 23, 1458192247909, ''),
	(348, 'admin', 6, 1458192262162, ''),
	(349, 'admin', 2, 1458192265294, ''),
	(350, 'admin', 6, 1458192266732, ''),
	(351, 'admin', 2, 1458192267666, ''),
	(352, 'admin', 27, 1458192279714, ''),
	(353, 'admin', 30, 1458192296790, 'type:2'),
	(354, 'admin', 28, 1458192339688, 'title:租户管理用户启用按钮,type:2,parentId:5,code:openClusterUser'),
	(355, 'admin', 23, 1458192339809, ''),
	(356, 'admin', 27, 1458192351230, ''),
	(357, 'admin', 30, 1458192362438, 'type:2'),
	(358, 'admin', 28, 1458192378306, 'title:租户管理用户暂停按钮,type:2,parentId:5,code:closeClusterUser'),
	(359, 'admin', 23, 1458192378407, ''),
	(360, 'admin', 27, 1458192395332, 'pid:6'),
	(361, 'admin', 30, 1458192397439, 'type:2'),
	(362, 'admin', 28, 1458192434687, 'title:机器管理增加机器按钮,type:2,parentId:6,code:addClusterMachine'),
	(363, 'admin', 23, 1458192434749, ''),
	(364, 'admin', 27, 1458192437184, ''),
	(365, 'admin', 30, 1458192440776, 'type:2'),
	(366, 'admin', 28, 1458192463984, 'title:机器管理删除机器按钮,type:2,parentId:6,code:deleteClusterMachine'),
	(367, 'admin', 23, 1458192464060, ''),
	(368, 'admin', 27, 1458192465670, ''),
	(369, 'admin', 6, 1458192469789, ''),
	(370, 'admin', 30, 1458192486892, 'type:2'),
	(371, 'admin', 28, 1458192497869, 'title:机器管理修改机器按钮,type:2,parentId:6,code:editeClusterMachine'),
	(372, 'admin', 23, 1458192497940, ''),
	(373, 'admin', 26, 1458192505627, ''),
	(374, 'admin', 25, 1458192507265, ''),
	(375, 'admin', 23, 1458192514106, ''),
	(376, 'admin', 2, 1458192605116, ''),
	(377, 'admin', 9, 1458192680975, ''),
	(378, 'admin', 9, 1458192933452, ''),
	(379, 'admin', 2, 1458192935394, ''),
	(380, 'admin', 23, 1458192960117, ''),
	(381, 'admin', 24, 1458192968981, ''),
	(382, 'admin', 24, 1458192978514, ''),
	(383, 'admin', 24, 1458193102316, ''),
	(384, 'admin', 31, 1458193105553, 'id:1'),
	(385, 'admin', 32, 1458193122394, 'menuIds:1,16,17,18,19,21,22,25,26,27,28,23,24,29,30,31,32,37,38,2,5,45,46,47,48,49,50,51,6,52,53,54,7,8,9,10,11,12,13,3,14,15,4,33,34,35,36,roleId:1'),
	(386, 'admin', 6, 1458193126994, ''),
	(387, 'admin', 2, 1458193129664, ''),
	(388, 'admin', 2, 1458193134550, ''),
	(389, 'admin', 1, 1458193142245, ''),
	(390, 'admin', 2, 1458193150323, ''),
	(391, 'admin', 1, 1458193169902, ''),
	(392, 'admin', 2, 1458193172921, ''),
	(393, 'admin', 24, 1458193192292, ''),
	(394, 'admin', 31, 1458193195106, 'id:1'),
	(395, 'admin', 2, 1458193205154, ''),
	(396, 'admin', 24, 1458193265348, ''),
	(397, 'admin', 31, 1458193276329, 'id:1'),
	(398, 'admin', 31, 1458193293102, 'id:1'),
	(399, 'admin', 2, 1458193305810, ''),
	(400, 'admin', 6, 1458193325479, ''),
	(401, 'admin', 2, 1458193327834, ''),
	(402, 'admin', 24, 1458193400266, ''),
	(403, 'admin', 31, 1458193403822, 'id:1'),
	(404, 'admin', 23, 1458193794933, ''),
	(405, 'admin', 27, 1458193802740, ''),
	(406, 'admin', 30, 1458193804965, 'type:2'),
	(407, 'admin', 28, 1458193830153, 'title:租户管理批量新增用户按钮,type:2,parentId:5,code:batchProcess'),
	(408, 'admin', 23, 1458193830267, ''),
	(409, 'admin', 24, 1458193835508, ''),
	(410, 'admin', 31, 1458193838615, 'id:1'),
	(411, 'admin', 32, 1458193847911, 'menuIds:1,16,17,18,19,21,22,25,26,27,28,23,24,29,30,31,32,37,38,2,5,45,46,47,48,49,50,51,55,6,52,53,54,7,8,9,10,11,12,13,3,14,15,4,33,34,35,36,roleId:1'),
	(412, 'admin', 24, 1458193852960, ''),
	(413, 'admin', 2, 1458193856115, ''),
	(414, 'admin', 2, 1458193858186, ''),
	(415, 'admin', 2, 1458193859793, ''),
	(416, 'admin', 6, 1458193883412, ''),
	(417, 'admin', 6, 1458194091595, ''),
	(418, 'admin', 6, 1458194100261, ''),
	(419, 'admin', 2, 1458194103677, ''),
	(420, 'admin', 9, 1458194112797, ''),
	(421, 'admin', 23, 1458194137678, ''),
	(422, 'admin', 25, 1458194142897, ''),
	(423, 'admin', 26, 1458194160705, ''),
	(424, 'admin', 25, 1458194163213, ''),
	(425, 'admin', 25, 1458194164276, ''),
	(426, 'admin', 25, 1458194167177, ''),
	(427, 'admin', 25, 1458194201266, ''),
	(428, 'admin', 23, 1458194211366, ''),
	(429, 'admin', 23, 1458194253727, ''),
	(430, 'admin', 26, 1458194256905, ''),
	(431, 'admin', 25, 1458194261778, ''),
	(432, 'admin', 12, 1458194285739, ''),
	(433, 'admin', 13, 1458194291811, ''),
	(434, 'admin', 12, 1458194294719, ''),
	(435, 'admin', 13, 1458194296461, ''),
	(436, 'admin', 19, 1458194309747, ''),
	(437, 'admin', 20, 1458194312011, ''),
	(438, 'admin', 21, 1458194312675, ''),
	(439, 'admin', 22, 1458194314028, ''),
	(440, 'admin', 1, 1458194315802, ''),
	(441, 'admin', 22, 1458194318381, ''),
	(442, 'admin', 23, 1458194321453, ''),
	(443, 'admin', 12, 1458194339042, ''),
	(444, 'admin', 12, 1458194342685, 'Q_EQ_hdfsInfoBak.properties:0'),
	(445, 'admin', 12, 1458194346651, ''),
	(446, 'admin', 12, 1458194349893, ''),
	(447, 'admin', 13, 1458194351717, ''),
	(448, 'admin', 13, 1458195326784, ''),
	(449, 'admin', 12, 1458195330614, ''),
	(450, 'admin', 13, 1458195332633, ''),
	(451, 'admin', 12, 1458195335418, ''),
	(452, 'admin', 13, 1458195338054, ''),
	(453, 'admin', 12, 1458195342338, ''),
	(454, 'admin', 13, 1458195344708, ''),
	(455, 'admin', 12, 1458195346763, ''),
	(456, 'admin', 2, 1458195349322, ''),
	(457, 'admin', 6, 1458195351461, ''),
	(458, 'admin', 9, 1458195353440, ''),
	(459, 'admin', 5, 1458195356253, ''),
	(460, 'admin', 23, 1458195371090, ''),
	(461, 'admin', 24, 1458195374341, ''),
	(462, 'admin', 23, 1458195379830, ''),
	(463, 'admin', 24, 1458195384940, ''),
	(464, 'admin', 23, 1458195387880, ''),
	(465, 'admin', 12, 1458195424929, ''),
	(466, 'admin', 23, 1458195433822, ''),
	(467, 'admin', 27, 1458195449521, ''),
	(468, 'admin', 30, 1458195452069, 'type:2'),
	(469, 'admin', 12, 1458195577101, ''),
	(470, 'admin', 33, 1458195580622, 'id:4'),
	(471, 'admin', 34, 1458195583331, 'resourceId:4'),
	(472, 'admin', 35, 1458195583623, 'group:inner,resourceId:4,divId:groupUsers'),
	(473, 'admin', 36, 1458195583623, 'group:outer,resourceId:4,divId:otherUsers'),
	(474, 'admin', 34, 1458195590209, 'resourceId:4'),
	(475, 'admin', 35, 1458195590529, 'group:inner,resourceId:4,divId:groupUsers'),
	(476, 'admin', 36, 1458195590531, 'group:outer,resourceId:4,divId:otherUsers'),
	(477, 'admin', 28, 1458195728524, 'title:hive元数据管理查看hive按钮,type:2,parentId:14,code:seeHive'),
	(478, 'admin', 23, 1458195728858, ''),
	(479, 'admin', 27, 1458195731547, ''),
	(480, 'admin', 30, 1458195733759, 'type:2'),
	(481, 'admin', 34, 1458195754600, 'resourceId:4'),
	(482, 'admin', 35, 1458195754748, 'group:inner,resourceId:4,divId:groupUsers'),
	(483, 'admin', 36, 1458195754750, 'group:outer,resourceId:4,divId:otherUsers'),
	(484, 'admin', 28, 1458195799552, 'title:hive元数据管理配置用户按钮,type:2,parentId:14,code:hiveConfigureUser'),
	(485, 'admin', 23, 1458195799646, ''),
	(486, 'admin', 12, 1458195859384, ''),
	(487, 'admin', 12, 1458195862107, ''),
	(488, 'admin', 27, 1458195918064, ''),
	(489, 'admin', 30, 1458195926221, 'type:2'),
	(490, 'admin', 28, 1458195960942, 'title:hive元数据管理刷新列表按钮,type:2,parentId:14,code:pushHive'),
	(491, 'admin', 23, 1458195961033, ''),
	(492, 'admin', 27, 1458196020251, ''),
	(493, 'admin', 30, 1458196022804, 'type:2'),
	(494, 'admin', 13, 1458196035932, ''),
	(495, 'admin', 28, 1458196062212, 'title:hdfs元数据管理新增目录按钮,type:2,parentId:15,code:addHdfs'),
	(496, 'admin', 23, 1458196062284, ''),
	(497, 'admin', 27, 1458196064472, ''),
	(498, 'admin', 30, 1458196083478, 'type:2'),
	(499, 'admin', 28, 1458196095129, 'title:hdfs元数据管理刷新列表按钮,type:2,parentId:15,code:pushHdfs'),
	(500, 'admin', 23, 1458196095213, ''),
	(501, 'admin', 27, 1458196097947, ''),
	(502, 'admin', 30, 1458196100839, 'type:2'),
	(503, 'admin', 28, 1458196133475, 'title:hdfs元数据管理查看hdfs按钮,type:2,parentId:15,code:seeHdfs'),
	(504, 'admin', 23, 1458196133539, ''),
	(505, 'admin', 27, 1458196136794, ''),
	(506, 'admin', 30, 1458196140574, 'type:2'),
	(507, 'admin', 28, 1458196184485, 'title:hdfs元数据管理配置用户按钮,type:2,parentId:15,code:hdfsConfigureUser'),
	(508, 'admin', 23, 1458196184554, ''),
	(509, 'admin', 23, 1458196192477, ''),
	(510, 'admin', 27, 1458196440754, ''),
	(511, 'admin', 30, 1458196443446, 'type:2'),
	(512, 'admin', 28, 1458196465854, 'title:hdfs元数据管理删除hdfs按钮,type:2,parentId:15,code:deleteHdfs'),
	(513, 'admin', 23, 1458196465932, ''),
	(514, 'admin', 19, 1458196500463, ''),
	(515, 'admin', 20, 1458196503523, ''),
	(516, 'admin', 21, 1458196504226, ''),
	(517, 'admin', 22, 1458196508228, ''),
	(518, 'admin', 20, 1458196510309, ''),
	(519, 'admin', 21, 1458196511017, ''),
	(520, 'admin', 22, 1458196519227, ''),
	(521, 'admin', 20, 1458196525235, ''),
	(522, 'admin', 21, 1458196525996, ''),
	(523, 'admin', 19, 1458196562635, ''),
	(524, 'admin', 20, 1458196565279, ''),
	(525, 'admin', 21, 1458196566088, ''),
	(526, 'admin', 22, 1458196567375, ''),
	(527, 'admin', 20, 1458196569414, ''),
	(528, 'admin', 21, 1458196570137, ''),
	(529, 'admin', 19, 1458196575041, ''),
	(530, 'admin', 20, 1458196577350, ''),
	(531, 'admin', 21, 1458196580766, ''),
	(532, 'admin', 5, 1458196581247, ''),
	(533, 'admin', 23, 1458196583715, ''),
	(534, 'admin', 24, 1458196614426, ''),
	(535, 'admin', 25, 1458196617330, ''),
	(536, 'admin', 26, 1458196618983, ''),
	(537, 'admin', 23, 1458196621025, ''),
	(538, 'admin', 5, 1458196622426, ''),
	(539, 'admin', 23, 1458196623843, ''),
	(540, 'admin', 24, 1458196627807, ''),
	(541, 'admin', 5, 1458196629514, ''),
	(542, 'admin', 2, 1458196631967, ''),
	(543, 'admin', 13, 1458196634329, ''),
	(544, 'admin', 6, 1458196636972, ''),
	(545, 'admin', 9, 1458196638916, ''),
	(546, 'admin', 6, 1458196644899, ''),
	(547, 'admin', 2, 1458196646562, ''),
	(548, 'admin', 6, 1458196649713, ''),
	(549, 'admin', 2, 1458196651448, ''),
	(550, 'admin', 6, 1458196653483, ''),
	(551, 'admin', 24, 1458196659376, ''),
	(552, 'admin', 23, 1458196707325, ''),
	(553, 'admin', 27, 1458196714009, ''),
	(554, 'admin', 30, 1458196717357, 'type:2'),
	(555, 'admin', 28, 1458196874748, 'title:队列资源报表下载按钮,type:2,parentId:34,code:downloadQueueResource'),
	(556, 'admin', 23, 1458196874852, ''),
	(557, 'admin', 27, 1458196877858, ''),
	(558, 'admin', 30, 1458196881779, 'type:2'),
	(559, 'admin', 28, 1458196954323, 'title:用户认证信息报表下载按钮,type:2,parentId:35,code:downloadUserAuthentication'),
	(560, 'admin', 23, 1458196954405, ''),
	(561, 'admin', 22, 1458196973287, ''),
	(562, 'admin', 20, 1458196974977, ''),
	(563, 'admin', 21, 1458196976343, ''),
	(564, 'admin', 22, 1458196977037, ''),
	(565, 'admin', 20, 1458196979081, ''),
	(566, 'admin', 21, 1458196981157, ''),
	(567, 'admin', 20, 1458197117231, ''),
	(568, 'admin', 21, 1458197119007, ''),
	(569, 'admin', 24, 1458197121885, ''),
	(570, 'admin', 31, 1458197131510, 'id:1'),
	(571, 'admin', 22, 1458197142478, ''),
	(572, 'admin', 20, 1458197145200, ''),
	(573, 'admin', 21, 1458197147498, ''),
	(574, 'admin', 24, 1458197155245, ''),
	(575, 'admin', 31, 1458197158493, 'id:1'),
	(576, 'admin', 31, 1458197166910, 'id:1'),
	(577, 'admin', 32, 1458197182283, 'menuIds:1,16,17,18,19,21,22,25,26,27,28,23,24,29,30,31,32,2,5,45,46,47,48,49,50,51,55,6,52,53,54,7,8,9,10,11,12,13,3,14,15,4,33,34,64,35,65,roleId:1'),
	(578, 'admin', 23, 1458197186627, ''),
	(579, 'admin', 24, 1458197210524, ''),
	(580, 'admin', 31, 1458197213800, 'id:1'),
	(581, 'admin', 32, 1458197230284, 'menuIds:1,16,17,18,19,21,22,25,26,27,28,23,24,29,30,31,32,2,5,45,46,47,48,49,50,51,55,6,52,53,54,7,8,9,10,11,12,13,3,14,56,57,58,15,59,60,61,62,63,4,33,34,64,35,65,roleId:1'),
	(582, 'admin', 24, 1458197242475, ''),
	(583, 'admin', 19, 1458197246063, ''),
	(584, 'admin', 20, 1458197248469, ''),
	(585, 'admin', 21, 1458197250022, ''),
	(586, 'admin', 22, 1458197252228, ''),
	(587, 'admin', 20, 1458197256380, ''),
	(588, 'admin', 21, 1458197257999, ''),
	(589, 'admin', 12, 1458197260368, ''),
	(590, 'admin', 13, 1458197267212, ''),
	(591, 'admin', 5, 1458197295791, ''),
	(592, 'admin', 2, 1458197298463, ''),
	(593, 'admin', 6, 1458197301779, ''),
	(594, 'admin', 5, 1458197305392, ''),
	(595, 'admin', 23, 1458197308222, ''),
	(596, 'admin', 24, 1458197311746, ''),
	(597, 'admin', 25, 1458197314245, ''),
	(598, 'admin', 26, 1458197316910, ''),
	(599, 'admin', 2, 1458197321729, ''),
	(600, 'admin', 6, 1458197324962, ''),
	(601, 'admin', 2, 1458197329070, ''),
	(602, 'admin', 12, 1458197332359, ''),
	(603, 'admin', 19, 1458197335407, ''),
	(604, 'admin', 20, 1458197339229, ''),
	(605, 'admin', 21, 1458197340856, ''),
	(606, 'admin', 22, 1458197343772, ''),
	(607, 'admin', 23, 1458197856471, ''),
	(608, 'admin', 24, 1458197859861, ''),
	(609, 'admin', 5, 1458197864260, ''),
	(610, 'admin', 24, 1458197868099, ''),
	(611, 'admin', 23, 1458197997325, ''),
	(612, 'admin', 5, 1458198000181, ''),
	(613, 'admin', 25, 1458198003423, ''),
	(614, 'admin', 24, 1458198077577, ''),
	(615, 'admin', 25, 1458198079630, ''),
	(616, 'admin', 37, 1458198081879, ''),
	(617, 'admin', 37, 1458198294772, 'id:1'),
	(618, 'admin', 38, 1458198298716, 'id:1'),
	(619, 'admin', 37, 1458198301448, 'id:1'),
	(620, 'admin', 24, 1458198332087, ''),
	(621, 'admin', 24, 1458198518057, ''),
	(622, 'admin', 31, 1458198564251, 'id:1'),
	(623, 'admin', 31, 1458198599142, 'id:1'),
	(624, 'admin', 5, 1458198701132, ''),
	(625, 'admin', 23, 1458198704116, ''),
	(626, 'admin', 23, 1458207357015, ''),
	(627, 'admin', 5, 1458207366160, ''),
	(628, 'admin', 5, 1458207370906, 'page:6'),
	(629, 'admin', 5, 1458207375514, 'page:4'),
	(630, 'admin', 5, 1458207383942, 'page:7'),
	(631, 'admin', 5, 1458207392660, 'page:6'),
	(632, 'admin', 5, 1458207396322, 'page:4'),
	(633, 'admin', 23, 1458207409643, ''),
	(634, 'admin', 24, 1458207412902, ''),
	(635, 'admin', 25, 1458207415960, ''),
	(636, 'admin', 26, 1458207419945, ''),
	(637, 'admin', 25, 1458207422805, ''),
	(638, 'admin', 26, 1458207425014, ''),
	(639, 'admin', 25, 1458207429448, ''),
	(640, 'admin', 5, 1458207474337, ''),
	(641, 'admin', 1, 1458208028401, ''),
	(642, 'admin', 5, 1458208033053, ''),
	(643, 'admin', 5, 1458208039001, 'page:3');
/*!40000 ALTER TABLE `system_web_log` ENABLE KEYS */;


-- 导出  表 hadoopadmin_mybaties.system_web_operations 结构
CREATE TABLE IF NOT EXISTS `system_web_operations` (
  `id` int(11) NOT NULL AUTO_INCREMENT,
  `url` varchar(255) NOT NULL,
  `operationName` varchar(255) DEFAULT NULL,
  PRIMARY KEY (`id`)
) ENGINE=InnoDB AUTO_INCREMENT=39 DEFAULT CHARSET=utf8;

-- 正在导出表  hadoopadmin_mybaties.system_web_operations 的数据：~38 rows (大约)
/*!40000 ALTER TABLE `system_web_operations` DISABLE KEYS */;
INSERT INTO `system_web_operations` (`id`, `url`, `operationName`) VALUES
	(1, '/main/home_page.do', NULL),
	(2, '/cluster/user/query_clusterUser_list.do', NULL),
	(3, '/cluster/user/add_update_see_clusterUser_wss.do', NULL),
	(4, '/cluster/user/save_clusterUser.do', NULL),
	(5, '/system/company/system_company.do', NULL),
	(6, '/cluster/clusterMachine/clusterMachine_list.do', NULL),
	(7, '/cluster/clusterMachine/add_clusterMachine_pop.do', NULL),
	(8, '/cluster/clusterMachine/edit_clusterMachine_pop.do', NULL),
	(9, '/cluster/parameter/parameter_list.do', NULL),
	(10, '/cluster/clusterMachine/delete_clusterMachine.do', NULL),
	(11, '/cluster/user/delete_clusterUser.do', NULL),
	(12, '/meta/hive/hive_metadata_management.do', NULL),
	(13, '/meta/hdfs/hdfs_metadata_management.do', NULL),
	(14, '/meta/hdfs/config_hadoopUser_wss.do', NULL),
	(15, '/meta/hdfs/query_otheruser_pop.do', NULL),
	(16, '/meta/hdfs/query_groupuser_pop.do', NULL),
	(17, '/meta/hdfs/select_hpUv.do', NULL),
	(18, '/cluster/parameter/parameter_child_pop.do', NULL),
	(19, '/report/userFormReport/user_report_form.do', NULL),
	(20, '/report/queue/queue_list.do', NULL),
	(21, '/report/queue/find_queue.do', NULL),
	(22, '/report/userApprove/userApprove_list.do', NULL),
	(23, '/system/menu/menu_manage.do', NULL),
	(24, '/system/role/role_manage.do', NULL),
	(25, '/system/user/user_manage.do', NULL),
	(26, '/system/log/view_daily.do', NULL),
	(27, '/system/menu/edit_menu_pop.do', NULL),
	(28, '/system/menu/save_menu.do', NULL),
	(29, '/system/menu/delete_menu.do', NULL),
	(30, '/system/menu/select_menu.do', NULL),
	(31, '/system/role/authority_role_pop.do', NULL),
	(32, '/system/role/save_roleMenu.do', NULL),
	(33, '/meta/hive/edit_hive_pop.do', NULL),
	(34, '/meta/hive/config_hive_pop.do', NULL),
	(35, '/meta/hive/query_hive_groupuser_pop.do', NULL),
	(36, '/meta/hive/query_hive_otheruser_pop.do', NULL),
	(37, '/system/user/edit_user_pop.do', NULL),
	(38, '/system/user/reset_password_pop.do', NULL);
/*!40000 ALTER TABLE `system_web_operations` ENABLE KEYS */;
/*!40101 SET SQL_MODE=IFNULL(@OLD_SQL_MODE, '') */;
/*!40014 SET FOREIGN_KEY_CHECKS=IF(@OLD_FOREIGN_KEY_CHECKS IS NULL, 1, @OLD_FOREIGN_KEY_CHECKS) */;
/*!40101 SET CHARACTER_SET_CLIENT=@OLD_CHARACTER_SET_CLIENT */;
